data -0.001717 0.002480 -0.001335 0.000572 -0.001335 0.000954
data -0.001717 0.002480 -0.001335 0.000572 -0.001335 0.000954
data -0.001717 0.002480 -0.001335 0.000572 -0.001335 0.000954
data -0.001717 0.002480 -0.001335 0.000572 -0.001335 0.000954
data -0.001717 0.002480 -0.001335 0.000572 -0.001335 0.000954
data -0.001717 0.002480 -0.001335 0.000572 -0.001335 0.000954
data -0.001717 0.002480 -0.001335 0.000572 -0.001335 0.000954
data -0.001717 0.002480 -0.001335 0.000572 -0.001335 0.000954
data -0.001717 0.002480 -0.001335 0.000572 -0.001335 0.000954
data -0.001717 0.002861 -0.001335 0.000572 -0.001335 0.000954
data -0.001717 0.003242 -0.001335 0.000572 -0.001335 0.000954
data -0.001717 0.003242 -0.001335 0.000572 -0.001717 0.000954
data -0.001717 0.003624 -0.001335 0.000572 -0.001717 0.000954
data -0.001717 0.003624 -0.001335 0.000191 -0.001717 0.000954
data -0.001717 0.004005 -0.001335 0.000191 -0.001717 0.000954
data -0.001717 0.004005 -0.001335 0.000572 -0.001717 0.000954
data -0.001717 0.004005 -0.001335 0.000572 -0.001717 0.000954
data -0.001717 0.004387 -0.001335 0.000572 -0.001717 0.000954
data -0.001717 0.004387 -0.001335 0.000572 -0.001717 0.000954
data -0.001717 0.004387 -0.001335 0.000572 -0.001717 0.000954
data -0.001717 0.004387 -0.001335 0.000572 -0.001717 0.000954
data -0.001717 0.004387 -0.001335 0.000572 -0.001717 0.000954
data -0.001717 0.004387 -0.001335 0.000572 -0.001717 0.000954
data -0.001717 0.004387 -0.001335 0.000572 -0.001717 0.000954
data -0.001717 0.004387 -0.001335 0.000191 -0.001717 0.000954
data -0.001717 0.004387 -0.001335 0.000572 -0.001717 0.000954
data -0.001717 0.004387 -0.001335 0.000572 -0.001717 0.000954
data -0.001717 0.004387 -0.001335 0.000572 -0.001717 0.000572
data -0.001717 0.004387 -0.001335 0.000572 -0.001335 0.000954
data -0.001717 0.004768 -0.001335 0.000572 -0.001335 0.000954
data -0.001717 0.004768 -0.001335 0.000572 -0.001335 0.000954
data -0.001717 0.004768 -0.001335 0.000572 -0.001335 0.000954
data -0.001717 0.004768 -0.001335 0.000572 -0.001335 0.000954
data -0.001717 0.004768 -0.001335 0.000572 -0.001717 0.000572
data -0.001717 0.004768 -0.001335 0.000572 -0.001717 0.000572
data -0.001717 0.005150 -0.001335 0.000572 -0.001335 0.000954
data -0.001717 0.005150 -0.001335 0.000572 -0.001335 0.000954
data -0.001717 0.005150 -0.001335 0.000572 -0.001335 0.000954
data -0.001717 0.005150 -0.001335 0.000572 -0.001717 0.000954
data -0.001717 0.005150 -0.001335 0.000572 -0.001717 0.000954
data -0.001717 0.005531 -0.001335 0.000572 -0.001717 0.000954
data -0.001717 0.005531 -0.001335 0.000572 -0.001717 0.000954
data -0.001717 0.005531 -0.001335 0.000572 -0.001717 0.000954
data -0.001717 0.005531 -0.001335 0.000572 -0.001717 0.000954
data -0.001717 0.005531 -0.001335 0.000572 -0.001717 0.000954
data -0.001717 0.005531 -0.001335 0.000572 -0.001717 0.000954
data -0.001717 0.005531 -0.001335 0.000572 -0.001717 0.000954
data -0.001717 0.005913 -0.001335 0.000572 -0.001717 0.000954
data -0.001717 0.005913 -0.001335 0.000572 -0.001717 0.000954
data -0.001717 0.005913 -0.001335 0.000572 -0.001717 0.000954
data -0.001717 0.006294 -0.001335 0.000572 -0.001717 0.000954
data -0.001717 0.006294 -0.001335 0.000572 -0.001717 0.000954
data -0.001717 0.006676 -0.001335 0.000572 -0.001717 0.000954
data -0.001717 0.006676 -0.001335 0.000572 -0.001717 0.000954
data -0.001717 0.006676 -0.001335 0.000572 -0.001717 0.000954
data -0.001717 0.006676 -0.001335 0.000572 -0.001717 0.000572
data -0.001717 0.007057 -0.001335 0.000572 -0.001717 0.000954
data -0.001717 0.007057 -0.001335 0.000572 -0.001717 0.000572
data -0.001717 0.007057 -0.001335 0.000572 -0.001717 0.000954
data -0.001717 0.007057 -0.001335 0.000572 -0.001717 0.000954
data -0.001717 0.007439 -0.001335 0.000572 -0.001717 0.000572
data -0.001717 0.007439 -0.001335 0.000572 -0.001717 0.000572
data -0.001717 0.007439 -0.001335 0.000572 -0.001717 0.000572
data -0.001717 0.007439 -0.001335 0.000572 -0.001717 0.000954
data -0.001717 0.007820 -0.001335 0.000572 -0.001717 0.000954
data -0.001717 0.007820 -0.001335 0.000572 -0.001717 0.000954
data -0.001717 0.007820 -0.001335 0.000572 -0.001717 0.000572
data -0.001717 0.007820 -0.001335 0.000572 -0.001717 0.000572
data -0.001717 0.008202 -0.001335 0.000572 -0.001717 0.000954
data -0.001717 0.008583 -0.001335 0.000572 -0.001717 0.000954
data -0.001717 0.008583 -0.001335 0.000572 -0.001717 0.000954
data -0.001717 0.008583 -0.001335 0.000572 -0.001717 0.000954
data -0.001717 0.008965 -0.001335 0.000572 -0.001717 0.000572
data -0.001717 0.008965 -0.001335 0.000572 -0.001717 0.000572
data -0.001717 0.009346 -0.001335 0.000572 -0.001717 0.000572
data -0.001717 0.009346 -0.001335 0.000572 -0.001717 0.000572
data -0.001717 0.009727 -0.001335 0.000572 -0.001717 0.000954
data -0.001717 0.009727 -0.001335 0.000572 -0.001717 0.000954
data -0.001717 0.009727 -0.001335 0.000572 -0.001717 0.000954
data -0.001717 0.009727 -0.001335 0.000572 -0.001717 0.000572
data -0.001717 0.010109 -0.001335 0.000572 -0.001717 0.000572
data -0.001717 0.010109 -0.001335 0.000572 -0.001717 0.000954
data -0.001717 0.010109 -0.001335 0.000572 -0.001717 0.000954
data -0.001717 0.010109 -0.001335 0.000572 -0.001717 0.000954
data -0.001717 0.010109 -0.001335 0.000572 -0.001717 0.000954
data -0.001717 0.010490 -0.001335 0.000572 -0.001717 0.000954
data -0.001717 0.010490 -0.001335 0.000572 -0.001717 0.000954
data -0.001717 0.010872 -0.001335 0.000572 -0.001717 0.000954
data -0.001717 0.010872 -0.001335 0.000572 -0.001717 0.000954
data -0.001717 0.011253 -0.001335 0.000572 -0.001717 0.000954
data -0.001717 0.011253 -0.001335 0.000572 -0.001717 0.000572
data -0.001717 0.011253 -0.001335 0.000572 -0.001717 0.000954
data -0.001717 0.011253 -0.001335 0.000572 -0.001717 0.000954
data -0.001717 0.011253 -0.001335 0.000572 -0.001717 0.000954
data -0.001717 0.012016 -0.001335 0.000572 -0.001717 0.000954
data -0.001717 0.012016 -0.001335 0.000572 -0.001717 0.000954
data -0.001717 0.012016 -0.001335 0.000572 -0.001717 0.000954
data -0.001717 0.012016 -0.001335 0.000572 -0.001717 0.000572
data -0.001717 0.012398 -0.001335 0.000572 -0.001717 0.000572
data -0.001717 0.012398 -0.001335 0.000572 -0.001717 0.000954
data -0.001717 0.012779 -0.001335 0.000572 -0.001717 0.000954
data -0.001717 0.012779 -0.001335 0.000572 -0.001717 0.000954
data -0.001717 0.013161 -0.001335 0.000572 -0.001717 0.000954
data -0.001717 0.013161 -0.001335 0.000572 -0.001717 0.000954
data -0.001717 0.013542 -0.001335 0.000572 -0.001717 0.000954
data -0.001717 0.013542 -0.001335 0.000572 -0.001717 0.000954
data -0.001717 0.013924 -0.001335 0.000572 -0.001717 0.000954
data -0.001717 0.013924 -0.001335 0.000572 -0.001717 0.000954
data -0.001717 0.014305 -0.001335 0.000572 -0.001717 0.000954
data -0.001717 0.014305 -0.001335 0.000572 -0.001717 0.000572
data -0.001717 0.014687 -0.001335 0.000572 -0.001717 0.000954
data -0.001717 0.014687 -0.001335 0.000572 -0.001717 0.000954
data -0.001717 0.015068 -0.001335 0.000572 -0.001717 0.000954
data -0.001717 0.015068 -0.001335 0.000572 -0.001717 0.000954
data -0.001717 0.015450 -0.001335 0.000572 -0.001717 0.000954
data -0.001717 0.015450 -0.001335 0.000572 -0.001717 0.000954
data -0.001717 0.015831 -0.001335 0.000572 -0.001717 0.000954
data -0.001717 0.016212 -0.001335 0.000572 -0.001717 0.000954
data -0.001717 0.016212 -0.001335 0.000572 -0.001717 0.000954
data -0.001717 0.016594 -0.001335 0.000572 -0.001717 0.000572
data -0.001717 0.016594 -0.001335 0.000572 -0.001717 0.000954
data -0.001717 0.016594 -0.001335 0.000572 -0.001717 0.000954
data -0.001717 0.016975 -0.001335 0.000572 -0.001717 0.000954
data -0.001717 0.016975 -0.001335 0.000572 -0.001717 0.000954
data -0.001717 0.017357 -0.001335 0.000572 -0.001717 0.000954
data -0.001717 0.017357 -0.001335 0.000572 -0.001717 0.000954
data -0.001717 0.017738 -0.001335 0.000572 -0.001717 0.000954
data -0.001717 0.017738 -0.001335 0.000572 -0.001717 0.000954
data -0.001717 0.018120 -0.001335 0.000572 -0.001717 0.000954
data -0.001717 0.018120 -0.001335 0.000572 -0.001717 0.000954
data -0.001717 0.018120 -0.001335 0.000572 -0.001717 0.000954
data -0.001717 0.018501 -0.001335 0.000572 -0.001717 0.000954
data -0.001717 0.018501 -0.001335 0.000572 -0.001717 0.000954
data -0.001717 0.018883 -0.001335 0.000572 -0.001717 0.000954
data -0.001717 0.018883 -0.001335 0.000572 -0.001717 0.000954
data -0.001717 0.019264 -0.001335 0.000572 -0.001717 0.000954
data -0.001717 0.019264 -0.001335 0.000572 -0.001717 0.000954
data -0.001717 0.019646 -0.001335 0.000572 -0.001717 0.000954
data -0.001717 0.019646 -0.001335 0.000572 -0.001717 0.000954
data -0.001717 0.020027 -0.001335 0.000572 -0.001717 0.000954
data -0.001717 0.020409 -0.001335 0.000572 -0.001717 0.000954
data -0.001717 0.020409 -0.001335 0.000572 -0.001717 0.000954
data -0.001717 0.020790 -0.001335 0.000572 -0.001717 0.000954
data -0.001717 0.020790 -0.001335 0.000572 -0.001717 0.000954
data -0.001717 0.020790 -0.001335 0.000572 -0.001717 0.000954
data -0.001717 0.021172 -0.001335 0.000572 -0.001717 0.000954
data -0.001717 0.021172 -0.001335 0.000572 -0.001717 0.000954
data -0.001717 0.021935 -0.001335 0.000572 -0.001717 0.000954
data -0.001717 0.022316 -0.001335 0.000572 -0.001717 0.000954
data -0.001717 0.022316 -0.001335 0.000572 -0.001717 0.000954
data -0.001717 0.022697 -0.001335 0.000572 -0.001717 0.000954
data -0.001717 0.022697 -0.001335 0.000572 -0.001717 0.000954
data -0.001717 0.023079 -0.001335 0.000572 -0.001717 0.000954
data -0.001717 0.023079 -0.001335 0.000572 -0.001717 0.000954
data -0.001717 0.023460 -0.001335 0.000572 -0.001717 0.000954
data -0.001717 0.023842 -0.001335 0.000572 -0.001717 0.000954
data -0.001717 0.023842 -0.001335 0.000572 -0.001717 0.000954
data -0.001717 0.024223 -0.001335 0.000572 -0.001717 0.000572
data -0.001717 0.024223 -0.001335 0.000572 -0.001717 0.000954
data -0.001717 0.024223 -0.001335 0.000572 -0.001717 0.000954
data -0.001717 0.024986 -0.001335 0.000572 -0.001717 0.000954
data -0.001717 0.024986 -0.001335 0.000572 -0.001717 0.000954
data -0.001717 0.025368 -0.001335 0.000572 -0.001717 0.000954
data -0.001717 0.025368 -0.001335 0.000572 -0.001717 0.000954
data -0.001717 0.025749 -0.001335 0.000572 -0.001717 0.000572
data -0.001717 0.025749 -0.001335 0.000572 -0.001717 0.000572
data -0.001717 0.026131 -0.001335 0.000572 -0.001717 0.000954
data -0.001717 0.026512 -0.001335 0.000572 -0.001717 0.000954
data -0.001717 0.026512 -0.001335 0.000572 -0.001717 0.000954
data -0.001717 0.026894 -0.001335 0.000572 -0.001717 0.000954
data -0.001717 0.027275 -0.001335 0.000572 -0.001717 0.000954
data -0.001717 0.027657 -0.001335 0.000572 -0.001717 0.000572
data -0.001717 0.027657 -0.001335 0.000572 -0.001717 0.000954
data -0.001717 0.027657 -0.001335 0.000572 -0.001717 0.000954
data -0.001717 0.028801 -0.001335 0.000572 -0.001717 0.000954
data -0.001717 0.028801 -0.001335 0.000572 -0.001717 0.000954
data -0.001717 0.029182 -0.001335 0.000572 -0.001717 0.000954
data -0.001717 0.029182 -0.001335 0.000572 -0.001717 0.000572
data -0.001717 0.029564 -0.001335 0.000572 -0.001717 0.000572
data -0.001717 0.029945 -0.001335 0.000572 -0.001717 0.000572
data -0.001717 0.029945 -0.001335 0.000572 -0.001717 0.000954
data -0.001717 0.030327 -0.001335 0.000572 -0.001717 0.000954
data -0.001717 0.030327 -0.001335 0.000572 -0.001717 0.000954
data -0.001717 0.030708 -0.001335 0.000572 -0.001717 0.000954
data -0.001717 0.031090 -0.001335 0.000572 -0.001717 0.000572
data -0.001717 0.031090 -0.001335 0.000572 -0.001717 0.000572
data -0.001717 0.031472 -0.001335 0.000572 -0.001717 0.000954
data -0.001717 0.031472 -0.001335 0.000572 -0.001717 0.000954
data -0.001717 0.031854 -0.001335 0.000572 -0.001717 0.000954
data -0.001717 0.032235 -0.001335 0.000572 -0.001717 0.000954
data -0.001717 0.032235 -0.001335 0.000572 -0.001717 0.000954
data -0.001717 0.032235 -0.001335 0.000572 -0.001717 0.000954
data -0.001717 0.032617 -0.001335 0.000572 -0.001717 0.000954
data -0.001717 0.032617 -0.001335 0.000572 -0.001717 0.000954
data -0.001717 0.032998 -0.001335 0.000572 -0.001717 0.000954
data -0.001717 0.033380 -0.001335 0.000572 -0.001717 0.000954
data -0.001717 0.033761 -0.001335 0.000572 -0.001717 0.000954
data -0.001717 0.033761 -0.001335 0.000572 -0.001717 0.000954
data -0.001717 0.033761 -0.001335 0.000572 -0.001717 0.000954
data -0.001717 0.033761 -0.001335 0.000572 -0.001717 0.000954
data -0.001717 0.034524 -0.001335 0.000572 -0.001717 0.000954
data -0.001717 0.034905 -0.001335 0.000572 -0.001717 0.000572
data -0.001717 0.035287 -0.001335 0.000572 -0.001717 0.000954
data -0.001717 0.035668 -0.001335 0.000572 -0.001717 0.000954
data -0.001717 0.035668 -0.001335 0.000572 -0.001717 0.000954
data -0.001717 0.036050 -0.001335 0.000572 -0.001717 0.000572
data -0.001717 0.036050 -0.001335 0.000572 -0.001717 0.000572
data -0.001717 0.036813 -0.001335 0.000572 -0.001717 0.000954
data -0.001717 0.036813 -0.001335 0.000572 -0.001717 0.000954
data -0.001717 0.037576 -0.001335 0.000572 -0.001717 0.000954
data -0.001717 0.037576 -0.001335 0.000572 -0.001717 0.000954
data -0.001717 0.037576 -0.001335 0.000572 -0.001717 0.000954
data -0.001717 0.037576 -0.001335 0.000572 -0.001717 0.000954
data -0.001717 0.038339 -0.001335 0.000572 -0.001717 0.000954
data -0.001717 0.038720 -0.001335 0.000572 -0.001717 0.000954
data -0.001717 0.039102 -0.001335 0.000572 -0.001717 0.000572
data -0.001717 0.039102 -0.001335 0.000572 -0.001717 0.000572
data -0.001717 0.039102 -0.001335 0.000572 -0.001717 0.000954
data -0.001717 0.039102 -0.001335 0.000572 -0.001717 0.000954
data -0.001717 0.039865 -0.001335 0.000572 -0.001717 0.000954
data -0.001717 0.039865 -0.001335 0.000572 -0.001717 0.000954
data -0.001717 0.040627 -0.001335 0.000572 -0.001717 0.000954
data -0.002098 0.041009 -0.001335 0.000572 -0.001717 0.000954
data -0.001717 0.041009 -0.001335 0.000572 -0.001717 0.000954
data -0.001717 0.041390 -0.001335 0.000572 -0.001717 0.000954
data -0.001717 0.041772 -0.001335 0.000572 -0.001717 0.000954
data -0.001717 0.042153 -0.001335 0.000572 -0.001717 0.000954
data -0.001717 0.042535 -0.001335 0.000572 -0.001717 0.000954
data -0.001717 0.042535 -0.001335 0.000572 -0.001717 0.000954
data -0.001717 0.042916 -0.001335 0.000572 -0.001717 0.000954
data -0.001717 0.043298 -0.001335 0.000572 -0.001717 0.000954
data -0.001717 0.043679 -0.001335 0.000572 -0.001717 0.000572
data -0.001717 0.043679 -0.001335 0.000572 -0.001717 0.000572
data -0.001717 0.043679 -0.001335 0.000572 -0.001717 0.000954
data -0.001717 0.044061 -0.001335 0.000572 -0.001717 0.000954
data -0.001717 0.044442 -0.001335 0.000572 -0.001717 0.000954
data -0.001717 0.044442 -0.001335 0.000572 -0.001717 0.000954
data -0.001717 0.044442 -0.001335 0.000572 -0.001717 0.000954
data -0.001717 0.045205 -0.001335 0.000572 -0.001717 0.000954
data -0.001717 0.045205 -0.001335 0.000572 -0.001717 0.000954
data -0.001717 0.045968 -0.001335 0.000572 -0.001717 0.000954
data -0.001717 0.045968 -0.001335 0.000572 -0.001717 0.000954
data -0.001717 0.045968 -0.001335 0.000572 -0.001717 0.000954
data -0.001717 0.045968 -0.001335 0.000572 -0.001717 0.000954
data -0.001717 0.046731 -0.001335 0.000572 -0.001717 0.000954
data -0.001717 0.047112 -0.001717 0.000572 -0.001717 0.000572
data -0.001717 0.047494 -0.001717 0.000572 -0.001717 0.000572
data -0.001717 0.047494 -0.001717 0.000572 -0.001717 0.000954
data -0.001717 0.047875 -0.001717 0.000572 -0.001717 0.000954
data -0.001717 0.048257 -0.001717 0.000572 -0.001717 0.000572
data -0.001717 0.048638 -0.001717 0.000572 -0.001717 0.000954
data -0.001717 0.048638 -0.001717 0.000572 -0.001717 0.000954
data -0.001717 0.049020 -0.001717 0.000572 -0.001717 0.000954
data -0.001717 0.049401 -0.001717 0.000572 -0.002098 0.000954
data -0.001717 0.049783 -0.001717 0.000572 -0.002098 0.000954
data -0.001717 0.050164 -0.001717 0.000572 -0.001717 0.000954
data -0.001717 0.050164 -0.001717 0.000572 -0.001717 0.000954
data -0.001717 0.050164 -0.001717 0.000572 -0.001717 0.000954
data -0.001717 0.050546 -0.001717 0.000572 -0.001717 0.000954
data -0.001717 0.050546 -0.001717 0.000572 -0.001717 0.000954
data -0.001717 0.051309 -0.001717 0.000572 -0.002098 0.000954
data -0.001717 0.051690 -0.001717 0.000572 -0.002098 0.000954
data -0.001717 0.051690 -0.001717 0.000572 -0.001717 0.000572
data -0.001717 0.052072 -0.001717 0.000572 -0.001717 0.000954
data -0.001717 0.052072 -0.001717 0.000572 -0.001717 0.000954
data -0.001717 0.052453 -0.001717 0.000572 -0.002098 0.000954
data -0.001717 0.052453 -0.001717 0.000572 -0.002098 0.000954
data -0.001717 0.052835 -0.001717 0.000572 -0.002098 0.000954
data -0.001717 0.053216 -0.001717 0.000572 -0.001717 0.000954
data -0.001717 0.053597 -0.001717 0.000572 -0.002098 0.000954
data -0.001717 0.053979 -0.001717 0.000572 -0.002098 0.000954
data -0.001717 0.053979 -0.001717 0.000572 -0.002098 0.000572
data -0.001717 0.054360 -0.001717 0.000572 -0.002098 0.000954
data -0.001717 0.054360 -0.001717 0.000572 -0.002098 0.000954
data -0.001717 0.054360 -0.001717 0.000572 -0.002098 0.000954
data -0.001717 0.054360 -0.001717 0.000572 -0.002098 0.000954
data -0.001717 0.055505 -0.001717 0.000572 -0.001717 0.000954
data -0.001717 0.055886 -0.001717 0.000572 -0.002098 0.000954
data -0.001717 0.056268 -0.001717 0.000572 -0.002098 0.000954
data -0.001717 0.056649 -0.001717 0.000572 -0.001717 0.000954
data -0.001717 0.057031 -0.001717 0.000572 -0.002098 0.000954
data -0.001717 0.057412 -0.001717 0.000572 -0.002098 0.000954
data -0.001717 0.057412 -0.001717 0.000572 -0.002098 0.000954
data -0.001717 0.057794 -0.001717 0.000572 -0.002098 0.000954
data -0.001717 0.058175 -0.002098 0.000572 -0.002098 0.000954
data -0.001717 0.058175 -0.002098 0.000572 -0.002098 0.000954
data -0.001717 0.058175 -0.002098 0.000572 -0.002098 0.000572
data -0.001717 0.058557 -0.002098 0.000572 -0.001717 0.000954
data -0.001717 0.058938 -0.002480 0.000572 -0.002098 0.000954
data -0.001717 0.058938 -0.002480 0.000572 -0.002098 0.000954
data -0.001717 0.058938 -0.002480 0.000572 -0.002098 0.000954
data -0.001717 0.059701 -0.002480 0.000572 -0.001717 0.000954
data -0.001717 0.059701 -0.002480 0.000572 -0.001717 0.000954
data -0.001717 0.060082 -0.002480 0.000954 -0.001717 0.000954
data -0.001717 0.060464 -0.002480 0.000572 -0.002098 0.000954
data -0.001717 0.060845 -0.002480 0.000572 -0.002098 0.000954
data -0.001717 0.060845 -0.002480 0.000954 -0.002098 0.000954
data -0.001717 0.061227 -0.002480 0.000954 -0.002098 0.000954
data -0.001717 0.061990 -0.002861 0.000572 -0.002098 0.000954
data -0.001717 0.061990 -0.002861 0.000572 -0.002098 0.000954
data -0.001717 0.061990 -0.002861 0.000572 -0.002098 0.000954
data -0.001717 0.062753 -0.002861 0.000572 -0.001717 0.000954
data -0.001717 0.062753 -0.002861 0.000572 -0.001717 0.000954
data -0.001717 0.063134 -0.002861 0.000954 -0.002098 0.000954
data -0.001717 0.063516 -0.002861 0.000572 -0.002098 0.000572
data -0.001717 0.063897 -0.002861 0.000572 -0.002098 0.000572
data -0.001717 0.063897 -0.002861 0.000572 -0.002098 0.000954
data -0.001717 0.064279 -0.003242 0.000572 -0.002098 0.000954
data -0.001717 0.064660 -0.003242 0.000572 -0.001717 0.000954
data -0.001717 0.064660 -0.003242 0.000572 -0.002098 0.000954
data -0.001717 0.065042 -0.003242 0.000572 -0.002098 0.000954
data -0.001717 0.065423 -0.003242 0.000572 -0.001717 0.000954
data -0.001717 0.065423 -0.003242 0.000954 -0.002098 0.000954
data -0.001717 0.065423 -0.003242 0.000954 -0.002098 0.000954
data -0.001717 0.066186 -0.003624 0.000572 -0.002098 0.000954
data -0.001717 0.066186 -0.003624 0.000572 -0.002098 0.000954
data -0.001717 0.066567 -0.003624 0.000572 -0.002098 0.000954
data -0.001717 0.066949 -0.003624 0.000572 -0.002098 0.000954
data -0.001717 0.066949 -0.004005 0.000572 -0.001717 0.000954
data -0.002098 0.067330 -0.004005 0.000572 -0.002098 0.000954
data -0.001717 0.068093 -0.004387 0.000572 -0.002098 0.000954
data -0.001717 0.068093 -0.004387 0.000572 -0.002098 0.000954
data -0.001717 0.068093 -0.004387 0.000572 -0.002098 0.000954
data -0.001717 0.068856 -0.004387 0.000572 -0.002098 0.000954
data -0.001717 0.068856 -0.004768 0.000572 -0.002098 0.000954
data -0.001717 0.069238 -0.004768 0.000572 -0.002098 0.000954
data -0.001717 0.069619 -0.005150 0.000572 -0.002098 0.000954
data -0.001717 0.069619 -0.005150 0.000572 -0.002098 0.000954
data -0.001717 0.070001 -0.005531 0.000572 -0.002098 0.000954
data -0.001717 0.070382 -0.005531 0.000572 -0.002098 0.000954
data -0.001717 0.070764 -0.005913 0.000572 -0.002098 0.000954
data -0.001717 0.070764 -0.005913 0.000572 -0.002098 0.000954
data -0.001717 0.071145 -0.005913 0.000572 -0.002098 0.000954
data -0.001717 0.071145 -0.006294 0.000572 -0.002098 0.000954
data -0.001717 0.071145 -0.006294 0.000572 -0.002098 0.000954
data -0.001717 0.071527 -0.006676 0.000572 -0.002098 0.000954
data -0.001717 0.071527 -0.006676 0.000572 -0.002098 0.000954
data -0.001717 0.071527 -0.006676 0.000572 -0.002098 0.000954
data -0.002098 0.072289 -0.007439 0.000954 -0.002098 0.000954
data -0.001717 0.072671 -0.007439 0.000572 -0.002098 0.000954
data -0.001717 0.072671 -0.007439 0.000572 -0.002098 0.000954
data -0.001717 0.073052 -0.007820 0.000572 -0.002098 0.000954
data -0.001717 0.073052 -0.007820 0.000572 -0.002098 0.000954
data -0.001717 0.073434 -0.008202 0.000954 -0.002098 0.000954
data -0.001717 0.073434 -0.008202 0.000954 -0.002098 0.000954
data -0.001717 0.074197 -0.008583 0.000954 -0.002098 0.000954
data -0.001717 0.074578 -0.008583 0.000954 -0.002098 0.000954
data -0.001717 0.074960 -0.008583 0.000954 -0.002098 0.000954
data -0.001717 0.075341 -0.008965 0.000954 -0.002098 0.000572
data -0.001717 0.075723 -0.008965 0.000954 -0.002098 0.000954
data -0.001717 0.076104 -0.008965 0.000572 -0.002098 0.000954
data -0.001717 0.076104 -0.008965 0.000572 -0.002098 0.000954
data -0.001717 0.076486 -0.008965 0.000572 -0.002098 0.000954
data -0.001717 0.077249 -0.009346 0.000954 -0.002098 0.000954
data -0.001717 0.077249 -0.009346 0.000954 -0.002098 0.000954
data -0.001717 0.077630 -0.009346 0.000954 -0.002098 0.000572
data -0.001717 0.078012 -0.009727 0.000572 -0.002098 0.000954
data -0.001717 0.078393 -0.009727 0.000954 -0.002098 0.000954
data -0.001717 0.078393 -0.009727 0.000954 -0.002098 0.000954
data -0.001717 0.078774 -0.010109 0.000572 -0.002098 0.000954
data -0.001717 0.078774 -0.010109 0.000572 -0.002098 0.000954
data -0.001717 0.079156 -0.010109 0.000572 -0.002098 0.000954
data -0.001717 0.079537 -0.010490 0.000954 -0.002098 0.000954
data -0.001717 0.079919 -0.010490 0.000572 -0.002098 0.000954
data -0.001717 0.080300 -0.010490 0.000572 -0.002098 0.000572
data -0.001717 0.080300 -0.010490 0.000572 -0.002098 0.000954
data -0.001717 0.080682 -0.010872 0.000572 -0.002098 0.000954
data -0.001717 0.080682 -0.010872 0.000572 -0.002098 0.000954
data -0.001717 0.080682 -0.010872 0.000572 -0.002098 0.000954
data -0.001717 0.081445 -0.010872 0.000572 -0.002098 0.000954
data -0.001717 0.082208 -0.011635 0.000572 -0.002098 0.000954
data -0.001717 0.082589 -0.012016 0.000572 -0.002098 0.000954
data -0.001717 0.082971 -0.012016 0.000572 -0.002098 0.000954
data -0.001717 0.082971 -0.012016 0.000572 -0.002098 0.000954
data -0.001717 0.083352 -0.012398 0.000572 -0.002098 0.000954
data -0.001717 0.083352 -0.012398 0.000572 -0.002098 0.000954
data -0.001717 0.083352 -0.012398 0.000572 -0.002098 0.000954
data -0.001717 0.084115 -0.013161 0.000572 -0.002098 0.000954
data -0.001717 0.084115 -0.013161 0.000572 -0.002098 0.000954
data -0.001717 0.084496 -0.013542 0.000572 -0.002098 0.000954
data -0.001717 0.084878 -0.013924 0.000954 -0.002098 0.000954
data -0.001717 0.084878 -0.013924 0.000954 -0.002098 0.000954
data -0.001717 0.085259 -0.014305 0.000572 -0.002098 0.000572
data -0.001717 0.085259 -0.014305 0.000572 -0.002098 0.000572
data -0.001717 0.085259 -0.014305 0.000572 -0.002098 0.000572
data -0.001717 0.086022 -0.014687 0.000954 -0.002098 0.000572
data -0.001717 0.086404 -0.015068 0.000572 -0.002098 0.000954
data -0.001717 0.086785 -0.015068 0.000954 -0.002098 0.000954
data -0.001717 0.087167 -0.015068 0.000954 -0.002098 0.000954
data -0.001717 0.087548 -0.015450 0.000954 -0.002098 0.000572
data -0.001717 0.087548 -0.015450 0.000954 -0.002098 0.000572
data -0.001717 0.088311 -0.015831 0.000954 -0.002098 0.000954
data -0.001717 0.088693 -0.015831 0.000954 -0.002098 0.000954
data -0.002098 0.089074 -0.015831 0.000954 -0.002098 0.000954
data -0.001717 0.089456 -0.016212 0.000954 -0.002098 0.000954
data -0.001717 0.089837 -0.016212 0.000954 -0.002098 0.000954
data -0.001717 0.090219 -0.016212 0.000954 -0.002098 0.000954
data -0.001717 0.090219 -0.016212 0.000954 -0.002098 0.000954
data -0.001717 0.090219 -0.016212 0.000954 -0.002098 0.000954
data -0.001717 0.090219 -0.016212 0.000954 -0.002098 0.000954
data -0.001717 0.091744 -0.016975 0.000954 -0.002098 0.000572
data -0.001717 0.092126 -0.016975 0.000954 -0.002098 0.000954
data -0.001717 0.092507 -0.017357 0.000954 -0.002098 0.000954
data -0.001717 0.092507 -0.017357 0.000954 -0.002098 0.000954
data -0.001717 0.092889 -0.017357 0.000954 -0.002098 0.000572
data -0.001717 0.093270 -0.017738 0.000954 -0.002098 0.000954
data -0.001717 0.093270 -0.017738 0.000954 -0.002098 0.000954
data -0.001717 0.094034 -0.018120 0.000954 -0.002098 0.000954
data -0.001717 0.094034 -0.018120 0.000954 -0.002098 0.000954
data -0.001717 0.094034 -0.018120 0.000954 -0.002098 0.000954
data -0.001717 0.094034 -0.018120 0.000954 -0.002098 0.000954
data -0.001717 0.095560 -0.018883 0.000572 -0.002098 0.000572
data -0.001717 0.095942 -0.018883 0.000954 -0.002098 0.000572
data -0.001717 0.095942 -0.018883 0.000954 -0.002098 0.000954
data -0.001717 0.095942 -0.018883 0.000954 -0.002098 0.000954
data -0.001717 0.097086 -0.019646 0.000572 -0.002098 0.000954
data -0.001717 0.097086 -0.020027 0.000954 -0.002098 0.000572
data -0.001717 0.097467 -0.020027 0.000954 -0.002098 0.000572
data -0.001717 0.097849 -0.020409 0.000954 -0.002098 0.000954
data -0.001717 0.097849 -0.020409 0.000954 -0.002098 0.000954
data -0.001717 0.097849 -0.020409 0.000954 -0.002098 0.000954
data -0.001717 0.098612 -0.021172 0.000572 -0.002098 0.000954
data -0.001717 0.098612 -0.021172 0.000572 -0.002098 0.000954
data -0.001717 0.099375 -0.021553 0.000572 -0.002098 0.000572
data -0.001717 0.099375 -0.021553 0.000954 -0.002098 0.000954
data -0.001717 0.099756 -0.021935 0.000954 -0.002098 0.000954
data -0.001717 0.100138 -0.021935 0.000954 -0.002098 0.000572
data -0.001717 0.100519 -0.022316 0.000954 -0.002098 0.000954
data -0.001717 0.100901 -0.022316 0.000954 -0.002098 0.000954
data -0.002098 0.101664 -0.022316 0.000954 -0.002098 0.000954
data -0.002098 0.101664 -0.023079 0.000954 -0.002098 0.000954
data -0.001717 0.102045 -0.023079 0.000954 -0.002480 0.000954
data -0.001717 0.102427 -0.023460 0.000954 -0.002098 0.000954
data -0.001717 0.102427 -0.023460 0.000954 -0.002098 0.000954
data -0.001717 0.102427 -0.023460 0.000954 -0.002098 0.000954
data -0.001717 0.102427 -0.023460 0.000954 -0.002098 0.000954
data -0.001717 0.103571 -0.023842 0.000954 -0.002098 0.000954
data -0.001717 0.103571 -0.023842 0.000954 -0.002098 0.000954
data -0.001717 0.104334 -0.024605 0.000954 -0.002480 0.000954
data -0.001717 0.104715 -0.024986 0.000954 -0.002480 0.000954
data -0.001717 0.105097 -0.025368 0.000954 -0.002480 0.000954
data -0.001717 0.105478 -0.025368 0.000954 -0.002480 0.000954
data -0.001717 0.105860 -0.025749 0.000954 -0.002480 0.000572
data -0.001717 0.106241 -0.026131 0.000954 -0.002480 0.000954
data -0.001717 0.106623 -0.026131 0.000954 -0.002480 0.000954
data -0.001717 0.106623 -0.026131 0.000954 -0.002480 0.000954
data -0.001717 0.107386 -0.026894 0.000954 -0.002480 0.000954
data -0.001717 0.107767 -0.027275 0.000954 -0.002480 0.000572
data -0.001717 0.108149 -0.027657 0.000954 -0.002480 0.000572
data -0.001717 0.108530 -0.027657 0.000954 -0.002480 0.000954
data -0.001717 0.108530 -0.027657 0.000954 -0.002480 0.000954
data -0.001717 0.109293 -0.027657 0.000954 -0.002480 0.000954
data -0.001717 0.109674 -0.028419 0.000954 -0.002098 0.000954
data -0.001717 0.110056 -0.028419 0.000954 -0.002098 0.000954
data -0.001717 0.110437 -0.028801 0.000954 -0.002480 0.000954
data -0.001717 0.110819 -0.029182 0.000954 -0.002480 0.000954
data -0.001717 0.111200 -0.029182 0.000954 -0.002480 0.000954
data -0.001717 0.111582 -0.029564 0.000954 -0.002480 0.000954
data -0.001717 0.111963 -0.029564 0.000954 -0.002480 0.000954
data -0.001717 0.112345 -0.029945 0.000954 -0.002480 0.000954
data -0.001717 0.112345 -0.029945 0.000954 -0.002480 0.000954
data -0.002098 0.112345 -0.029945 0.000954 -0.002480 0.000954
data -0.001717 0.113108 -0.030708 0.000954 -0.002480 0.000572
data -0.001717 0.113489 -0.030708 0.000954 -0.002480 0.000572
data -0.002098 0.113871 -0.031090 0.000954 -0.002098 0.000954
data -0.001717 0.114252 -0.031472 0.000954 -0.002480 0.000954
data -0.001717 0.114634 -0.031472 0.000954 -0.002480 0.000954
data -0.002098 0.115015 -0.031854 0.000572 -0.002480 0.000954
data -0.002098 0.115015 -0.031854 0.000572 -0.002480 0.000954
data -0.002098 0.115778 -0.031854 0.000572 -0.002480 0.000954
data -0.001717 0.116159 -0.032998 0.000954 -0.002480 0.000954
data -0.001717 0.116541 -0.032998 0.000954 -0.002480 0.000954
data -0.001717 0.116922 -0.032998 0.000954 -0.002480 0.000954
data -0.002098 0.117304 -0.033761 0.000954 -0.002480 0.000954
data -0.002098 0.117685 -0.034142 0.000954 -0.002480 0.000572
data -0.002098 0.117685 -0.034142 0.000954 -0.002480 0.000572
data -0.002098 0.117685 -0.034905 0.000954 -0.002480 0.000572
data -0.002098 0.117685 -0.034905 0.000954 -0.002480 0.000572
data -0.001717 0.118830 -0.035287 0.000954 -0.002480 0.000572
data -0.002098 0.119211 -0.035668 0.000954 -0.002480 0.000954
data -0.001717 0.119593 -0.036050 0.000954 -0.002480 0.000954
data -0.001717 0.119974 -0.036431 0.000954 -0.002480 0.000954
data -0.002098 0.120356 -0.036813 0.000954 -0.002480 0.000954
data -0.001717 0.120737 -0.037194 0.000954 -0.002480 0.000954
data -0.001717 0.120737 -0.037194 0.000954 -0.002480 0.000954
data -0.001717 0.121881 -0.038339 0.000954 -0.002480 0.000954
data -0.001717 0.122263 -0.038720 0.000954 -0.002480 0.000954
data -0.001717 0.122644 -0.039102 0.000954 -0.002480 0.000954
data -0.001717 0.122644 -0.039483 0.000954 -0.002480 0.000954
data -0.001717 0.123026 -0.039865 0.000954 -0.002480 0.000954
data -0.001717 0.123407 -0.040246 0.000954 -0.002480 0.000954
data -0.001717 0.124170 -0.040246 0.000954 -0.002480 0.000954
data -0.001717 0.124170 -0.041009 0.000954 -0.002480 0.000954
data -0.001717 0.124552 -0.041772 0.000954 -0.002480 0.000954
data -0.001717 0.124933 -0.042153 0.000954 -0.002480 0.000954
data -0.001717 0.124933 -0.042153 0.000954 -0.002480 0.000954
data -0.001717 0.125315 -0.042916 0.000954 -0.002480 0.000954
data -0.001717 0.125696 -0.043298 0.001335 -0.002480 0.000954
data -0.001717 0.126078 -0.043679 0.000954 -0.002480 0.000954
data -0.001717 0.126078 -0.043679 0.000954 -0.002480 0.000954
data -0.001717 0.126841 -0.044442 0.000954 -0.002480 0.000954
data -0.001717 0.126841 -0.044442 0.000954 -0.002480 0.000954
data -0.001717 0.127604 -0.045205 0.000954 -0.002480 0.000954
data -0.001717 0.127985 -0.045968 0.000954 -0.002480 0.000954
data -0.001717 0.128366 -0.046350 0.000954 -0.002480 0.000954
data -0.001717 0.128748 -0.046731 0.000954 -0.002480 0.000572
data -0.001717 0.128748 -0.046731 0.000954 -0.002480 0.000572
data -0.001717 0.128748 -0.046731 0.000954 -0.002480 0.000572
data -0.001717 0.129511 -0.046731 0.000954 -0.002480 0.000572
data -0.001717 0.129892 -0.048638 0.001335 -0.002480 0.000572
data -0.001717 0.130274 -0.049020 0.001335 -0.002480 0.000954
data -0.001717 0.130655 -0.049401 0.001335 -0.002480 0.000954
data -0.001717 0.130655 -0.049783 0.001335 -0.002861 0.000954
data -0.001717 0.131037 -0.050164 0.001335 -0.002480 0.000954
data -0.001717 0.131418 -0.051309 0.001335 -0.002480 0.000954
data -0.001717 0.131800 -0.051690 0.001335 -0.002480 0.000954
data -0.001717 0.132181 -0.052453 0.000954 -0.002480 0.000954
data -0.001717 0.132563 -0.052835 0.000954 -0.002480 0.000954
data -0.001717 0.132563 -0.053216 0.000954 -0.002861 0.000954
data -0.001717 0.132944 -0.053979 0.001335 -0.002480 0.000954
data -0.001717 0.133326 -0.054360 0.000954 -0.002480 0.000572
data -0.001717 0.133326 -0.054360 0.000954 -0.002480 0.000572
data -0.001717 0.133326 -0.054360 0.000954 -0.002480 0.000572
data -0.001717 0.134470 -0.055505 0.000954 -0.002480 0.000572
data -0.001717 0.134851 -0.056268 0.001335 -0.002861 0.000954
data -0.001717 0.134851 -0.056649 0.001335 -0.002861 0.000954
data -0.001717 0.135233 -0.057412 0.001335 -0.002861 0.000954
data -0.001717 0.135614 -0.057794 0.001335 -0.002861 0.000954
data -0.001717 0.135996 -0.058175 0.001335 -0.002861 0.000954
data -0.001717 0.136377 -0.059319 0.001335 -0.002861 0.000954
data -0.001717 0.136377 -0.059319 0.001335 -0.002861 0.000954
data -0.001717 0.136377 -0.059319 0.001335 -0.002861 0.000954
data -0.001717 0.136377 -0.059319 0.001335 -0.002861 0.000954
data -0.001717 0.137522 -0.060845 0.001335 -0.002861 0.000954
data -0.001717 0.137522 -0.060845 0.001335 -0.002861 0.000954
data -0.001717 0.138285 -0.062371 0.001335 -0.002861 0.000954
data -0.001717 0.138285 -0.062371 0.001335 -0.002861 0.000954
data -0.002098 0.138666 -0.063134 0.001717 -0.002861 0.000954
data -0.002098 0.139048 -0.063897 0.001717 -0.002861 0.000572
data -0.001717 0.139429 -0.064279 0.001335 -0.002861 0.000572
data -0.001717 0.139429 -0.064660 0.001335 -0.002861 0.000572
data -0.002098 0.139811 -0.065423 0.001335 -0.002861 0.000954
data -0.001717 0.140192 -0.065804 0.001335 -0.002861 0.000954
data -0.001717 0.140574 -0.066567 0.001335 -0.002861 0.000954
data -0.001717 0.140574 -0.066567 0.001335 -0.002861 0.000954
data -0.001717 0.141336 -0.067712 0.001335 -0.002861 0.000954
data -0.001717 0.141718 -0.068475 0.001335 -0.002861 0.000954
data -0.001717 0.142099 -0.069238 0.001717 -0.002861 0.000954
data -0.001717 0.142481 -0.069619 0.001717 -0.002861 0.000954
data -0.001717 0.142481 -0.070001 0.001717 -0.002861 0.000954
data -0.001717 0.142862 -0.070764 0.001717 -0.002861 0.000954
data -0.001717 0.142862 -0.070764 0.001717 -0.002861 0.000954
data -0.001717 0.143625 -0.071908 0.001717 -0.002861 0.000954
data -0.001717 0.143625 -0.073052 0.001717 -0.002861 0.000954
data -0.001717 0.144007 -0.073434 0.001717 -0.002861 0.000954
data -0.001717 0.144007 -0.074197 0.001717 -0.002861 0.000954
data -0.001717 0.144388 -0.074960 0.001717 -0.002861 0.000954
data -0.001717 0.144388 -0.075341 0.001717 -0.002861 0.000954
data -0.001717 0.144388 -0.075341 0.001717 -0.002861 0.000954
data -0.001717 0.145151 -0.075341 0.001717 -0.002861 0.000954
data -0.001717 0.145151 -0.075341 0.001717 -0.002861 0.000954
data -0.001717 0.145151 -0.075341 0.001717 -0.002861 0.000954
data -0.001717 0.145151 -0.077630 0.001717 -0.002861 0.000954
data -0.001717 0.145533 -0.079537 0.002098 -0.002861 0.000572
data -0.001717 0.145914 -0.080300 0.002098 -0.003242 0.000954
data -0.001717 0.146296 -0.081063 0.002098 -0.002861 0.000954
data -0.001717 0.146296 -0.081063 0.002098 -0.002861 0.000954
data -0.001717 0.146677 -0.082208 0.002098 -0.003242 0.000954
data -0.001717 0.146677 -0.082208 0.002098 -0.003242 0.000954
data -0.001717 0.147058 -0.084115 0.002480 -0.003242 0.000954
data -0.001717 0.147058 -0.084878 0.002480 -0.003242 0.000954
data -0.001717 0.147058 -0.085641 0.002480 -0.003242 0.000954
data -0.001717 0.147058 -0.086404 0.002861 -0.003242 0.000954
data -0.001717 0.147440 -0.087167 0.002861 -0.003624 0.000954
data -0.001717 0.147440 -0.088693 0.002861 -0.003624 0.000572
data -0.001717 0.147440 -0.088693 0.002861 -0.003624 0.000572
data -0.001717 0.147440 -0.088693 0.002861 -0.003624 0.000572
data -0.001717 0.147440 -0.090600 0.003624 -0.003624 0.000954
data -0.001717 0.147440 -0.090600 0.003624 -0.003624 0.000954
data -0.001717 0.147440 -0.091744 0.004005 -0.003624 0.000954
data -0.001717 0.147440 -0.093270 0.004005 -0.004005 0.000954
data -0.001717 0.147440 -0.093270 0.004005 -0.004005 0.000954
data -0.001717 0.147440 -0.093270 0.004005 -0.004005 0.000954
data -0.001717 0.147440 -0.095179 0.004768 -0.004005 0.000572
data -0.001717 0.147440 -0.096704 0.004768 -0.004005 0.000954
data -0.001717 0.147440 -0.097467 0.004768 -0.004387 0.000954
data -0.001717 0.147440 -0.098612 0.005150 -0.004387 0.000954
data -0.001717 0.147440 -0.099375 0.005150 -0.004768 0.000954
data -0.001717 0.147821 -0.100519 0.005150 -0.004768 0.000954
data -0.001717 0.147440 -0.102045 0.005150 -0.005150 0.000954
data -0.001717 0.147440 -0.102045 0.005150 -0.005150 0.000954
data -0.001717 0.147440 -0.102045 0.005150 -0.005150 0.000954
data -0.001717 0.147440 -0.104715 0.005531 -0.005150 0.000954
data -0.001717 0.147440 -0.104715 0.005531 -0.005150 0.000954
data -0.001717 0.147440 -0.106241 0.005531 -0.006294 0.000954
data -0.001717 0.147440 -0.107004 0.005531 -0.007439 0.000954
data -0.001717 0.147440 -0.108149 0.005531 -0.007820 0.000954
data -0.001717 0.147440 -0.108149 0.005531 -0.007820 0.000954
data -0.001717 0.147440 -0.108149 0.005531 -0.007820 0.000954
data -0.001717 0.147440 -0.111200 0.005913 -0.009346 0.000954
data -0.001717 0.147440 -0.112345 0.006294 -0.010109 0.000954
data -0.001717 0.147440 -0.113489 0.006294 -0.010490 0.000954
data -0.001717 0.147440 -0.114252 0.006676 -0.010872 0.000954
data -0.001717 0.147440 -0.114252 0.006676 -0.010872 0.000954
data -0.001717 0.147440 -0.116159 0.007057 -0.011635 0.000954
data -0.001717 0.147440 -0.116159 0.007057 -0.011635 0.000954
data -0.001717 0.147440 -0.117685 0.007439 -0.012016 0.000954
data -0.001717 0.147058 -0.119593 0.007439 -0.012398 0.000954
data -0.001717 0.147058 -0.120356 0.008202 -0.013161 0.000954
data -0.001717 0.147058 -0.121500 0.008583 -0.013542 0.000954
data -0.001717 0.147058 -0.122263 0.008583 -0.014305 0.000954
data -0.001717 0.147058 -0.122263 0.008583 -0.014305 0.000954
data -0.001717 0.147058 -0.122263 0.008583 -0.014305 0.000954
data -0.001717 0.147058 -0.122263 0.008583 -0.014305 0.000954
data -0.001717 0.146677 -0.125315 0.009346 -0.016594 0.000954
data -0.001717 0.146296 -0.127222 0.009727 -0.018120 0.000954
data -0.001717 0.146296 -0.128366 0.009727 -0.018501 0.000954
data -0.001717 0.146296 -0.129129 0.010109 -0.019264 0.000572
data -0.001717 0.146296 -0.130274 0.010109 -0.020027 0.000954
data -0.001717 0.146296 -0.131418 0.010490 -0.020790 0.000954
data -0.001717 0.146296 -0.131418 0.010490 -0.020790 0.000954
data -0.001717 0.146296 -0.132563 0.011253 -0.021172 0.000954
data -0.001717 0.145914 -0.133707 0.011635 -0.021935 0.000572
data -0.001717 0.145914 -0.133707 0.011635 -0.021935 0.000572
data -0.001717 0.145914 -0.136377 0.013161 -0.023079 0.000572
data -0.001717 0.145914 -0.137140 0.013924 -0.023842 0.000954
data -0.001717 0.145533 -0.137903 0.014687 -0.024223 0.000954
data -0.001717 0.145533 -0.139048 0.015450 -0.024986 0.000572
data -0.001717 0.145533 -0.140574 0.016975 -0.025368 0.000572
data -0.001717 0.145533 -0.140574 0.016975 -0.025368 0.000572
data -0.001717 0.145151 -0.141718 0.018120 -0.026131 0.000572
data -0.001717 0.144770 -0.143244 0.019646 -0.026894 0.000954
data -0.001717 0.144770 -0.144388 0.020790 -0.026894 0.000954
data -0.001717 0.144770 -0.145151 0.021935 -0.027275 0.000954
data -0.001717 0.144770 -0.145151 0.021935 -0.027275 0.000954
data -0.001717 0.144388 -0.146677 0.023842 -0.027657 0.000954
data -0.001717 0.144388 -0.148203 0.025749 -0.028038 0.000954
data -0.001717 0.144388 -0.148203 0.025749 -0.028038 0.000954
data -0.001717 0.144007 -0.150110 0.027657 -0.028801 0.000954
data -0.001717 0.144007 -0.150110 0.027657 -0.028801 0.000954
data -0.001717 0.143625 -0.150110 0.027657 -0.028801 0.000954
data -0.001717 0.143625 -0.153925 0.031472 -0.029945 0.000572
data -0.001717 0.143244 -0.155069 0.031472 -0.029945 0.000572
data -0.001717 0.143244 -0.156214 0.033761 -0.030708 0.000954
data -0.001717 0.143244 -0.156214 0.033761 -0.030708 0.000954
data -0.001717 0.142862 -0.158504 0.035668 -0.030708 0.000954
data -0.001717 0.142862 -0.160029 0.037194 -0.032235 0.000954
data -0.001717 0.142481 -0.161174 0.037957 -0.032617 0.000954
data -0.001717 0.142481 -0.162318 0.037957 -0.032617 0.000954
data -0.001717 0.142481 -0.163463 0.039865 -0.033761 0.000954
data -0.001717 0.142099 -0.164226 0.041009 -0.034142 0.000954
data -0.001717 0.141718 -0.164226 0.041009 -0.034142 0.000954
data -0.001717 0.141718 -0.166514 0.043298 -0.035287 0.000954
data -0.001717 0.141718 -0.167659 0.044061 -0.035668 0.000954
data -0.001717 0.141336 -0.168422 0.044824 -0.035668 0.000954
data -0.001717 0.141336 -0.170329 0.046350 -0.036813 0.000954
data -0.001717 0.141336 -0.171092 0.047112 -0.037194 0.000954
data -0.001717 0.140955 -0.172236 0.048257 -0.037576 0.000954
data -0.001717 0.140955 -0.173381 0.049401 -0.038339 0.000954
data -0.001717 0.140955 -0.173381 0.049401 -0.038339 0.000954
data -0.001717 0.140192 -0.173381 0.049401 -0.038339 0.000954
data -0.001717 0.140192 -0.176433 0.052072 -0.039483 0.000954
data -0.001717 0.139811 -0.178340 0.053597 -0.040627 0.000954
data -0.001717 0.139811 -0.179484 0.054742 -0.041390 0.000954
data -0.001717 0.139429 -0.180629 0.055505 -0.042153 0.000954
data -0.002098 0.139429 -0.180629 0.055505 -0.042153 0.000954
data -0.001717 0.139048 -0.182918 0.056649 -0.043679 0.000954
data -0.001717 0.139048 -0.182918 0.056649 -0.043679 0.000954
data -0.001717 0.138666 -0.185206 0.058175 -0.045205 0.000954
data -0.001717 0.138285 -0.186351 0.058557 -0.046350 0.000572
data -0.002098 0.137903 -0.187877 0.058557 -0.046350 0.000572
data -0.002098 0.137522 -0.188640 0.059701 -0.047875 0.000572
data -0.002098 0.137522 -0.189784 0.060464 -0.049020 0.000572
data -0.002098 0.137140 -0.190928 0.060845 -0.049783 0.000572
data -0.002098 0.136377 -0.192836 0.061608 -0.051690 0.000572
data -0.002098 0.136377 -0.192836 0.061608 -0.051690 0.000572
data -0.001717 0.136377 -0.192836 0.061608 -0.051690 0.000572
data -0.002098 0.135614 -0.195506 0.062753 -0.052453 0.000954
data -0.002098 0.135233 -0.197032 0.063134 -0.054360 0.000954
data -0.001717 0.135233 -0.197795 0.063516 -0.055123 0.000572
data -0.001717 0.134851 -0.199321 0.064279 -0.056268 0.000572
data -0.002098 0.134470 -0.200465 0.064660 -0.057031 0.000572
data -0.001717 0.134089 -0.201610 0.065042 -0.057794 0.000572
data -0.001717 0.134089 -0.201610 0.065042 -0.057794 0.000572
data -0.002098 0.133707 -0.204280 0.066186 -0.059701 0.000572
data -0.001717 0.132944 -0.206187 0.066567 -0.061227 0.000572
data -0.001717 0.132944 -0.206187 0.066567 -0.061227 0.000572
data -0.002098 0.132563 -0.206187 0.066567 -0.061227 0.000572
data -0.002098 0.132563 -0.208095 0.067712 -0.061227 0.000572
data -0.001717 0.132181 -0.210002 0.068475 -0.064279 0.000572
data -0.002098 0.131800 -0.211909 0.069238 -0.065423 0.000572
data -0.002098 0.131800 -0.211909 0.069238 -0.065423 0.000572
data -0.002098 0.131418 -0.213817 0.070001 -0.065423 0.000572
data -0.002098 0.130655 -0.215343 0.070382 -0.068093 0.000572
data -0.002098 0.130655 -0.216487 0.070764 -0.069238 0.000572
data -0.002098 0.129892 -0.217631 0.071145 -0.070382 0.000572
data -0.002098 0.129511 -0.219158 0.071527 -0.071908 0.000572
data -0.002098 0.129129 -0.219921 0.071908 -0.072671 0.000572
data -0.002098 0.128748 -0.221066 0.072289 -0.074197 0.000572
data -0.002098 0.128748 -0.221066 0.072289 -0.074197 0.000572
data -0.002098 0.127604 -0.224117 0.073434 -0.076104 0.000954
data -0.002098 0.127222 -0.225262 0.073815 -0.078012 0.000572
data -0.002098 0.127222 -0.226406 0.074578 -0.079156 0.000572
data -0.002098 0.126841 -0.227551 0.074960 -0.080300 0.000572
data -0.002098 0.126459 -0.228695 0.075723 -0.081063 0.000572
data -0.002098 0.125696 -0.230984 0.076486 -0.082971 0.000954
data -0.002098 0.125696 -0.230984 0.076486 -0.082971 0.000954
data -0.002098 0.125315 -0.232891 0.077249 -0.084496 0.000954
data -0.002098 0.124933 -0.233654 0.077630 -0.085641 0.000954
data -0.002098 0.124552 -0.235180 0.078393 -0.087167 0.000572
data -0.002098 0.124170 -0.236324 0.078774 -0.088311 0.000954
data -0.002098 0.123789 -0.237850 0.079537 -0.089837 0.000954
data -0.002098 0.123026 -0.238995 0.079919 -0.091363 0.000954
data -0.002098 0.122644 -0.240139 0.080682 -0.092507 0.000954
data -0.002098 0.122644 -0.240139 0.080682 -0.092507 0.000954
data -0.002098 0.122644 -0.240139 0.080682 -0.092507 0.000954
data -0.002098 0.121500 -0.243572 0.082208 -0.096704 0.000954
data -0.002098 0.121500 -0.243572 0.082208 -0.096704 0.000954
data -0.002098 0.120737 -0.246624 0.083352 -0.100138 0.000954
data -0.002098 0.120356 -0.247768 0.083734 -0.101664 0.000954
data -0.002098 0.119974 -0.248913 0.084115 -0.102808 0.000954
data -0.002098 0.119211 -0.250439 0.084878 -0.105097 0.000954
data -0.002098 0.119211 -0.250439 0.084878 -0.105097 0.000954
data -0.002098 0.118448 -0.252728 0.085641 -0.107004 0.000954
data -0.002098 0.118067 -0.254253 0.086404 -0.109674 0.000954
data -0.002098 0.117685 -0.255398 0.086785 -0.110819 0.000954
data -0.002098 0.117304 -0.256542 0.087167 -0.112345 0.000954
data -0.002098 0.116922 -0.257687 0.087930 -0.113871 0.000954
data -0.002098 0.116541 -0.258831 0.088311 -0.115396 0.000954
data -0.002098 0.115396 -0.261501 0.088311 -0.115396 0.000954
data -0.002098 0.115015 -0.261501 0.089074 -0.118830 0.000954
data -0.002098 0.114634 -0.263409 0.089837 -0.121500 0.000954
data -0.002098 0.114252 -0.264553 0.090600 -0.123026 0.000954
data -0.002098 0.113871 -0.266079 0.090600 -0.123026 0.000954
data -0.002098 0.113489 -0.267223 0.090981 -0.126459 0.000954
data -0.002098 0.113108 -0.267986 0.091363 -0.127985 0.000954
data -0.002098 0.112726 -0.269894 0.092126 -0.130274 0.000954
data -0.002098 0.112726 -0.269894 0.092126 -0.130274 0.000954
data -0.002098 0.112726 -0.269894 0.092126 -0.130274 0.000954
data -0.002098 0.111200 -0.273327 0.093270 -0.135233 0.000954
data -0.002098 0.110819 -0.274853 0.093270 -0.135233 0.000954
data -0.002098 0.110437 -0.275997 0.094034 -0.135233 0.000954
data -0.002098 0.109674 -0.277523 0.095179 -0.141718 0.000954
data -0.002098 0.109293 -0.279049 0.095942 -0.143625 0.000954
data -0.002098 0.108912 -0.280193 0.096323 -0.145533 0.000954
data -0.002098 0.108912 -0.280193 0.096323 -0.145533 0.000954
data -0.002098 0.107767 -0.280193 0.096323 -0.145533 0.000954
data -0.002098 0.107386 -0.284390 0.097467 -0.148966 0.000954
data -0.002098 0.107004 -0.285535 0.098612 -0.153162 0.000954
data -0.002098 0.106241 -0.287061 0.099375 -0.155451 0.000954
data -0.002098 0.105860 -0.288205 0.100138 -0.157359 0.000954
data -0.002098 0.105478 -0.289350 0.100519 -0.158885 0.000954
data -0.002098 0.105478 -0.289350 0.100519 -0.158885 0.000954
data -0.002098 0.104334 -0.292020 0.101664 -0.163081 0.000954
data -0.002098 0.103952 -0.293927 0.102808 -0.166133 0.000954
data -0.002098 0.103571 -0.295835 0.103571 -0.166133 0.000954
data -0.002098 0.103189 -0.296597 0.104334 -0.170329 0.000954
data -0.002098 0.102427 -0.297742 0.105097 -0.171855 0.000954
data -0.002098 0.102427 -0.297742 0.105097 -0.171855 0.000954
data -0.002098 0.102045 -0.299649 0.105860 -0.174525 0.000954
data -0.002480 0.100901 -0.302320 0.107386 -0.178721 0.000954
data -0.002480 0.100901 -0.302320 0.107386 -0.178721 0.000954
data -0.002480 0.100519 -0.303845 0.108149 -0.181392 0.000954
data -0.002480 0.099756 -0.305753 0.108912 -0.184443 0.000954
data -0.002480 0.099756 -0.305753 0.108912 -0.184443 0.000954
data -0.002480 0.099756 -0.305753 0.108912 -0.184443 0.000954
data -0.002861 0.098612 -0.309567 0.110819 -0.190547 0.000954
data -0.002861 0.097849 -0.310712 0.111200 -0.192836 0.000954
data -0.002861 0.097849 -0.310712 0.111200 -0.192836 0.000954
data -0.003242 0.096323 -0.314908 0.113108 -0.197795 0.000954
data -0.003242 0.095942 -0.316434 0.113489 -0.201991 0.000954
data -0.003242 0.095942 -0.316434 0.113489 -0.201991 0.000954
data -0.004005 0.094416 -0.316434 0.113489 -0.201991 0.000954
data -0.004387 0.094034 -0.320249 0.115015 -0.208858 0.000954
data -0.004768 0.093270 -0.323300 0.115778 -0.213435 0.000954
data -0.005150 0.092889 -0.325208 0.116159 -0.216105 0.000954
data -0.005150 0.092507 -0.326352 0.116159 -0.216105 0.000954
data -0.005531 0.091744 -0.327497 0.117304 -0.220303 0.000954
data -0.005531 0.091363 -0.329022 0.117685 -0.222591 0.000954
data -0.005913 0.090981 -0.330548 0.118067 -0.222591 0.000954
data -0.006294 0.090600 -0.331311 0.118448 -0.226406 0.000954
data -0.006676 0.089837 -0.333600 0.119211 -0.230221 0.000954
data -0.007057 0.089074 -0.335126 0.119593 -0.232510 0.000954
data -0.007439 0.088693 -0.336652 0.120356 -0.234798 0.000954
data -0.007820 0.087930 -0.337796 0.120737 -0.236706 0.000954
data -0.008202 0.087548 -0.339322 0.121500 -0.238995 0.000954
data -0.008202 0.086785 -0.340848 0.122263 -0.238995 0.000954
data -0.008583 0.086785 -0.341611 0.122644 -0.242809 0.000954
data -0.008965 0.086022 -0.342755 0.123407 -0.244717 0.000954
data -0.008965 0.086022 -0.342755 0.123407 -0.244717 0.000954
data -0.009727 0.084878 -0.346571 0.125315 -0.250439 0.000954
data -0.009727 0.084878 -0.346571 0.125315 -0.250439 0.000954
data -0.010109 0.084115 -0.348478 0.126078 -0.250439 0.000954
data -0.010490 0.083352 -0.348478 0.126078 -0.253872 0.000954
data -0.010872 0.082971 -0.351149 0.127985 -0.257305 0.000954
data -0.011253 0.082589 -0.352293 0.128748 -0.259975 0.000954
data -0.011635 0.082589 -0.352293 0.128748 -0.259975 0.000954
data -0.011635 0.082208 -0.353819 0.129892 -0.262264 0.000954
data -0.012016 0.081445 -0.355726 0.131037 -0.265697 0.000954
data -0.012398 0.080682 -0.357634 0.132563 -0.268368 0.000954
data -0.012398 0.080300 -0.359159 0.133326 -0.270657 0.000954
data -0.012779 0.079537 -0.360304 0.134089 -0.272564 0.000954
data -0.012779 0.079537 -0.360304 0.134089 -0.272564 0.000954
data -0.012779 0.079537 -0.360304 0.134089 -0.272564 0.000954
data -0.013542 0.078393 -0.363356 0.135996 -0.277142 0.000954
data -0.013542 0.078393 -0.363356 0.135996 -0.277142 0.000954
data -0.014305 0.077249 -0.366789 0.135996 -0.277142 0.000954
data -0.014305 0.077249 -0.366789 0.135996 -0.277142 0.000954
data -0.014687 0.075723 -0.366789 0.137903 -0.282483 0.000954
data -0.015068 0.075341 -0.370985 0.139811 -0.289350 0.000954
data -0.015450 0.074960 -0.372129 0.140574 -0.291257 0.000954
data -0.015450 0.074578 -0.373655 0.140955 -0.293164 0.000954
data -0.016212 0.073815 -0.375944 0.141718 -0.296597 0.000954
data -0.016212 0.073815 -0.375944 0.141718 -0.296597 0.000954
data -0.016594 0.073052 -0.377851 0.142862 -0.299649 0.000954
data -0.016975 0.072289 -0.379759 0.143625 -0.302320 0.000954
data -0.017357 0.071908 -0.380903 0.144007 -0.304227 0.000954
data -0.017357 0.071527 -0.382429 0.144388 -0.306516 0.000954
data -0.017357 0.071527 -0.382429 0.144388 -0.306516 0.000954
data -0.018120 0.070382 -0.385099 0.145914 -0.310712 0.000954
data -0.018501 0.070001 -0.386625 0.146296 -0.310712 0.000954
data -0.018501 0.070001 -0.386625 0.146296 -0.313001 0.000954
data -0.018883 0.069238 -0.388914 0.147440 -0.316052 0.000954
data -0.019264 0.068475 -0.390821 0.148584 -0.319486 0.000954
data -0.019646 0.068093 -0.392347 0.149347 -0.321012 0.000954
data -0.019646 0.067712 -0.393492 0.150110 -0.322919 0.000954
data -0.020027 0.067330 -0.394636 0.151255 -0.324826 0.000954
data -0.020409 0.066567 -0.396162 0.151636 -0.326734 0.000954
data -0.020409 0.066567 -0.396162 0.151636 -0.326734 0.000954
data -0.020790 0.065804 -0.398832 0.151636 -0.326734 0.000954
data -0.021172 0.065423 -0.400358 0.154688 -0.333219 0.000954
data -0.021553 0.064660 -0.401503 0.155832 -0.335126 0.000954
data -0.021935 0.064660 -0.401503 0.155832 -0.335126 0.000954
data -0.021935 0.063897 -0.404554 0.158122 -0.338941 0.000954
data -0.022316 0.063516 -0.405699 0.158885 -0.340848 0.000954
data -0.022316 0.062753 -0.406844 0.159648 -0.342374 0.000954
data -0.023079 0.061990 -0.406844 0.159648 -0.342374 0.000954
data -0.023079 0.061990 -0.409896 0.161555 -0.346189 0.000954
data -0.023079 0.061608 -0.410659 0.161937 -0.346952 0.000954
data -0.023079 0.061608 -0.410659 0.161937 -0.346952 0.000954
data -0.023842 0.060464 -0.414092 0.164226 -0.350767 0.000954
data -0.023842 0.060082 -0.415236 0.164989 -0.353437 0.000954
data -0.024223 0.059701 -0.416381 0.166133 -0.354963 0.000954
data -0.024605 0.058938 -0.419814 0.168040 -0.354963 0.000954
data -0.024605 0.058938 -0.419814 0.168040 -0.360304 0.000954
data -0.024986 0.058175 -0.421721 0.168040 -0.360304 0.000954
data -0.025368 0.057794 -0.423247 0.169185 -0.361448 0.000954
data -0.025368 0.057412 -0.424010 0.169948 -0.365263 0.000954
data -0.025749 0.056649 -0.425918 0.171092 -0.367552 0.000954
data -0.025749 0.056268 -0.427444 0.171474 -0.369078 0.000954
data -0.026131 0.055886 -0.428588 0.172236 -0.370985 0.000954
data -0.026512 0.055505 -0.430114 0.173381 -0.372511 0.001335
data -0.026512 0.055505 -0.430114 0.173381 -0.372511 0.001335
data -0.026894 0.055505 -0.430114 0.173381 -0.372511 0.001335
data -0.027275 0.054360 -0.433928 0.175670 -0.372511 0.001335
data -0.027275 0.053597 -0.436217 0.177196 -0.379377 0.000954
data -0.027657 0.053216 -0.437743 0.178340 -0.381285 0.000954
data -0.027657 0.052835 -0.438888 0.179103 -0.382429 0.000954
data -0.028038 0.052453 -0.440413 0.180247 -0.384336 0.000954
data -0.028038 0.052453 -0.440413 0.180247 -0.384336 0.000954
data -0.028038 0.052453 -0.440413 0.180247 -0.384336 0.000954
data -0.028801 0.050927 -0.444991 0.184062 -0.388151 0.000954
data -0.029182 0.050546 -0.446517 0.184443 -0.390821 0.000954
data -0.029182 0.050164 -0.447661 0.185588 -0.392347 0.000954
data -0.029564 0.049783 -0.449187 0.186351 -0.394255 0.000954
data -0.029564 0.049783 -0.449187 0.186351 -0.394255 0.000954
data -0.029564 0.048638 -0.451858 0.188258 -0.396925 0.000954
data -0.029945 0.048638 -0.451858 0.188258 -0.396925 0.000954
data -0.029945 0.047875 -0.454909 0.190547 -0.400358 0.000954
data -0.030327 0.047494 -0.456817 0.191691 -0.402266 0.000954
data -0.030327 0.047112 -0.458343 0.192073 -0.403791 0.000954
data -0.030708 0.046731 -0.459868 0.193217 -0.405317 0.000954
data -0.030708 0.046350 -0.461013 0.193980 -0.406463 0.000954
data -0.030708 0.045968 -0.462157 0.194362 -0.407989 0.001335
data -0.031090 0.045587 -0.464065 0.195506 -0.409896 0.000954
data -0.031090 0.045587 -0.464065 0.195506 -0.409896 0.000954
data -0.031090 0.044442 -0.467498 0.197795 -0.412566 0.000954
data -0.031472 0.044061 -0.468642 0.198939 -0.415236 0.000954
data -0.031472 0.043679 -0.470169 0.199702 -0.416762 0.001335
data -0.031472 0.043298 -0.471313 0.200847 -0.417907 0.000954
data -0.031472 0.042916 -0.473221 0.201991 -0.420196 0.000954
data -0.031472 0.042535 -0.474747 0.203517 -0.421721 0.001335
data -0.031472 0.042153 -0.476273 0.204280 -0.423247 0.000954
data -0.031472 0.042153 -0.476273 0.204280 -0.423247 0.000954
data -0.031854 0.042153 -0.476273 0.204280 -0.423247 0.000954
data -0.032235 0.041009 -0.480850 0.208095 -0.427825 0.001335
data -0.032235 0.040627 -0.482376 0.209239 -0.429351 0.000954
data -0.032235 0.040246 -0.483902 0.210383 -0.430495 0.000954
data -0.032617 0.039865 -0.485046 0.211528 -0.432021 0.001335
data -0.032617 0.039483 -0.486572 0.212291 -0.433547 0.001335
data -0.032998 0.039483 -0.486572 0.212291 -0.433547 0.001335
data -0.032998 0.038339 -0.490768 0.215343 -0.433547 0.001335
data -0.033380 0.037957 -0.491531 0.215724 -0.433547 0.001335
data -0.033380 0.037576 -0.493439 0.216868 -0.440032 0.001335
data -0.033380 0.037194 -0.494965 0.217631 -0.441558 0.001335
data -0.033380 0.036813 -0.496109 0.218777 -0.443084 0.001335
data -0.033380 0.036813 -0.496109 0.218777 -0.443084 0.001335
data -0.034142 0.036050 -0.499924 0.219540 -0.445373 0.001335
data -0.034142 0.036050 -0.499924 0.220684 -0.446898 0.001335
data -0.034524 0.035287 -0.499924 0.220684 -0.446898 0.001335
data -0.034524 0.034905 -0.504120 0.222591 -0.451095 0.001335
data -0.034905 0.034524 -0.505646 0.223736 -0.452621 0.001335
data -0.035287 0.034524 -0.507172 0.224117 -0.452621 0.001335
data -0.035287 0.034142 -0.508698 0.224880 -0.454146 0.001335
data -0.035668 0.033761 -0.509842 0.225643 -0.456435 0.001335
data -0.035668 0.033380 -0.511749 0.226406 -0.458343 0.000954
data -0.035668 0.033380 -0.511749 0.226406 -0.458343 0.000954
data -0.036050 0.032617 -0.514420 0.227169 -0.460631 0.001335
data -0.036431 0.032235 -0.516327 0.228313 -0.462539 0.000954
data -0.036813 0.031854 -0.517853 0.229076 -0.464446 0.000954
data -0.036813 0.031472 -0.518997 0.229458 -0.465590 0.000954
data -0.037194 0.030708 -0.518997 0.229458 -0.465590 0.000954
data -0.037194 0.030708 -0.522430 0.231365 -0.467879 0.000954
data -0.037576 0.030327 -0.523575 0.231747 -0.470169 0.000954
data -0.037576 0.030327 -0.523575 0.231747 -0.470169 0.000954
data -0.037957 0.030327 -0.523575 0.231747 -0.470169 0.000954
data -0.038339 0.029182 -0.528534 0.234035 -0.474747 0.000954
data -0.038720 0.028801 -0.529678 0.234417 -0.475891 0.000954
data -0.038720 0.028419 -0.531204 0.234798 -0.477417 0.000954
data -0.039102 0.028038 -0.532350 0.235561 -0.478561 0.000954
data -0.039483 0.027657 -0.534257 0.236706 -0.480469 0.000954
data -0.039483 0.027657 -0.534257 0.236706 -0.480469 0.001335
data -0.039865 0.026894 -0.537690 0.236706 -0.480469 0.001335
data -0.040246 0.026894 -0.538453 0.237850 -0.483902 0.000954
data -0.040246 0.026512 -0.540360 0.238995 -0.485809 0.000954
data -0.040627 0.026131 -0.541505 0.239376 -0.487335 0.000954
data -0.041009 0.025749 -0.543031 0.239758 -0.488861 0.000954
data -0.041390 0.025368 -0.544557 0.240139 -0.490387 0.000954
data -0.041390 0.025368 -0.544557 0.240139 -0.490387 0.000954
data -0.042153 0.024223 -0.547990 0.241665 -0.494965 0.000954
data -0.042153 0.024223 -0.547990 0.241665 -0.494965 0.000954
data -0.042153 0.024223 -0.550660 0.242046 -0.494965 0.000954
data -0.042535 0.023079 -0.552186 0.242809 -0.498398 0.000954
data -0.042916 0.023079 -0.553712 0.243191 -0.499924 0.000954
data -0.043298 0.022697 -0.555238 0.243572 -0.501450 0.000954
data -0.043298 0.022316 -0.556382 0.243954 -0.502594 0.000954
data -0.044061 0.021553 -0.556382 0.243954 -0.502594 0.000954
data -0.044061 0.021553 -0.559434 0.244335 -0.505264 0.000954
data -0.044442 0.021553 -0.560578 0.244335 -0.506409 0.000954
data -0.044442 0.021172 -0.562486 0.244717 -0.508316 0.000954
data -0.044824 0.020790 -0.564012 0.245098 -0.509842 0.000954
data -0.045205 0.020409 -0.565537 0.245480 -0.510986 0.000954
data -0.045205 0.020027 -0.567063 0.245861 -0.512512 0.000954
data -0.045587 0.019646 -0.568208 0.246243 -0.513657 0.000954
data -0.045968 0.019264 -0.570115 0.246243 -0.515564 0.000954
data -0.045968 0.019264 -0.570115 0.246243 -0.515564 0.000954
data -0.046350 0.018501 -0.573548 0.246624 -0.517853 0.000954
data -0.046731 0.018120 -0.575074 0.247005 -0.520523 0.000954
data -0.046731 0.017738 -0.576600 0.247005 -0.522049 0.001335
data -0.046731 0.017738 -0.576600 0.247005 -0.522049 0.001335
data -0.048257 0.017738 -0.576600 0.247005 -0.522049 0.001335
data -0.048257 0.017738 -0.586137 0.247005 -0.522049 0.001335
data -0.048257 0.017738 -0.586137 0.247005 -0.522049 0.001335
data -0.049020 0.014687 -0.588807 0.249676 -0.530823 0.000954
data -0.049401 0.014305 -0.589952 0.249676 -0.530823 0.000954
data -0.049783 0.013924 -0.591477 0.250057 -0.535020 0.000954
data -0.049783 0.013924 -0.591477 0.250057 -0.535020 0.000954
data -0.049783 0.013924 -0.591477 0.250057 -0.535020 0.000954
data -0.050927 0.012779 -0.594912 0.250820 -0.538453 0.000954
data -0.051309 0.012016 -0.597582 0.251202 -0.540360 0.000954
data -0.051309 0.012016 -0.597582 0.251202 -0.540360 0.000954
data -0.052072 0.011253 -0.600252 0.251583 -0.542268 0.000954
data -0.052072 0.010872 -0.601778 0.251965 -0.544557 0.000954
data -0.052835 0.010490 -0.602922 0.252346 -0.545701 0.000954
data -0.052835 0.010490 -0.602922 0.252346 -0.545701 0.000954
data -0.053597 0.009346 -0.602922 0.252346 -0.545701 0.000954
data -0.053597 0.009346 -0.606356 0.253109 -0.549134 0.000954
data -0.054360 0.008583 -0.609026 0.253490 -0.551042 0.000954
data -0.054742 0.008202 -0.610170 0.253872 -0.552567 0.000954
data -0.055123 0.007820 -0.611696 0.253872 -0.553712 0.000954
data -0.055123 0.007820 -0.611696 0.253872 -0.553712 0.000954
data -0.055886 0.007439 -0.614367 0.254253 -0.555238 0.000954
data -0.056649 0.006676 -0.616274 0.255016 -0.557908 0.000954
data -0.056649 0.006676 -0.616274 0.255016 -0.557908 0.000954
data -0.057412 0.005913 -0.618563 0.255779 -0.557908 0.000954
data -0.057794 0.005531 -0.620470 0.256161 -0.562104 0.000954
data -0.058175 0.005150 -0.620470 0.256161 -0.562104 0.000954
data -0.058557 0.004768 -0.622759 0.256542 -0.564393 0.000954
data -0.058938 0.004387 -0.623903 0.256924 -0.565537 0.000954
data -0.059701 0.003624 -0.625429 0.257305 -0.567445 0.000954
data -0.059701 0.003624 -0.625429 0.257305 -0.567445 0.000954
data -0.060845 0.002861 -0.628099 0.257305 -0.567445 0.000954
data -0.061227 0.002480 -0.629625 0.258068 -0.572022 0.000954
data -0.061608 0.002098 -0.631151 0.258450 -0.573548 0.000954
data -0.061990 0.001717 -0.632296 0.258831 -0.573548 0.000954
data -0.062753 0.001335 -0.633821 0.258831 -0.576219 0.000954
data -0.063134 0.000954 -0.634966 0.259212 -0.577744 0.000954
data -0.063516 0.000572 -0.636492 0.259594 -0.579270 0.000954
data -0.064660 0.000572 -0.636492 0.259594 -0.579270 0.000954
data -0.064660 -0.000572 -0.638781 0.259594 -0.579270 0.000954
data -0.065042 -0.001335 -0.641832 0.261120 -0.584992 0.000954
data -0.065042 -0.001335 -0.641832 0.261120 -0.584992 0.000954
data -0.066186 -0.001717 -0.641832 0.261120 -0.584992 0.000954
data -0.066567 -0.002480 -0.644503 0.261501 -0.588044 0.000954
data -0.067330 -0.002861 -0.646029 0.261883 -0.589952 0.000954
data -0.068093 -0.003624 -0.647173 0.262264 -0.591477 0.000954
data -0.068093 -0.003624 -0.647173 0.262264 -0.591477 0.000954
data -0.069238 -0.004387 -0.649462 0.263027 -0.594530 0.000954
data -0.069619 -0.004768 -0.651369 0.263409 -0.596819 0.000954
data -0.070382 -0.005150 -0.652895 0.263790 -0.598726 0.000954
data -0.070764 -0.005531 -0.654039 0.263790 -0.599871 0.000954
data -0.071145 -0.005913 -0.655565 0.264172 -0.601778 0.000954
data -0.071145 -0.005913 -0.655565 0.264172 -0.601778 0.000954
data -0.072289 -0.007057 -0.657474 0.264172 -0.604067 0.000954
data -0.072289 -0.007057 -0.657474 0.264172 -0.604067 0.000954
data -0.072289 -0.007057 -0.657474 0.264172 -0.604067 0.000954
data -0.074197 -0.008202 -0.662433 0.264553 -0.609789 0.000954
data -0.074578 -0.008965 -0.663577 0.264553 -0.611315 0.000954
data -0.075341 -0.009346 -0.664721 0.264553 -0.613222 0.000954
data -0.075723 -0.009727 -0.665866 0.264935 -0.614367 0.000954
data -0.076104 -0.010109 -0.667392 0.264935 -0.615892 0.000954
data -0.076867 -0.010872 -0.668918 0.264935 -0.618181 0.000954
data -0.076867 -0.010872 -0.668918 0.264935 -0.618181 0.000954
data -0.078393 -0.011635 -0.671588 0.264935 -0.621233 0.000954
data -0.078774 -0.012398 -0.673114 0.264935 -0.623140 0.000954
data -0.079156 -0.012779 -0.674258 0.264935 -0.624666 0.000954
data -0.079919 -0.013161 -0.675784 0.264935 -0.626574 0.000954
data -0.080300 -0.013542 -0.677310 0.264553 -0.628481 0.000954
data -0.081063 -0.013924 -0.678454 0.264553 -0.629625 0.000954
data -0.081826 -0.014687 -0.680362 0.264935 -0.632296 0.000954
data -0.081826 -0.014687 -0.680362 0.264935 -0.632296 0.000954
data -0.082971 -0.015831 -0.683032 0.264935 -0.634584 0.000954
data -0.083734 -0.016212 -0.684176 0.264935 -0.637255 0.000954
data -0.084496 -0.016975 -0.686084 0.265316 -0.639162 0.000954
data -0.084496 -0.016975 -0.686084 0.265316 -0.639162 0.000954
data -0.085641 -0.017357 -0.687991 0.265316 -0.639162 0.000954
data -0.086022 -0.018120 -0.689517 0.265316 -0.643740 0.000954
data -0.086785 -0.018120 -0.689517 0.265316 -0.643740 0.000954
data -0.087548 -0.019264 -0.692569 0.264935 -0.648699 0.000954
data -0.087548 -0.019264 -0.692569 0.264935 -0.648699 0.000954
data -0.088311 -0.019646 -0.694476 0.264935 -0.650225 0.000954
data -0.089074 -0.020027 -0.695621 0.264935 -0.652514 0.000954
data -0.089456 -0.020409 -0.697146 0.264935 -0.654039 0.000954
data -0.089837 -0.021172 -0.698291 0.264935 -0.655947 0.000954
data -0.090600 -0.021553 -0.699817 0.265316 -0.658237 0.000954
data -0.090600 -0.021553 -0.699817 0.265316 -0.658237 0.000954
data -0.091744 -0.022697 -0.702106 0.265316 -0.660907 0.000954
data -0.092507 -0.023079 -0.704013 0.265316 -0.663196 0.000954
data -0.092889 -0.023460 -0.704776 0.265316 -0.664340 0.000954
data -0.093652 -0.023842 -0.706302 0.265316 -0.664340 0.000954
data -0.094034 -0.024223 -0.707446 0.264935 -0.667392 0.000954
data -0.094416 -0.024605 -0.708591 0.264935 -0.668918 0.000954
data -0.095179 -0.024986 -0.710116 0.264935 -0.670825 0.000954
data -0.096323 -0.024986 -0.710116 0.264935 -0.670825 0.000954
data -0.096704 -0.026131 -0.713168 0.264935 -0.674640 0.000954
data -0.097086 -0.026512 -0.714694 0.264935 -0.674640 0.000954
data -0.097467 -0.026894 -0.715457 0.265316 -0.677691 0.000954
data -0.098230 -0.027275 -0.716983 0.265316 -0.679599 0.000954
data -0.098612 -0.028038 -0.718509 0.265316 -0.679599 0.000954
data -0.098993 -0.028419 -0.719273 0.265316 -0.682651 0.000954
data -0.100138 -0.029182 -0.719273 0.265316 -0.682651 0.000954
data -0.100138 -0.029182 -0.719273 0.265316 -0.682651 0.000954
data -0.100519 -0.029564 -0.723087 0.265316 -0.686847 0.000954
data -0.101282 -0.030327 -0.724995 0.265316 -0.689517 0.000954
data -0.101664 -0.030708 -0.726521 0.264935 -0.691043 0.000954
data -0.102045 -0.031090 -0.727283 0.265316 -0.692569 0.000954
data -0.102808 -0.031472 -0.728809 0.265316 -0.694476 0.000954
data -0.103189 -0.031854 -0.729954 0.265316 -0.695621 0.000954
data -0.103189 -0.031854 -0.729954 0.265316 -0.695621 0.000954
data -0.103189 -0.031854 -0.729954 0.265316 -0.695621 0.000954
data -0.104334 -0.032617 -0.733387 0.265316 -0.700198 0.000954
data -0.105097 -0.033380 -0.735294 0.265316 -0.702868 0.000954
data -0.105860 -0.033761 -0.736439 0.264935 -0.704394 0.000954
data -0.106241 -0.034524 -0.737965 0.264935 -0.706302 0.000954
data -0.107004 -0.034905 -0.739109 0.264935 -0.706302 0.000954
data -0.107386 -0.035287 -0.739872 0.265316 -0.709353 0.000954
data -0.108149 -0.036050 -0.742542 0.265316 -0.712405 0.000954
data -0.108149 -0.036050 -0.742542 0.265316 -0.712405 0.000954
data -0.109293 -0.036813 -0.744450 0.265316 -0.715075 0.000954
data -0.109674 -0.037194 -0.745594 0.265697 -0.716601 0.000954
data -0.110056 -0.037576 -0.746738 0.265697 -0.718127 0.000954
data -0.110437 -0.037957 -0.747883 0.265697 -0.719273 0.000954
data -0.111200 -0.038339 -0.749027 0.265697 -0.721180 0.000954
data -0.111963 -0.039102 -0.750935 0.266079 -0.723850 0.000954
data -0.112345 -0.039102 -0.750935 0.266079 -0.723850 0.000954
data -0.112726 -0.039865 -0.752842 0.266079 -0.726139 0.000954
data -0.113108 -0.040246 -0.753986 0.266460 -0.727665 0.000954
data -0.113871 -0.040627 -0.754749 0.266460 -0.729572 0.000954
data -0.114252 -0.041009 -0.756275 0.266460 -0.731098 0.000954
data -0.114634 -0.041390 -0.757420 0.266842 -0.733006 0.000954
data -0.115396 -0.041772 -0.758183 0.266842 -0.734150 0.000954
data -0.115396 -0.041772 -0.758183 0.266842 -0.734150 0.000954
data -0.116159 -0.042153 -0.760090 0.267223 -0.736439 0.000954
data -0.117304 -0.042916 -0.762379 0.268368 -0.739872 0.000954
data -0.117685 -0.043298 -0.763523 0.268749 -0.741779 0.000954
data -0.118067 -0.043679 -0.764286 0.268749 -0.741779 0.000954
data -0.118830 -0.043679 -0.764286 0.268749 -0.742924 0.000954
data -0.119211 -0.044061 -0.765812 0.269131 -0.745213 0.000954
data -0.119974 -0.044061 -0.765812 0.269131 -0.745213 0.000954
data -0.119974 -0.044442 -0.768101 0.269894 -0.748646 0.000954
data -0.120737 -0.044824 -0.769245 0.270275 -0.750553 0.000954
data -0.121119 -0.045205 -0.770008 0.270657 -0.751698 0.000954
data -0.121500 -0.045587 -0.771152 0.270657 -0.751698 0.000954
data -0.121881 -0.045587 -0.771915 0.271038 -0.754368 0.000954
data -0.122644 -0.045587 -0.771915 0.271038 -0.754368 0.000954
data -0.122644 -0.046350 -0.773823 0.271420 -0.756657 0.000954
data -0.123026 -0.046731 -0.774967 0.271801 -0.758945 0.000954
data -0.123789 -0.046731 -0.774967 0.271801 -0.758945 0.000954
data -0.124170 -0.047494 -0.777637 0.271801 -0.758945 0.000954
data -0.124552 -0.047494 -0.778400 0.272182 -0.762760 0.000954
data -0.124933 -0.047875 -0.779163 0.272182 -0.765430 0.000954
data -0.125315 -0.048257 -0.779926 0.272564 -0.766575 0.000954
data -0.125696 -0.048257 -0.780689 0.272564 -0.768101 0.000954
data -0.126841 -0.048638 -0.782979 0.272564 -0.771915 0.000954
data -0.126841 -0.048638 -0.782979 0.272564 -0.771915 0.000954
data -0.127222 -0.048638 -0.782979 0.272564 -0.771915 0.000954
data -0.127222 -0.048638 -0.782979 0.272564 -0.771915 0.000954
data -0.127985 -0.049401 -0.786412 0.272564 -0.776112 0.000954
data -0.128366 -0.049401 -0.787175 0.272564 -0.777256 0.000954
data -0.128366 -0.049401 -0.787175 0.272564 -0.777256 0.000954
data -0.129511 -0.050164 -0.789083 0.272564 -0.780308 0.000954
data -0.129511 -0.050164 -0.789083 0.272564 -0.780308 0.000954
data -0.129892 -0.050546 -0.790990 0.272182 -0.780308 0.000954
data -0.130655 -0.050546 -0.792134 0.272564 -0.780308 0.000954
data -0.131037 -0.050927 -0.793279 0.272564 -0.786412 0.000954
data -0.131418 -0.050927 -0.793279 0.272564 -0.786412 0.000954
data -0.131800 -0.051309 -0.795186 0.272564 -0.789083 0.000954
data -0.132181 -0.051309 -0.795949 0.272564 -0.790227 0.000954
data -0.132563 -0.051690 -0.796712 0.272564 -0.791753 0.000954
data -0.132563 -0.051690 -0.796712 0.272564 -0.791753 0.000954
data -0.132563 -0.051690 -0.796712 0.272564 -0.791753 0.000954
data -0.133707 -0.052072 -0.799764 0.272945 -0.794805 0.000954
data -0.134089 -0.052453 -0.800527 0.272945 -0.797475 0.000954
data -0.134470 -0.052453 -0.801671 0.272564 -0.798619 0.000954
data -0.135233 -0.052453 -0.802434 0.272564 -0.799764 0.000954
data -0.135614 -0.052835 -0.803197 0.272564 -0.801290 0.000954
data -0.135996 -0.052835 -0.803960 0.272564 -0.802052 0.000954
data -0.136759 -0.052835 -0.803960 0.272564 -0.802052 0.000954
data -0.136759 -0.053216 -0.806630 0.272564 -0.805867 0.000954
data -0.137522 -0.053597 -0.807393 0.272564 -0.807012 0.000954
data -0.137522 -0.053597 -0.808156 0.272564 -0.808156 0.000954
data -0.138285 -0.053979 -0.808919 0.272564 -0.809300 0.000954
data -0.138285 -0.053979 -0.809682 0.272564 -0.810445 0.000954
data -0.138666 -0.054360 -0.810826 0.272945 -0.811589 0.000954
data -0.138666 -0.054360 -0.810826 0.272945 -0.811589 0.000954
data -0.140192 -0.054742 -0.813115 0.272945 -0.811589 0.000954
data -0.140574 -0.054742 -0.813115 0.272945 -0.815022 0.000954
data -0.140955 -0.054742 -0.814641 0.272945 -0.817311 0.000954
data -0.141336 -0.055123 -0.815404 0.272945 -0.818456 0.000954
data -0.141718 -0.055123 -0.816167 0.273327 -0.819600 0.000954
data -0.142099 -0.055505 -0.816167 0.273327 -0.819600 0.000954
data -0.142481 -0.055505 -0.818074 0.273327 -0.821889 0.000954
data -0.142481 -0.055505 -0.818074 0.273327 -0.821889 0.000954
data -0.143625 -0.055886 -0.820363 0.273327 -0.821889 0.000954
data -0.144007 -0.055886 -0.821507 0.273327 -0.824941 0.000954
data -0.144007 -0.055886 -0.821507 0.273327 -0.826467 0.000954
data -0.145151 -0.056268 -0.822652 0.273327 -0.826467 0.000954
data -0.145151 -0.056268 -0.823796 0.273327 -0.829900 0.000954
data -0.145533 -0.056649 -0.824559 0.273327 -0.831044 0.000954
data -0.146296 -0.056649 -0.824559 0.273327 -0.831044 0.000954
data -0.147058 -0.057031 -0.826848 0.273708 -0.834477 0.000954
data -0.147440 -0.057031 -0.827992 0.273708 -0.836003 0.000954
data -0.147821 -0.057031 -0.828755 0.273708 -0.837148 0.000954
data -0.148203 -0.057412 -0.829518 0.274090 -0.838292 0.000954
data -0.148584 -0.057412 -0.830281 0.274090 -0.839437 0.000954
data -0.148966 -0.057412 -0.831044 0.274090 -0.840581 0.000954
data -0.149347 -0.057794 -0.831807 0.274471 -0.841725 0.000954
data -0.149729 -0.057794 -0.832952 0.274471 -0.843251 0.000954
data -0.149729 -0.057794 -0.832952 0.274471 -0.843251 0.000954
data -0.150492 -0.057794 -0.833714 0.274853 -0.844397 0.000954
data -0.151255 -0.057794 -0.834859 0.274853 -0.844397 0.000954
data -0.151636 -0.058175 -0.835622 0.275234 -0.847067 0.000954
data -0.152018 -0.058175 -0.836385 0.275616 -0.847830 0.000954
data -0.152399 -0.058175 -0.837148 0.275616 -0.848974 0.000954
data -0.152781 -0.058557 -0.837911 0.275997 -0.849737 0.000954
data -0.153543 -0.058557 -0.837911 0.275997 -0.849737 0.000954
data -0.153543 -0.058557 -0.839437 0.275997 -0.851645 0.000954
data -0.154306 -0.058938 -0.840199 0.276379 -0.853170 0.000954
data -0.154688 -0.058938 -0.840962 0.276379 -0.854315 0.000954
data -0.155069 -0.058938 -0.841725 0.276760 -0.855078 0.000954
data -0.155832 -0.059319 -0.842488 0.276760 -0.856604 0.000954
data -0.156214 -0.059319 -0.843251 0.277142 -0.857367 0.000954
data -0.156596 -0.059319 -0.844015 0.277523 -0.858511 0.000954
data -0.157359 -0.059319 -0.844015 0.277523 -0.858511 0.000954
data -0.157359 -0.059319 -0.845160 0.277905 -0.860037 0.000954
data -0.157741 -0.059319 -0.846304 0.278286 -0.861563 0.000954
data -0.158122 -0.059319 -0.847067 0.278667 -0.862326 0.000954
data -0.158504 -0.059319 -0.847448 0.278667 -0.863470 0.000954
data -0.159266 -0.059319 -0.848211 0.279049 -0.864614 0.000954
data -0.159648 -0.059319 -0.848974 0.279049 -0.864614 0.000954
data -0.160029 -0.059319 -0.848974 0.279430 -0.865759 0.000954
data -0.160029 -0.059319 -0.848974 0.279430 -0.865759 0.000954
data -0.161174 -0.059319 -0.848974 0.279430 -0.865759 0.000954
data -0.161555 -0.059701 -0.852026 0.280193 -0.868429 0.000954
data -0.161937 -0.059701 -0.852789 0.280575 -0.869574 0.000954
data -0.162318 -0.059701 -0.853552 0.280956 -0.871862 0.000954
data -0.163081 -0.059701 -0.854315 0.280956 -0.873007 0.000954
data -0.163463 -0.059701 -0.854696 0.281339 -0.874151 0.000954
data -0.163844 -0.060082 -0.855459 0.281720 -0.875296 0.000954
data -0.163844 -0.060082 -0.855459 0.281720 -0.875296 0.000954
data -0.164607 -0.060082 -0.856985 0.281720 -0.875296 0.000954
data -0.165370 -0.060464 -0.857748 0.282865 -0.878347 0.000954
data -0.165751 -0.060464 -0.858511 0.282865 -0.878347 0.000954
data -0.166133 -0.060464 -0.859274 0.283246 -0.880636 0.000954
data -0.166514 -0.060845 -0.859655 0.283628 -0.881399 0.000954
data -0.166514 -0.060845 -0.859655 0.283628 -0.881399 0.000954
data -0.167659 -0.060845 -0.860800 0.284009 -0.883307 0.000954
data -0.167659 -0.060845 -0.862326 0.284009 -0.883307 0.000954
data -0.167659 -0.060845 -0.862326 0.284009 -0.883307 0.000954
data -0.169185 -0.061227 -0.862707 0.285535 -0.885977 0.000954
data -0.169566 -0.061227 -0.864233 0.286679 -0.888266 0.000954
data -0.169948 -0.061227 -0.864996 0.287061 -0.889410 0.000954
data -0.170711 -0.061227 -0.865759 0.287824 -0.890173 0.000954
data -0.171092 -0.061227 -0.866140 0.288205 -0.891317 0.000954
data -0.171474 -0.061227 -0.866903 0.288587 -0.892080 0.000954
data -0.172618 -0.061227 -0.866903 0.288587 -0.892080 0.000954
data -0.172618 -0.061227 -0.868429 0.289731 -0.894369 0.000954
data -0.173381 -0.061227 -0.869574 0.290494 -0.895895 0.000954
data -0.173762 -0.061227 -0.870337 0.291257 -0.895895 0.000954
data -0.174144 -0.061227 -0.871099 0.291638 -0.897802 0.000954
data -0.174907 -0.061227 -0.871481 0.292020 -0.898184 0.000954
data -0.175288 -0.061608 -0.872244 0.292401 -0.899328 0.000954
data -0.175288 -0.061608 -0.872244 0.292401 -0.899328 0.000954
data -0.176814 -0.061608 -0.873770 0.293546 -0.901617 0.000954
data -0.177196 -0.061990 -0.874914 0.294309 -0.903143 0.000954
data -0.177958 -0.061990 -0.875677 0.294690 -0.904287 0.000954
data -0.178340 -0.061990 -0.876440 0.295072 -0.905050 0.000954
data -0.178721 -0.062371 -0.877584 0.295453 -0.905050 0.000954
data -0.179103 -0.062371 -0.878347 0.295835 -0.907340 0.000954
data -0.180629 -0.062371 -0.878347 0.295835 -0.907340 0.000954
data -0.180629 -0.062371 -0.878347 0.295835 -0.907340 0.000954
data -0.181010 -0.062371 -0.880636 0.296216 -0.910773 0.000954
data -0.181773 -0.062753 -0.880636 0.296216 -0.910773 0.000954
data -0.182155 -0.062753 -0.883307 0.296597 -0.913825 0.000954
data -0.182918 -0.062753 -0.884069 0.296597 -0.913825 0.000954
data -0.183299 -0.062753 -0.884832 0.296979 -0.915732 0.000954
data -0.183681 -0.063134 -0.885977 0.296979 -0.917258 0.000954
data -0.185206 -0.063134 -0.885977 0.296979 -0.917258 0.000954
data -0.185206 -0.063134 -0.887884 0.296979 -0.919547 0.000954
data -0.185588 -0.063134 -0.888647 0.297360 -0.920310 0.000954
data -0.186351 -0.063134 -0.889791 0.297360 -0.921836 0.000954
data -0.187114 -0.063516 -0.890936 0.297360 -0.922599 0.000954
data -0.187495 -0.063516 -0.891699 0.297742 -0.923743 0.000954
data -0.188258 -0.063516 -0.892843 0.297742 -0.924888 0.000954
data -0.188640 -0.063516 -0.893606 0.298123 -0.926032 0.000954
data -0.189784 -0.063516 -0.893606 0.298123 -0.926032 0.000954
data -0.189784 -0.063897 -0.895514 0.298123 -0.926032 0.000954
data -0.190547 -0.064279 -0.896658 0.298505 -0.928321 0.000954
data -0.191310 -0.064279 -0.897421 0.298505 -0.930610 0.000954
data -0.191691 -0.064660 -0.898565 0.298505 -0.931754 0.000954
data -0.192454 -0.064660 -0.899710 0.298505 -0.932899 0.000954
data -0.192836 -0.065042 -0.900473 0.298505 -0.934043 0.000954
data -0.193599 -0.065042 -0.901236 0.298505 -0.935187 0.000954
data -0.194362 -0.065423 -0.903906 0.298505 -0.935187 0.000954
data -0.194362 -0.065423 -0.903906 0.298505 -0.935187 0.000954
data -0.195506 -0.065804 -0.905050 0.298886 -0.938621 0.000954
data -0.196269 -0.065804 -0.905813 0.298886 -0.940909 0.000954
data -0.197032 -0.066186 -0.906959 0.298886 -0.941672 0.000954
data -0.197413 -0.066186 -0.907722 0.298886 -0.942817 0.000954
data -0.198176 -0.066186 -0.907722 0.298886 -0.942817 0.000954
data -0.198939 -0.066186 -0.907722 0.298886 -0.942817 0.000954
data -0.199702 -0.066567 -0.911536 0.299649 -0.946631 0.000954
data -0.199702 -0.066567 -0.911536 0.299649 -0.946631 0.000954
data -0.200847 -0.066949 -0.912299 0.299649 -0.946631 0.000954
data -0.201228 -0.066949 -0.913825 0.300031 -0.948539 0.000954
data -0.201991 -0.066949 -0.914588 0.300412 -0.949302 0.000954
data -0.202754 -0.066949 -0.915351 0.300794 -0.949683 0.000954
data -0.203135 -0.067330 -0.916495 0.300794 -0.950446 0.000954
data -0.205043 -0.067712 -0.916495 0.300794 -0.950446 0.000954
data -0.205806 -0.067712 -0.919929 0.302701 -0.952353 0.000954
data -0.206569 -0.067712 -0.921073 0.303082 -0.952353 0.000954
data -0.206950 -0.068093 -0.921836 0.303464 -0.953116 0.000954
data -0.207713 -0.068093 -0.922980 0.304227 -0.953498 0.000954
data -0.208476 -0.068093 -0.923743 0.304990 -0.953879 0.000954
data -0.209239 -0.068475 -0.924506 0.305371 -0.954261 0.000954
data -0.209239 -0.068475 -0.924506 0.305371 -0.954261 0.000954
data -0.210383 -0.068856 -0.926414 0.305371 -0.954261 0.000954
data -0.211146 -0.068856 -0.927558 0.308042 -0.954642 0.000954
data -0.211146 -0.068856 -0.927558 0.308042 -0.954642 0.000954
data -0.212672 -0.069238 -0.929084 0.309186 -0.954642 0.000954
data -0.213435 -0.069238 -0.930228 0.310712 -0.954642 0.000954
data -0.214198 -0.069619 -0.931373 0.311475 -0.954261 0.000954
data -0.214198 -0.069619 -0.931373 0.311475 -0.954261 0.000954
data -0.214580 -0.069619 -0.932136 0.312619 -0.954261 0.000954
data -0.216487 -0.070001 -0.934043 0.314527 -0.953879 0.000954
data -0.216868 -0.070001 -0.935187 0.315671 -0.953498 0.000954
data -0.217631 -0.070382 -0.935950 0.316815 -0.953498 0.000954
data -0.218394 -0.070382 -0.937095 0.317578 -0.953498 0.000954
data -0.219158 -0.070764 -0.937858 0.318723 -0.953116 0.000954
data -0.219921 -0.070764 -0.939002 0.319104 -0.952735 0.000954
data -0.220303 -0.070764 -0.939765 0.319867 -0.952735 0.000954
data -0.220303 -0.070764 -0.939765 0.319867 -0.952735 0.000954
data -0.221828 -0.070764 -0.939765 0.319867 -0.952735 0.000954
data -0.222591 -0.071527 -0.942435 0.322156 -0.951972 0.000954
data -0.223354 -0.071908 -0.943961 0.323300 -0.951591 0.000954
data -0.223736 -0.071908 -0.944724 0.323682 -0.951209 0.000954
data -0.224499 -0.072289 -0.945487 0.324063 -0.950828 0.000954
data -0.225262 -0.072671 -0.946631 0.324445 -0.950446 0.000954
data -0.226025 -0.072671 -0.947394 0.324826 -0.949683 0.000954
data -0.227169 -0.073052 -0.949302 0.325589 -0.948539 0.000954
data -0.227551 -0.073434 -0.950065 0.325971 -0.947776 0.000954
data -0.228313 -0.073434 -0.951209 0.325971 -0.947013 0.000954
data -0.229076 -0.073815 -0.951972 0.325971 -0.946250 0.000954
data -0.229839 -0.074197 -0.953116 0.326352 -0.945106 0.000954
data -0.230221 -0.074197 -0.954261 0.326352 -0.943961 0.000954
data -0.230984 -0.074578 -0.955405 0.326734 -0.942817 0.000954
data -0.232128 -0.074960 -0.956550 0.326734 -0.940909 0.000954
data -0.232128 -0.074960 -0.956550 0.326734 -0.940909 0.000954
data -0.233273 -0.075341 -0.958457 0.326734 -0.938239 0.000954
data -0.234035 -0.075341 -0.959220 0.327115 -0.937095 0.000954
data -0.234417 -0.075723 -0.960364 0.327115 -0.937095 0.000954
data -0.235180 -0.075723 -0.961127 0.327115 -0.935187 0.000954
data -0.235561 -0.076104 -0.962272 0.327497 -0.932517 0.000954
data -0.236324 -0.076486 -0.963035 0.327497 -0.930991 0.000954
data -0.237469 -0.076867 -0.964942 0.327497 -0.927558 0.000954
data -0.238232 -0.076867 -0.966086 0.327497 -0.927558 0.000954
data -0.238613 -0.077249 -0.967231 0.327497 -0.923743 0.000954
data -0.238995 -0.077630 -0.967994 0.327497 -0.921836 0.000954
data -0.239758 -0.077630 -0.968758 0.327497 -0.919929 0.000954
data -0.240139 -0.078012 -0.969902 0.327497 -0.918021 0.000954
data -0.240139 -0.078012 -0.969902 0.327497 -0.918021 0.000954
data -0.241283 -0.078774 -0.971809 0.327497 -0.912681 0.000954
data -0.241283 -0.078774 -0.971809 0.327497 -0.912681 0.000954
data -0.242046 -0.079156 -0.973335 0.327497 -0.909629 0.000954
data -0.242809 -0.079156 -0.973335 0.327497 -0.909629 0.000954
data -0.243191 -0.079537 -0.975243 0.327497 -0.909629 0.000954
data -0.243191 -0.079537 -0.976387 0.327497 -0.901617 0.000954
data -0.243572 -0.079537 -0.977150 0.327497 -0.899328 0.000954
data -0.243954 -0.079919 -0.977913 0.327115 -0.896276 0.000954
data -0.243954 -0.079919 -0.977913 0.327115 -0.896276 0.000954
data -0.243954 -0.079919 -0.977913 0.327115 -0.896276 0.000954
data -0.245098 -0.080300 -0.979820 0.327115 -0.896276 0.000954
data -0.245480 -0.080300 -0.980965 0.327115 -0.890554 0.000954
data -0.245480 -0.080300 -0.981728 0.327115 -0.883688 0.000954
data -0.245861 -0.080300 -0.982491 0.327115 -0.880636 0.000954
data -0.245861 -0.080300 -0.983253 0.327115 -0.878347 0.000954
data -0.246243 -0.080682 -0.984016 0.326734 -0.874914 0.000954
data -0.246243 -0.080682 -0.984016 0.326734 -0.874914 0.000954
data -0.246624 -0.080682 -0.985161 0.326734 -0.870337 0.001335
data -0.247005 -0.080682 -0.986305 0.326734 -0.866140 0.001335
data -0.247005 -0.080682 -0.987068 0.326352 -0.866140 0.000954
data -0.247005 -0.080682 -0.987450 0.326352 -0.860800 0.000954
data -0.247387 -0.080682 -0.988213 0.326352 -0.858130 0.000954
data -0.247387 -0.080682 -0.988976 0.325971 -0.855459 0.000954
data -0.247387 -0.080682 -0.988976 0.325971 -0.855459 0.000954
data -0.247387 -0.080682 -0.988976 0.325971 -0.855459 0.000954
data -0.247005 -0.080682 -0.990501 0.325589 -0.855459 0.000954
data -0.247005 -0.080682 -0.991646 0.325208 -0.843633 0.000954
data -0.247005 -0.080682 -0.992027 0.324826 -0.840581 0.000954
data -0.247005 -0.080682 -0.992790 0.324445 -0.840581 0.000954
data -0.247005 -0.080682 -0.993553 0.324445 -0.837529 0.000954
data -0.247005 -0.080682 -0.993935 0.324063 -0.832189 0.000954
data -0.247005 -0.080682 -0.993935 0.324063 -0.832189 0.000954
data -0.247005 -0.080682 -0.995461 0.323682 -0.826085 0.000954
data -0.247005 -0.080682 -0.996223 0.323682 -0.823415 0.000954
data -0.247005 -0.080682 -0.996223 0.323682 -0.823415 0.000954
data -0.247005 -0.080682 -0.996223 0.323682 -0.823415 0.000954
data -0.247005 -0.080682 -0.998131 0.322919 -0.817311 0.000954
data -0.247005 -0.080682 -0.998512 0.322919 -0.811208 0.000954
data -0.246624 -0.080682 -0.999275 0.322537 -0.808156 0.000954
data -0.246624 -0.080682 -0.999275 0.322537 -0.808156 0.000954
data -0.246624 -0.080682 -0.999275 0.322537 -0.808156 0.000954
data -0.246624 -0.080682 -1.001564 0.322537 -0.799001 0.000954
data -0.246624 -0.080682 -1.001945 0.322537 -0.796330 0.000954
data -0.246624 -0.080682 -1.002708 0.322537 -0.793660 0.000954
data -0.246624 -0.080682 -1.003471 0.322156 -0.790608 0.000954
data -0.246624 -0.080682 -1.003853 0.322156 -0.787557 0.000954
data -0.246243 -0.080682 -1.004616 0.322156 -0.784886 0.000954
data -0.246243 -0.080682 -1.004616 0.322156 -0.784886 0.000954
data -0.246243 -0.080682 -1.006142 0.322537 -0.778400 0.000954
data -0.246243 -0.080682 -1.006523 0.322537 -0.778400 0.000954
data -0.246243 -0.080682 -1.007286 0.322537 -0.773060 0.000954
data -0.245861 -0.080682 -1.008049 0.322537 -0.770771 0.000954
data -0.245861 -0.080682 -1.008812 0.322537 -0.768101 0.000954
data -0.245861 -0.080682 -1.009575 0.322537 -0.764668 0.000954
data -0.245861 -0.080682 -1.009575 0.322537 -0.764668 0.000954
data -0.245861 -0.080682 -1.009575 0.322537 -0.764668 0.000954
data -0.245861 -0.080682 -1.009575 0.322537 -0.764668 0.000954
data -0.246243 -0.080682 -1.011482 0.322537 -0.756657 0.000954
data -0.246243 -0.080682 -1.013008 0.322537 -0.751698 0.000954
data -0.246243 -0.080682 -1.013771 0.322537 -0.749027 0.000954
data -0.246243 -0.080682 -1.014915 0.322537 -0.746357 0.000954
data -0.246243 -0.080682 -1.015297 0.322537 -0.746357 0.000954
data -0.246243 -0.080682 -1.016060 0.322537 -0.742161 0.000954
data -0.245861 -0.080682 -1.018349 0.322537 -0.742161 0.000954
data -0.245861 -0.080682 -1.018349 0.322537 -0.742161 0.000954
data -0.245861 -0.080682 -1.018349 0.322537 -0.742161 0.000954
data -0.245861 -0.080682 -1.019493 0.322537 -0.734150 0.000954
data -0.245861 -0.080682 -1.020256 0.322537 -0.734150 0.000954
data -0.245861 -0.080682 -1.021019 0.322537 -0.726521 0.000954
data -0.245861 -0.080300 -1.021782 0.322537 -0.723469 0.000954
data -0.245861 -0.080300 -1.022545 0.322537 -0.719654 0.000954
data -0.245861 -0.080300 -1.022545 0.322537 -0.719654 0.000954
data -0.245861 -0.080300 -1.024071 0.322919 -0.716983 0.000954
data -0.245861 -0.080300 -1.024834 0.322919 -0.713168 0.000954
data -0.245861 -0.080300 -1.025597 0.322919 -0.710498 0.000954
data -0.245861 -0.080300 -1.026360 0.322919 -0.708591 0.000954
data -0.245861 -0.080300 -1.026360 0.322919 -0.708591 0.000954
data -0.245480 -0.080300 -1.028267 0.322919 -0.703631 0.000954
data -0.245098 -0.080300 -1.029411 0.322537 -0.699817 0.000954
data -0.245098 -0.080300 -1.029411 0.322537 -0.699817 0.000954
data -0.245098 -0.080300 -1.030556 0.322537 -0.699817 0.000954
data -0.244717 -0.080300 -1.031320 0.322537 -0.693713 0.000954
data -0.244717 -0.080300 -1.032083 0.322537 -0.691806 0.000954
data -0.244335 -0.080300 -1.032845 0.322537 -0.689898 0.000954
data -0.244335 -0.080300 -1.033608 0.322537 -0.688373 0.000954
data -0.243954 -0.080300 -1.034371 0.322156 -0.686084 0.000954
data -0.243954 -0.080300 -1.034371 0.322156 -0.686084 0.000954
data -0.243954 -0.080300 -1.035897 0.322156 -0.682269 0.000954
data -0.243954 -0.080300 -1.037042 0.322156 -0.679217 0.000954
data -0.243572 -0.080300 -1.037805 0.321774 -0.677691 0.000954
data -0.243572 -0.080300 -1.038568 0.322156 -0.677691 0.000954
data -0.243572 -0.080300 -1.039330 0.322156 -0.673495 0.000954
data -0.243572 -0.080300 -1.040093 0.322156 -0.671969 0.000954
data -0.243191 -0.080300 -1.040093 0.322156 -0.671969 0.000954
data -0.243191 -0.080300 -1.042382 0.322156 -0.667010 0.000954
data -0.242809 -0.080300 -1.043145 0.322156 -0.665103 0.000954
data -0.242809 -0.080300 -1.044290 0.322156 -0.663196 0.000954
data -0.242428 -0.080300 -1.045053 0.322156 -0.661288 0.000954
data -0.242428 -0.080300 -1.045434 0.322156 -0.660144 0.000954
data -0.242046 -0.079919 -1.046197 0.322156 -0.658618 0.000954
data -0.242046 -0.079919 -1.046197 0.322156 -0.658618 0.000954
data -0.241665 -0.079919 -1.046197 0.322156 -0.658618 0.000954
data -0.241665 -0.079919 -1.048867 0.321774 -0.653276 0.000954
data -0.241283 -0.079919 -1.050012 0.321774 -0.650225 0.000954
data -0.241283 -0.079919 -1.050775 0.321774 -0.648699 0.000954
data -0.241283 -0.079919 -1.051538 0.321774 -0.647173 0.000954
data -0.241283 -0.079919 -1.052300 0.321774 -0.647173 0.000954
data -0.240902 -0.079919 -1.053063 0.321774 -0.644121 0.000954
data -0.240902 -0.079919 -1.053063 0.321774 -0.644121 0.000954
data -0.240902 -0.079919 -1.055352 0.321774 -0.640306 0.000954
data -0.240902 -0.079919 -1.055352 0.321774 -0.640306 0.000954
data -0.240902 -0.079919 -1.056878 0.321774 -0.640306 0.000954
data -0.240902 -0.079919 -1.057260 0.321774 -0.637636 0.000954
data -0.240520 -0.079919 -1.057641 0.321393 -0.635729 0.000954
data -0.240520 -0.079919 -1.057641 0.321393 -0.635729 0.000954
data -0.240520 -0.079919 -1.059930 0.321774 -0.631914 0.000954
data -0.240139 -0.079919 -1.061074 0.321774 -0.630388 0.000954
data -0.240139 -0.079919 -1.061837 0.321393 -0.628862 0.000954
data -0.239758 -0.079919 -1.062219 0.321393 -0.627718 0.000954
data -0.239758 -0.079919 -1.062982 0.321393 -0.626192 0.000954
data -0.239758 -0.079919 -1.063745 0.321393 -0.625429 0.000954
data -0.239758 -0.079919 -1.064507 0.321393 -0.623903 0.000954
data -0.239758 -0.079919 -1.065270 0.321393 -0.623140 0.000954
data -0.239376 -0.079919 -1.067178 0.321012 -0.620470 0.000954
data -0.239376 -0.079919 -1.067178 0.321012 -0.620470 0.000954
data -0.239376 -0.079919 -1.067178 0.321012 -0.620470 0.000954
data -0.239376 -0.079919 -1.067941 0.321012 -0.618944 0.000954
data -0.239376 -0.079919 -1.069085 0.320630 -0.617418 0.000954
data -0.239376 -0.079919 -1.069848 0.320630 -0.616274 0.000954
data -0.239376 -0.079537 -1.070230 0.320249 -0.615511 0.000954
data -0.239758 -0.079919 -1.070992 0.320249 -0.613985 0.000954
data -0.239758 -0.079919 -1.070992 0.320249 -0.613985 0.000954
data -0.239376 -0.079537 -1.070992 0.320249 -0.613985 0.000954
data -0.239376 -0.079537 -1.073281 0.319867 -0.610933 0.000954
data -0.239376 -0.079537 -1.074044 0.319867 -0.610170 0.000954
data -0.239376 -0.079537 -1.074807 0.319867 -0.609407 0.000954
data -0.239758 -0.079537 -1.075570 0.319486 -0.608263 0.000954
data -0.239758 -0.079537 -1.076333 0.319486 -0.607882 0.000954
data -0.239376 -0.079537 -1.076715 0.319486 -0.606737 0.000954
data -0.239376 -0.079537 -1.076715 0.319486 -0.606737 0.000954
data -0.239376 -0.079537 -1.077859 0.319104 -0.605593 0.000954
data -0.239376 -0.079537 -1.079003 0.319104 -0.604067 0.000954
data -0.239376 -0.079537 -1.079766 0.318723 -0.603304 0.000954
data -0.239758 -0.079537 -1.080529 0.318723 -0.603304 0.000954
data -0.239376 -0.079537 -1.080911 0.318341 -0.601778 0.000954
data -0.239376 -0.079537 -1.081674 0.318341 -0.600634 0.000954
data -0.239376 -0.079537 -1.082437 0.317960 -0.599489 0.000954
data -0.239376 -0.079537 -1.082437 0.317960 -0.599489 0.000954
data -0.239376 -0.079537 -1.083581 0.317197 -0.598726 0.000954
data -0.239376 -0.079537 -1.084725 0.316815 -0.597582 0.000954
data -0.239376 -0.079537 -1.085107 0.316815 -0.596819 0.000954
data -0.239758 -0.079537 -1.085870 0.316434 -0.596056 0.000954
data -0.239376 -0.079537 -1.086251 0.316052 -0.595675 0.000954
data -0.239376 -0.079537 -1.087014 0.316052 -0.594912 0.000954
data -0.239758 -0.079537 -1.087396 0.315671 -0.594530 0.000954
data -0.239758 -0.079537 -1.087396 0.315671 -0.594530 0.000954
data -0.239758 -0.079537 -1.088540 0.315289 -0.593385 0.000954
data -0.239758 -0.079537 -1.089303 0.315289 -0.593003 0.000954
data -0.239758 -0.079537 -1.089684 0.315289 -0.592622 0.000954
data -0.239376 -0.079537 -1.090447 0.315289 -0.592240 0.000954
data -0.239758 -0.079537 -1.090829 0.315289 -0.591096 0.000954
data -0.239758 -0.079537 -1.091210 0.315289 -0.590714 0.000954
data -0.239758 -0.079537 -1.091210 0.315289 -0.590714 0.000954
data -0.239758 -0.079537 -1.092355 0.315289 -0.589952 0.000954
data -0.239376 -0.079537 -1.092736 0.315289 -0.589952 0.000954
data -0.239758 -0.079537 -1.093118 0.315289 -0.589189 0.000954
data -0.239758 -0.079537 -1.093499 0.315289 -0.588807 0.000954
data -0.239758 -0.079537 -1.093882 0.315289 -0.588426 0.000954
data -0.239758 -0.079537 -1.093882 0.315289 -0.588426 0.000954
data -0.239758 -0.079537 -1.093882 0.315289 -0.588426 0.000954
data -0.239758 -0.079537 -1.093882 0.315289 -0.588426 0.000954
data -0.239758 -0.079537 -1.095789 0.315671 -0.586900 0.000954
data -0.239758 -0.079537 -1.095789 0.315671 -0.586900 0.000954
data -0.239758 -0.079537 -1.096552 0.315289 -0.586518 0.000954
data -0.239758 -0.079537 -1.096552 0.315289 -0.586518 0.000954
data -0.239758 -0.079537 -1.097315 0.315671 -0.585755 0.000954
data -0.239758 -0.079537 -1.097696 0.315671 -0.585755 0.000954
data -0.239758 -0.079537 -1.097696 0.315671 -0.585755 0.000954
data -0.239758 -0.079537 -1.098078 0.315289 -0.584992 0.000954
data -0.239758 -0.079537 -1.098841 0.315289 -0.584992 0.000954
data -0.239758 -0.079537 -1.099222 0.315289 -0.584611 0.000954
data -0.239758 -0.079537 -1.099604 0.315289 -0.584611 0.000954
data -0.239758 -0.079537 -1.099985 0.314908 -0.584229 0.000954
data -0.239758 -0.079537 -1.100367 0.314908 -0.584229 0.000954
data -0.239758 -0.079537 -1.100748 0.314908 -0.583848 0.000954
data -0.239758 -0.079537 -1.101130 0.314908 -0.584229 0.000954
data -0.239758 -0.079537 -1.101130 0.314908 -0.584229 0.000954
data -0.239758 -0.079537 -1.101130 0.314908 -0.584229 0.000954
data -0.239758 -0.079537 -1.101130 0.314908 -0.584229 0.000954
data -0.239758 -0.079537 -1.102274 0.314908 -0.584229 0.000954
data -0.239758 -0.079537 -1.102274 0.314908 -0.584229 0.000954
data -0.239758 -0.079537 -1.102655 0.314908 -0.584229 0.000954
data -0.239758 -0.079537 -1.103037 0.314908 -0.584611 0.000954
data -0.239758 -0.079537 -1.103037 0.314908 -0.584611 0.000954
data -0.239758 -0.079537 -1.103418 0.314908 -0.584611 0.000954
data -0.239758 -0.079537 -1.103418 0.314908 -0.584611 0.000954
data -0.239758 -0.079537 -1.103418 0.314527 -0.584992 0.000954
data -0.239758 -0.079919 -1.103418 0.314527 -0.584992 0.000954
data -0.239758 -0.079919 -1.103418 0.314527 -0.584992 0.000954
data -0.239758 -0.079919 -1.103418 0.314527 -0.584992 0.000954
data -0.239758 -0.079919 -1.103418 0.314145 -0.584992 0.000954
data -0.239758 -0.079919 -1.103418 0.313764 -0.584992 0.000954
data -0.239758 -0.080300 -1.103418 0.313382 -0.584992 0.000954
data -0.239758 -0.080300 -1.103418 0.313382 -0.584992 0.000954
data -0.239758 -0.080300 -1.103418 0.312619 -0.584611 0.000954
data -0.239758 -0.080300 -1.103418 0.312619 -0.584611 0.000954
data -0.239758 -0.080682 -1.103418 0.312238 -0.584611 0.000954
data -0.239758 -0.080682 -1.103418 0.311475 -0.584611 0.000954
data -0.239758 -0.081063 -1.103418 0.310712 -0.584229 0.000954
data -0.239758 -0.081063 -1.103418 0.310712 -0.584229 0.000954
data -0.239758 -0.081445 -1.103418 0.310712 -0.584229 0.000954
data -0.239758 -0.081445 -1.103418 0.309186 -0.583848 0.000954
data -0.239376 -0.081826 -1.103418 0.308423 -0.583848 0.000954
data -0.239376 -0.081826 -1.103037 0.308042 -0.583848 0.000954
data -0.239758 -0.082208 -1.103418 0.307660 -0.583848 0.000954
data -0.239376 -0.082208 -1.103037 0.307279 -0.583848 0.000954
data -0.239376 -0.082589 -1.103037 0.306897 -0.583848 0.000954
data -0.239376 -0.082971 -1.103037 0.306897 -0.583848 0.000954
data -0.239376 -0.082971 -1.103037 0.306897 -0.583848 0.000954
data -0.239376 -0.082971 -1.103037 0.304990 -0.583848 0.000954
data -0.239376 -0.082971 -1.103037 0.304990 -0.583848 0.000954
data -0.239376 -0.083352 -1.103037 0.304990 -0.583848 0.000954
data -0.239758 -0.083734 -1.103037 0.303845 -0.584611 0.001335
data -0.239758 -0.083734 -1.103037 0.303464 -0.584611 0.000954
data -0.239376 -0.083734 -1.103037 0.302701 -0.585374 0.001335
data -0.239376 -0.083734 -1.103037 0.302701 -0.585374 0.001335
data -0.239376 -0.083734 -1.103037 0.302701 -0.585374 0.001335
data -0.239376 -0.084115 -1.103037 0.301938 -0.585755 0.001335
data -0.239376 -0.084115 -1.103037 0.301557 -0.586518 0.001335
data -0.239376 -0.084115 -1.103037 0.300794 -0.586900 0.001335
data -0.239376 -0.084115 -1.103037 0.300412 -0.587281 0.001717
data -0.239376 -0.084115 -1.103037 0.300031 -0.587281 0.001717
data -0.239376 -0.084496 -1.103037 0.299649 -0.587663 0.001335
data -0.239376 -0.084496 -1.103037 0.299649 -0.588807 0.001717
data -0.239376 -0.084496 -1.103037 0.299268 -0.589189 0.001717
data -0.239376 -0.084496 -1.103037 0.298123 -0.590714 0.001717
data -0.239376 -0.084878 -1.103037 0.298123 -0.590714 0.001717
data -0.239376 -0.084878 -1.103037 0.297360 -0.592622 0.001717
data -0.239376 -0.084878 -1.103037 0.297360 -0.592622 0.001717
data -0.239376 -0.084878 -1.103037 0.295835 -0.594912 0.001717
data -0.239376 -0.084878 -1.103037 0.295835 -0.594912 0.001717
data -0.239376 -0.084878 -1.103037 0.295835 -0.594912 0.001717
data -0.239376 -0.084878 -1.103037 0.293164 -0.601015 0.001717
data -0.239376 -0.084878 -1.103037 0.292401 -0.602922 0.001717
data -0.239376 -0.084878 -1.103037 0.292020 -0.604448 0.001717
data -0.239376 -0.084878 -1.103037 0.290875 -0.606356 0.001717
data -0.239376 -0.085259 -1.103037 0.290875 -0.606356 0.001717
data -0.239376 -0.085259 -1.103037 0.289731 -0.610933 0.001717
data -0.239376 -0.085259 -1.103037 0.289731 -0.610933 0.001717
data -0.239376 -0.085259 -1.103037 0.288205 -0.616274 0.001717
data -0.239376 -0.085259 -1.103037 0.288205 -0.616274 0.001717
data -0.239376 -0.085641 -1.103037 0.287442 -0.619326 0.001717
data -0.239376 -0.085641 -1.103037 0.286679 -0.622759 0.001717
data -0.239376 -0.085641 -1.103037 0.286679 -0.622759 0.001717
data -0.239376 -0.085641 -1.103037 0.285535 -0.627718 0.001717
data -0.239376 -0.085641 -1.103037 0.285535 -0.627718 0.001717
data -0.239376 -0.085641 -1.103037 0.285535 -0.627718 0.001717
data -0.239758 -0.085641 -1.103037 0.283628 -0.634203 0.001717
data -0.239758 -0.085641 -1.103037 0.283628 -0.634203 0.001717
data -0.239376 -0.085641 -1.103037 0.282865 -0.641069 0.001717
data -0.239376 -0.085641 -1.103037 0.281720 -0.646029 0.001717
data -0.239376 -0.086022 -1.103037 0.281339 -0.649080 0.001717
data -0.239376 -0.086022 -1.103037 0.280575 -0.652895 0.001717
data -0.239376 -0.086022 -1.103037 0.279430 -0.656329 0.001717
data -0.239376 -0.086022 -1.103037 0.279430 -0.656329 0.001717
data -0.239376 -0.086022 -1.103037 0.279430 -0.656329 0.001717
data -0.239376 -0.086022 -1.103037 0.279430 -0.656329 0.001717
data -0.239376 -0.086022 -1.103037 0.279430 -0.656329 0.001717
data -0.239376 -0.086785 -1.103037 0.275234 -0.674640 0.001335
data -0.239376 -0.086785 -1.103037 0.275234 -0.674640 0.001335
data -0.239376 -0.087548 -1.103037 0.273708 -0.681506 0.001335
data -0.239376 -0.087548 -1.103037 0.273708 -0.681506 0.001335
data -0.239376 -0.087548 -1.103037 0.271038 -0.681506 0.001335
data -0.239376 -0.087930 -1.103037 0.271038 -0.691424 0.001335
data -0.239376 -0.087930 -1.103037 0.268749 -0.700961 0.001335
data -0.239376 -0.087930 -1.103037 0.267986 -0.705920 0.001335
data -0.239376 -0.087930 -1.103037 0.267986 -0.705920 0.001335
data -0.239376 -0.088311 -1.103037 0.266460 -0.711261 0.001335
data -0.239376 -0.088693 -1.103037 0.264172 -0.720798 0.001335
data -0.239376 -0.088693 -1.103037 0.264172 -0.720798 0.001335
data -0.239376 -0.088693 -1.103037 0.264172 -0.720798 0.001335
data -0.239376 -0.088693 -1.103037 0.264172 -0.720798 0.001335
data -0.239376 -0.089456 -1.103037 0.264172 -0.720798 0.001335
data -0.239758 -0.089837 -1.103037 0.260357 -0.740253 0.001335
data -0.239758 -0.090219 -1.103037 0.258450 -0.749409 0.001335
data -0.239758 -0.090219 -1.103037 0.257687 -0.754368 0.001335
data -0.239758 -0.090219 -1.103037 0.257687 -0.754368 0.001335
data -0.239758 -0.090219 -1.103037 0.257687 -0.754368 0.001335
data -0.239758 -0.091363 -1.103037 0.254635 -0.769245 0.001335
data -0.240139 -0.091744 -1.103037 0.252728 -0.779926 0.001335
data -0.240139 -0.091744 -1.103037 0.251583 -0.779926 0.001335
data -0.240139 -0.091744 -1.103037 0.251583 -0.784886 0.001335
data -0.240520 -0.091744 -1.103037 0.251583 -0.784886 0.001335
data -0.240520 -0.092507 -1.103037 0.251583 -0.784886 0.001335
data -0.240520 -0.093270 -1.103037 0.247005 -0.808537 0.001335
data -0.240520 -0.093270 -1.103037 0.247005 -0.808537 0.001335
data -0.240520 -0.093652 -1.103037 0.247005 -0.808537 0.001335
data -0.240520 -0.093652 -1.103037 0.244717 -0.821889 0.001335
data -0.240520 -0.094034 -1.103037 0.243954 -0.827611 0.001335
data -0.240520 -0.094034 -1.103037 0.242809 -0.833333 0.001335
data -0.240520 -0.094416 -1.103037 0.242046 -0.838674 0.001335
data -0.240520 -0.094416 -1.103037 0.240902 -0.845922 0.001335
data -0.240520 -0.094416 -1.103037 0.240902 -0.845922 0.001335
data -0.240520 -0.094797 -1.103037 0.238613 -0.855841 0.001335
data -0.240520 -0.095179 -1.103037 0.237850 -0.865759 0.001335
data -0.240520 -0.095179 -1.103037 0.237087 -0.871099 0.001335
data -0.240520 -0.095179 -1.103037 0.236324 -0.877203 0.001335
data -0.240520 -0.095179 -1.103037 0.235561 -0.883307 0.001335
data -0.240520 -0.095560 -1.103037 0.234798 -0.889410 0.001335
data -0.240520 -0.095560 -1.103037 0.234035 -0.896276 0.001335
data -0.240520 -0.095560 -1.103037 0.234035 -0.896276 0.001335
data -0.240520 -0.095560 -1.103037 0.234035 -0.896276 0.001335
data -0.240520 -0.095942 -1.103037 0.232510 -0.908866 0.001335
data -0.240520 -0.096323 -1.103037 0.232128 -0.921454 0.001335
data -0.240520 -0.096323 -1.103037 0.231747 -0.921454 0.001335
data -0.240520 -0.096704 -1.103037 0.231365 -0.934424 0.001335
data -0.240520 -0.097086 -1.103037 0.231365 -0.934424 0.001335
data -0.240520 -0.097086 -1.103037 0.230602 -0.952735 0.001335
data -0.240520 -0.097086 -1.103037 0.230602 -0.952735 0.001335
data -0.240520 -0.097467 -1.103037 0.229839 -0.961509 0.001335
data -0.240520 -0.097467 -1.103037 0.229458 -0.972191 0.001335
data -0.240520 -0.097849 -1.103037 0.229458 -0.979057 0.001335
data -0.240520 -0.098230 -1.103037 0.229076 -0.985542 0.001335
data -0.240520 -0.098230 -1.103037 0.228695 -0.994316 0.001335
data -0.240520 -0.098612 -1.103037 0.228695 -0.999657 0.000954
data -0.240520 -0.098612 -1.103037 0.228695 -1.005760 0.000954
data -0.240520 -0.098612 -1.103037 0.228695 -1.005760 0.000954
data -0.240520 -0.098993 -1.103037 0.228313 -1.018349 0.000954
data -0.240520 -0.098993 -1.103037 0.228313 -1.018349 0.000954
data -0.240520 -0.099375 -1.103037 0.227551 -1.034753 0.000572
data -0.240520 -0.099375 -1.103037 0.227551 -1.034753 0.000572
data -0.240520 -0.099375 -1.103037 0.227551 -1.042001 0.000572
data -0.240520 -0.099375 -1.103037 0.227169 -1.051156 0.000191
data -0.240520 -0.099756 -1.103037 0.227169 -1.051156 0.000191
data -0.240520 -0.099756 -1.103037 0.226788 -1.070230 -0.000191
data -0.240520 -0.099756 -1.103037 0.226788 -1.075952 -0.000191
data -0.240520 -0.100138 -1.103037 0.226788 -1.082055 -0.000191
data -0.240520 -0.100138 -1.103037 0.226788 -1.088540 -0.000191
data -0.240520 -0.100138 -1.103037 0.226788 -1.088540 -0.000191
data -0.240520 -0.100138 -1.103037 0.226788 -1.088540 -0.000191
data -0.240520 -0.100138 -1.103037 0.226788 -1.104181 -0.000572
data -0.240520 -0.100138 -1.103037 0.226788 -1.104181 -0.000572
data -0.240520 -0.100138 -1.103037 0.226788 -1.104181 -0.000572
data -0.240520 -0.100519 -1.103037 0.227169 -1.127832 -0.000954
data -0.240520 -0.100519 -1.103037 0.227169 -1.133936 -0.001335
data -0.240520 -0.100519 -1.103037 0.227169 -1.133936 -0.001335
data -0.240520 -0.100519 -1.103037 0.227169 -1.144999 -0.001335
data -0.240520 -0.100519 -1.103037 0.227169 -1.153391 -0.001335
data -0.240520 -0.100519 -1.103037 0.227169 -1.153391 -0.001335
data -0.240520 -0.100519 -1.103037 0.227169 -1.167506 -0.001335
data -0.240520 -0.100519 -1.103037 0.227169 -1.167506 -0.001335
data -0.240520 -0.100519 -1.103037 0.227169 -1.180858 -0.001717
data -0.240520 -0.100519 -1.103037 0.227169 -1.187343 -0.001335
data -0.240520 -0.100519 -1.103037 0.227169 -1.193828 -0.001717
data -0.240520 -0.100519 -1.103037 0.227169 -1.200694 -0.001717
data -0.240520 -0.100519 -1.103037 0.227169 -1.206798 -0.001335
data -0.240520 -0.100519 -1.103037 0.227169 -1.206798 -0.001335
data -0.240520 -0.100519 -1.103037 0.227551 -1.219387 -0.001335
data -0.240520 -0.100519 -1.103037 0.227551 -1.228542 -0.001717
data -0.240520 -0.100519 -1.103037 0.227932 -1.228542 -0.001717
data -0.240520 -0.100519 -1.103037 0.228313 -1.235790 -0.001717
data -0.240520 -0.100519 -1.103037 0.228313 -1.246853 -0.001717
data -0.240520 -0.100519 -1.103037 0.228695 -1.252193 -0.001717
data -0.240520 -0.100519 -1.103037 0.228695 -1.252193 -0.001717
data -0.240520 -0.100519 -1.103037 0.228695 -1.252193 -0.001717
data -0.240520 -0.100519 -1.103037 0.229076 -1.267071 -0.001717
data -0.240520 -0.100519 -1.103037 0.229458 -1.278515 -0.001717
data -0.240520 -0.100519 -1.103037 0.229458 -1.278515 -0.001717
data -0.240520 -0.100519 -1.103037 0.229839 -1.290341 -0.001717
data -0.240520 -0.100519 -1.103037 0.229839 -1.290341 -0.001717
data -0.240520 -0.100519 -1.103037 0.230221 -1.297971 -0.002098
data -0.240520 -0.100519 -1.103037 0.230221 -1.297971 -0.002098
data -0.240520 -0.100519 -1.103037 0.230984 -1.312848 -0.002098
data -0.240520 -0.100519 -1.103037 0.230984 -1.317044 -0.002098
data -0.240520 -0.100519 -1.103037 0.230984 -1.317044 -0.002098
data -0.240520 -0.100519 -1.103037 0.231365 -1.328107 -0.002098
data -0.240520 -0.100519 -1.103037 0.231365 -1.336118 -0.002480
data -0.240520 -0.100519 -1.103037 0.231747 -1.341458 -0.002480
data -0.240520 -0.100519 -1.103037 0.232128 -1.346418 -0.002480
data -0.240520 -0.100519 -1.103037 0.232510 -1.361677 -0.002480
data -0.240520 -0.100519 -1.103037 0.232510 -1.361677 -0.002480
data -0.240520 -0.100519 -1.103037 0.232510 -1.361677 -0.002480
data -0.240520 -0.100519 -1.103037 0.232510 -1.361677 -0.002480
data -0.240520 -0.100519 -1.103037 0.233654 -1.376936 -0.002480
data -0.240520 -0.100519 -1.103037 0.233654 -1.381514 -0.002480
data -0.240520 -0.100519 -1.103037 0.234035 -1.388762 -0.002480
data -0.240520 -0.100519 -1.103037 0.234035 -1.388762 -0.002480
data -0.240520 -0.100519 -1.103037 0.234035 -1.396772 -0.002480
data -0.240520 -0.100519 -1.103037 0.234035 -1.396772 -0.002480
data -0.240520 -0.100138 -1.103037 0.234035 -1.396772 -0.002480
data -0.240520 -0.100519 -1.103037 0.234798 -1.410888 -0.002480
data -0.240520 -0.100519 -1.103037 0.234798 -1.418517 -0.002480
data -0.240520 -0.100138 -1.103418 0.235180 -1.427291 -0.002480
data -0.240520 -0.100138 -1.103037 0.235180 -1.434157 -0.002480
data -0.240520 -0.100138 -1.103418 0.235561 -1.439116 -0.002480
data -0.240520 -0.100138 -1.103418 0.235561 -1.439116 -0.002480
data -0.240520 -0.100138 -1.103418 0.235561 -1.439116 -0.002480
data -0.240902 -0.100138 -1.103418 0.236324 -1.452086 -0.002098
data -0.240902 -0.100138 -1.103418 0.236706 -1.452086 -0.002098
data -0.240902 -0.100138 -1.103418 0.237087 -1.467345 -0.002098
data -0.240902 -0.100138 -1.103418 0.237469 -1.473068 -0.002480
data -0.240902 -0.100138 -1.103418 0.237469 -1.473068 -0.002480
data -0.241283 -0.100138 -1.103418 0.238613 -1.483749 -0.002098
data -0.241665 -0.100138 -1.103418 0.238613 -1.483749 -0.002098
data -0.241665 -0.100138 -1.103418 0.239376 -1.493668 -0.002098
data -0.241665 -0.100138 -1.103418 0.240139 -1.501678 -0.002480
data -0.242046 -0.100138 -1.103418 0.240902 -1.501678 -0.002480
data -0.242046 -0.100138 -1.103418 0.241283 -1.511978 -0.002480
data -0.242428 -0.100138 -1.103418 0.241283 -1.511978 -0.002480
data -0.242428 -0.100138 -1.103418 0.242428 -1.520370 -0.002480
data -0.242809 -0.100138 -1.103418 0.242428 -1.520370 -0.002480
data -0.242809 -0.100138 -1.103418 0.242428 -1.520370 -0.002480
data -0.242809 -0.100138 -1.103418 0.243572 -1.528763 -0.002098
data -0.243191 -0.100138 -1.103418 0.245098 -1.540971 -0.002098
data -0.243191 -0.100138 -1.103418 0.245861 -1.545930 -0.002480
data -0.243191 -0.100138 -1.103418 0.245861 -1.545930 -0.002480
data -0.243572 -0.100138 -1.103418 0.247005 -1.555467 -0.002098
data -0.243572 -0.100519 -1.103418 0.247387 -1.555467 -0.002098
data -0.243954 -0.100138 -1.103418 0.248150 -1.563096 -0.002098
data -0.244335 -0.100138 -1.103418 0.248150 -1.563096 -0.002098
data -0.244335 -0.100138 -1.103418 0.249294 -1.563096 -0.002098
data -0.244717 -0.100138 -1.103418 0.249676 -1.563096 -0.002098
data -0.244717 -0.100519 -1.103418 0.250820 -1.573014 -0.002098
data -0.245098 -0.100519 -1.103418 0.251583 -1.581407 -0.002098
data -0.245098 -0.100138 -1.103418 0.251965 -1.589417 -0.002098
data -0.245480 -0.100138 -1.103418 0.253109 -1.596666 -0.001717
data -0.245480 -0.100138 -1.103418 0.253109 -1.596666 -0.001717
data -0.245480 -0.100138 -1.103418 0.253109 -1.596666 -0.001717
data -0.245861 -0.100138 -1.103418 0.254635 -1.608873 -0.001717
data -0.245861 -0.100519 -1.103418 0.255398 -1.612688 -0.001717
data -0.246243 -0.100519 -1.103418 0.256161 -1.616503 -0.001717
data -0.246243 -0.100519 -1.103418 0.256161 -1.616503 -0.001717
data -0.246624 -0.100138 -1.103418 0.256924 -1.624132 -0.001717
data -0.246624 -0.100519 -1.103418 0.257687 -1.627947 -0.001717
data -0.246624 -0.100519 -1.103418 0.257687 -1.627947 -0.001717
data -0.247005 -0.100138 -1.103418 0.258831 -1.627947 -0.001717
data -0.247387 -0.100138 -1.103418 0.259212 -1.636339 -0.001717
data -0.247387 -0.100138 -1.103418 0.259212 -1.636339 -0.001717
data -0.247768 -0.100519 -1.103418 0.261120 -1.636339 -0.001717
data -0.248150 -0.100138 -1.103418 0.261501 -1.649691 -0.001717
data -0.248150 -0.100138 -1.103418 0.261501 -1.649691 -0.001717
data -0.248531 -0.100519 -1.103418 0.262646 -1.656176 -0.001717
data -0.248531 -0.100519 -1.103418 0.262646 -1.656176 -0.001717
data -0.249294 -0.100138 -1.103418 0.264172 -1.656176 -0.001717
data -0.249294 -0.100519 -1.103418 0.264935 -1.665332 -0.001717
data -0.249676 -0.100519 -1.103418 0.265697 -1.668002 -0.001717
data -0.250057 -0.100138 -1.103418 0.266079 -1.670672 -0.001717
data -0.250439 -0.100519 -1.103418 0.266842 -1.670672 -0.001717
data -0.250439 -0.100138 -1.103418 0.267223 -1.675250 -0.001717
data -0.250820 -0.100138 -1.103418 0.267986 -1.677539 -0.001335
data -0.250820 -0.100138 -1.103418 0.267986 -1.677539 -0.001335
data -0.251583 -0.100519 -1.103418 0.268749 -1.681354 -0.001335
data -0.251583 -0.100519 -1.103418 0.268749 -1.681354 -0.001335
data -0.251583 -0.100519 -1.103418 0.268749 -1.681354 -0.001335
data -0.252728 -0.100519 -1.103418 0.270275 -1.681354 -0.001335
data -0.253109 -0.100519 -1.103418 0.271038 -1.688220 -0.001335
data -0.253490 -0.100519 -1.103418 0.271420 -1.689364 -0.001335
data -0.253872 -0.100138 -1.103418 0.271801 -1.690890 -0.001335
data -0.253872 -0.100138 -1.103418 0.271801 -1.690890 -0.001335
data -0.253872 -0.100138 -1.103418 0.271801 -1.690890 -0.001335
data -0.255016 -0.100519 -1.103418 0.272945 -1.693179 -0.001335
data -0.255398 -0.100138 -1.103418 0.273327 -1.694324 -0.001335
data -0.255779 -0.100519 -1.103418 0.273327 -1.694324 -0.001335
data -0.256161 -0.100519 -1.103418 0.273708 -1.695468 -0.001335
data -0.256542 -0.100519 -1.103418 0.273708 -1.695468 -0.001335
data -0.256542 -0.100519 -1.103418 0.273708 -1.695468 -0.001335
data -0.257687 -0.100519 -1.103418 0.274471 -1.695468 -0.001335
data -0.257687 -0.100138 -1.103418 0.274853 -1.695468 -0.001335
data -0.258450 -0.100138 -1.103418 0.274853 -1.695086 -0.001335
data -0.258831 -0.100138 -1.103418 0.275234 -1.694705 -0.001335
data -0.259212 -0.100138 -1.103418 0.275616 -1.694324 -0.001335
data -0.259212 -0.100519 -1.103418 0.275616 -1.693942 -0.000954
data -0.259975 -0.100519 -1.103418 0.275616 -1.693561 -0.001335
data -0.259975 -0.100519 -1.103418 0.275616 -1.693561 -0.001335
data -0.260738 -0.100138 -1.103418 0.275616 -1.693561 -0.001335
data -0.261120 -0.100519 -1.103418 0.275997 -1.692798 -0.000954
data -0.261501 -0.100519 -1.103418 0.275997 -1.691653 -0.000954
data -0.261883 -0.100519 -1.103418 0.275997 -1.690890 -0.000954
data -0.262264 -0.100519 -1.103418 0.276379 -1.690890 -0.000954
data -0.262646 -0.100519 -1.103418 0.276379 -1.690127 -0.000572
data -0.263027 -0.100519 -1.103418 0.276379 -1.688983 -0.000572
data -0.263027 -0.100519 -1.103418 0.276379 -1.688983 -0.000572
data -0.263027 -0.100519 -1.103418 0.276379 -1.688983 -0.000572
data -0.264172 -0.100138 -1.103418 0.276379 -1.687457 -0.000572
data -0.264553 -0.100138 -1.103418 0.276379 -1.685550 -0.000191
data -0.264935 -0.100519 -1.103418 0.276379 -1.685550 -0.000191
data -0.265316 -0.100519 -1.103418 0.276379 -1.684405 -0.000191
data -0.265316 -0.100138 -1.103418 0.276379 -1.682879 -0.000191
data -0.266079 -0.100138 -1.103418 0.276379 -1.680591 -0.000191
data -0.266460 -0.100519 -1.103418 0.276379 -1.680591 -0.000191
data -0.266460 -0.100519 -1.103418 0.276379 -1.678302 0.000191
data -0.266842 -0.100519 -1.103418 0.276379 -1.677539 0.000191
data -0.267223 -0.100138 -1.103418 0.275997 -1.675250 0.000191
data -0.267605 -0.100138 -1.103418 0.276379 -1.673343 0.000191
data -0.267986 -0.100519 -1.103418 0.275997 -1.671435 0.000191
data -0.268368 -0.100138 -1.103418 0.275997 -1.669528 0.000191
data -0.268749 -0.100138 -1.103418 0.275997 -1.669528 0.000572
data -0.268749 -0.100138 -1.103418 0.275997 -1.669528 0.000572
data -0.269131 -0.100138 -1.103418 0.275997 -1.667621 0.000572
data -0.269512 -0.100138 -1.103418 0.275997 -1.662662 0.000572
data -0.269894 -0.100138 -1.103418 0.275997 -1.658465 0.000572
data -0.270275 -0.100138 -1.103418 0.275997 -1.655413 0.000572
data -0.270275 -0.100138 -1.103418 0.275997 -1.653124 0.000572
data -0.270657 -0.100138 -1.103418 0.275997 -1.650454 0.000572
data -0.270657 -0.100138 -1.103418 0.275997 -1.650454 0.000572
data -0.270657 -0.100138 -1.103418 0.275997 -1.650454 0.000572
data -0.271420 -0.100138 -1.103418 0.275997 -1.650454 0.000572
data -0.271801 -0.100138 -1.103418 0.275997 -1.639772 0.000572
data -0.271801 -0.100138 -1.103418 0.275997 -1.639772 0.000572
data -0.272182 -0.100138 -1.103418 0.275997 -1.631762 0.000572
data -0.272564 -0.100138 -1.103418 0.275997 -1.625277 0.000572
data -0.272945 -0.100138 -1.103418 0.275997 -1.622225 0.000191
data -0.273327 -0.100138 -1.103418 0.275997 -1.614977 0.000572
data -0.273327 -0.100138 -1.103418 0.275997 -1.614977 0.000572
data -0.273708 -0.100138 -1.103418 0.275997 -1.611162 0.000191
data -0.273708 -0.100138 -1.103418 0.275997 -1.604296 0.000572
data -0.273708 -0.100138 -1.103418 0.275997 -1.600100 0.000572
data -0.273708 -0.100138 -1.103418 0.275997 -1.595522 0.000191
data -0.274090 -0.100138 -1.103418 0.275997 -1.589799 0.000572
data -0.274090 -0.100138 -1.103418 0.275997 -1.589799 0.000572
data -0.274090 -0.100138 -1.103418 0.275997 -1.578355 0.000572
data -0.274471 -0.100138 -1.103418 0.275997 -1.578355 0.000572
data -0.274853 -0.100138 -1.103418 0.275997 -1.569200 0.000572
data -0.274853 -0.100138 -1.103418 0.275997 -1.563859 0.000191
data -0.274853 -0.100138 -1.103418 0.275997 -1.558900 0.000572
data -0.275234 -0.100138 -1.103418 0.275997 -1.553559 0.000572
data -0.275234 -0.100138 -1.103418 0.275997 -1.553559 0.000572
data -0.275234 -0.100138 -1.103418 0.275997 -1.543260 0.000191
data -0.275234 -0.100138 -1.103418 0.275997 -1.543260 0.000191
data -0.275616 -0.100138 -1.103418 0.275997 -1.543260 0.000191
data -0.275616 -0.100138 -1.103418 0.275997 -1.529526 0.000191
data -0.275616 -0.100138 -1.103418 0.275997 -1.529526 0.000191
data -0.275616 -0.100138 -1.103418 0.275997 -1.517319 0.000572
data -0.275616 -0.099756 -1.103418 0.275997 -1.509689 0.000191
data -0.275616 -0.099756 -1.103418 0.275997 -1.505112 0.000572
data -0.275616 -0.099756 -1.103418 0.275997 -1.505112 0.000572
data -0.275616 -0.099756 -1.103418 0.275997 -1.505112 0.000572
data -0.275616 -0.099756 -1.103418 0.275997 -1.484131 0.000191
data -0.275616 -0.099756 -1.103418 0.275997 -1.478027 0.000191
data -0.275997 -0.099375 -1.103418 0.275997 -1.473068 0.000191
data -0.275997 -0.099375 -1.103418 0.275997 -1.468108 0.000572
data -0.275997 -0.099375 -1.103418 0.275997 -1.468108 0.000572
data -0.275997 -0.099375 -1.103418 0.275997 -1.456283 0.000572
data -0.275997 -0.099375 -1.103418 0.275997 -1.456283 0.000572
data -0.275997 -0.099375 -1.103418 0.275997 -1.456283 0.000572
data -0.275997 -0.099375 -1.103418 0.275997 -1.443313 0.000572
data -0.275997 -0.099375 -1.103418 0.275997 -1.432250 0.000572
data -0.275997 -0.099375 -1.103418 0.275997 -1.432250 0.000572
data -0.275997 -0.099375 -1.103418 0.275997 -1.421569 0.000572
data -0.275997 -0.099375 -1.103418 0.275997 -1.416228 0.000572
data -0.275997 -0.099375 -1.103418 0.275997 -1.416228 0.000572
data -0.275997 -0.099375 -1.103418 0.275997 -1.416228 0.000572
data -0.275997 -0.099375 -1.103418 0.275997 -1.416228 0.000572
data -0.275997 -0.098993 -1.103418 0.275997 -1.396391 0.000572
data -0.275997 -0.098993 -1.103418 0.275616 -1.386091 0.000572
data -0.275997 -0.098612 -1.103418 0.275616 -1.380751 0.000572
data -0.275997 -0.098612 -1.103418 0.275616 -1.375029 0.000954
data -0.275997 -0.098612 -1.103418 0.275616 -1.375029 0.000954
data -0.275997 -0.098612 -1.103418 0.275616 -1.375029 0.000954
data -0.275997 -0.098612 -1.103418 0.275616 -1.365110 0.000954
data -0.275997 -0.098230 -1.103418 0.275234 -1.354811 0.001335
data -0.275997 -0.098230 -1.103418 0.275234 -1.346800 0.001335
data -0.275997 -0.098230 -1.103418 0.274853 -1.342603 0.001335
data -0.275997 -0.098230 -1.103418 0.274853 -1.337262 0.001717
data -0.275997 -0.098230 -1.103418 0.274853 -1.333066 0.001717
data -0.275997 -0.098230 -1.103418 0.274853 -1.327344 0.001717
data -0.275997 -0.098230 -1.103418 0.274853 -1.327344 0.001717
data -0.275997 -0.098230 -1.103418 0.274471 -1.327344 0.001717
data -0.275997 -0.098230 -1.103418 0.274090 -1.317426 0.001717
data -0.275997 -0.097849 -1.103418 0.274090 -1.307508 0.001717
data -0.275997 -0.097849 -1.103418 0.273708 -1.302548 0.001335
data -0.275997 -0.097849 -1.103418 0.273708 -1.297589 0.001717
data -0.275997 -0.097467 -1.103418 0.273327 -1.293012 0.001717
data -0.275997 -0.097467 -1.103418 0.273327 -1.288815 0.001717
data -0.275997 -0.097086 -1.103418 0.273327 -1.288815 0.001717
data -0.275997 -0.097086 -1.103418 0.272564 -1.278515 0.001717
data -0.275997 -0.097086 -1.103418 0.271801 -1.272030 0.001717
data -0.275997 -0.097086 -1.103418 0.271420 -1.267452 0.001717
data -0.275997 -0.097086 -1.103418 0.271420 -1.267452 0.001717
data -0.275997 -0.096704 -1.103418 0.271038 -1.260967 0.001717
data -0.275997 -0.096704 -1.103418 0.271038 -1.255627 0.001335
data -0.275997 -0.096704 -1.103418 0.271038 -1.255627 0.001335
data -0.275997 -0.096704 -1.103418 0.271038 -1.255627 0.001335
data -0.275997 -0.096704 -1.103418 0.271038 -1.255627 0.001335
data -0.275997 -0.096323 -1.103418 0.269512 -1.235790 0.001717
data -0.275997 -0.096323 -1.103418 0.269131 -1.231594 0.001717
data -0.275997 -0.095942 -1.103418 0.268749 -1.227016 0.001717
data -0.275997 -0.095942 -1.103418 0.268749 -1.223583 0.001717
data -0.275997 -0.095942 -1.103418 0.268368 -1.219387 0.001717
data -0.275997 -0.095942 -1.103418 0.268368 -1.215953 0.001717
data -0.275997 -0.095942 -1.103418 0.268368 -1.215953 0.001717
data -0.275997 -0.095942 -1.103418 0.268368 -1.215953 0.001717
data -0.275997 -0.095560 -1.103418 0.267605 -1.207179 0.001717
data -0.275997 -0.095560 -1.103418 0.267605 -1.207179 0.001717
data -0.275997 -0.095560 -1.103418 0.266842 -1.195354 0.001717
data -0.275997 -0.095560 -1.103418 0.266460 -1.191157 0.001717
data -0.275997 -0.095560 -1.103418 0.266460 -1.188106 0.001717
data -0.275997 -0.095560 -1.103418 0.266079 -1.181621 0.001717
data -0.275997 -0.095560 -1.103418 0.265697 -1.176661 0.001717
data -0.275997 -0.095179 -1.103418 0.265697 -1.176661 0.001717
data -0.275997 -0.095179 -1.103418 0.265316 -1.170558 0.001717
data -0.275997 -0.095179 -1.103418 0.265316 -1.166362 0.001335
data -0.275997 -0.095179 -1.103418 0.264935 -1.162929 0.001717
data -0.275997 -0.095179 -1.103418 0.264935 -1.162929 0.001717
data -0.275997 -0.095179 -1.103418 0.264553 -1.157207 0.001335
data -0.275997 -0.094797 -1.103418 0.263790 -1.147287 0.001717
data -0.275997 -0.094797 -1.103418 0.263790 -1.147287 0.001717
data -0.275997 -0.094797 -1.103418 0.263790 -1.147287 0.001717
data -0.275997 -0.094797 -1.103418 0.263790 -1.142710 0.001717
data -0.275997 -0.094797 -1.103418 0.263409 -1.136988 0.001717
data -0.275997 -0.094797 -1.103418 0.263409 -1.134317 0.001717
data -0.275997 -0.094416 -1.103418 0.263027 -1.131266 0.001717
data -0.275997 -0.094416 -1.103418 0.263027 -1.131266 0.001717
data -0.275997 -0.094416 -1.103418 0.262646 -1.131266 0.001717
data -0.275997 -0.094416 -1.103418 0.262646 -1.124018 0.001717
data -0.275997 -0.094416 -1.103418 0.262264 -1.117533 0.001717
data -0.275997 -0.094416 -1.103418 0.262264 -1.114100 0.001717
data -0.275997 -0.094416 -1.103418 0.262264 -1.114100 0.001717
data -0.275997 -0.094416 -1.103418 0.262264 -1.114100 0.001717
data -0.275997 -0.094416 -1.103418 0.262264 -1.104944 0.001717
data -0.275997 -0.094416 -1.103418 0.262264 -1.104944 0.001717
data -0.275997 -0.094416 -1.103418 0.262264 -1.104944 0.001717
data -0.275997 -0.094034 -1.103418 0.261883 -1.098078 0.001717
data -0.276379 -0.094034 -1.103418 0.261883 -1.091592 0.001717
data -0.276379 -0.094034 -1.103418 0.261883 -1.091592 0.001717
data -0.276379 -0.094034 -1.103418 0.261883 -1.086251 0.001335
data -0.276379 -0.093652 -1.103418 0.262264 -1.082818 0.001717
data -0.276379 -0.093652 -1.103418 0.262264 -1.080148 0.001717
data -0.276379 -0.093652 -1.103418 0.262264 -1.080148 0.001717
data -0.276379 -0.093652 -1.103418 0.262264 -1.074807 0.001335
data -0.276379 -0.093652 -1.103418 0.262264 -1.069848 0.001335
data -0.276379 -0.093652 -1.103418 0.262264 -1.067178 0.001335
data -0.276379 -0.093652 -1.103418 0.262264 -1.064126 0.001335
data -0.276379 -0.093270 -1.103418 0.262264 -1.064126 0.001335
data -0.276379 -0.093270 -1.103418 0.262264 -1.060693 0.001717
data -0.276379 -0.093270 -1.103418 0.262264 -1.056497 0.001335
data -0.276379 -0.093270 -1.103418 0.262264 -1.056497 0.001335
data -0.276379 -0.093270 -1.103418 0.262264 -1.056497 0.001335
data -0.276379 -0.093270 -1.103418 0.262264 -1.046960 0.001335
data -0.276379 -0.093270 -1.103418 0.262264 -1.046960 0.001335
data -0.276379 -0.092889 -1.103418 0.262264 -1.046960 0.001335
data -0.276760 -0.092889 -1.103418 0.262264 -1.037423 0.001335
data -0.276760 -0.092889 -1.103418 0.262264 -1.033608 0.001335
data -0.276760 -0.092889 -1.103418 0.262264 -1.030937 0.001335
data -0.276760 -0.092889 -1.103418 0.262264 -1.030937 0.001335
data -0.277142 -0.092507 -1.103418 0.262264 -1.025597 0.001335
data -0.277142 -0.092507 -1.103418 0.262264 -1.025597 0.001335
data -0.277142 -0.092507 -1.103418 0.262264 -1.017967 0.001335
data -0.277142 -0.092507 -1.103418 0.262264 -1.015297 0.001335
data -0.277142 -0.092507 -1.103418 0.262264 -1.012245 0.001335
data -0.277142 -0.092507 -1.103418 0.262264 -1.009575 0.001335
data -0.277142 -0.092507 -1.103418 0.262264 -1.006523 0.001335
data -0.277142 -0.092507 -1.103418 0.262264 -1.006523 0.001335
data -0.277142 -0.092507 -1.103418 0.262264 -1.006523 0.001335
data -0.277523 -0.092507 -1.103418 0.261883 -1.000801 0.001335
data -0.277523 -0.092126 -1.103418 0.261883 -0.994698 0.001335
data -0.277523 -0.092126 -1.103418 0.261883 -0.991646 0.001335
data -0.277523 -0.092126 -1.103418 0.261883 -0.988976 0.001335
data -0.277523 -0.092126 -1.103418 0.261883 -0.988976 0.001335
data -0.277523 -0.092126 -1.103418 0.261883 -0.980965 0.001335
data -0.277523 -0.092126 -1.103418 0.261883 -0.980965 0.001335
data -0.277523 -0.091744 -1.103418 0.261883 -0.978294 0.001335
data -0.277523 -0.091744 -1.103418 0.261883 -0.972954 0.001335
data -0.277523 -0.091744 -1.103418 0.261883 -0.972954 0.001335
data -0.277523 -0.091744 -1.103418 0.261883 -0.970284 0.001335
data -0.277523 -0.091744 -1.103418 0.261883 -0.964942 0.001335
data -0.277523 -0.091744 -1.103418 0.261883 -0.960364 0.001335
data -0.277523 -0.091744 -1.103418 0.261883 -0.957694 0.001335
data -0.277523 -0.091744 -1.103418 0.261883 -0.957694 0.001335
data -0.277523 -0.091744 -1.103418 0.261883 -0.955024 0.001335
data -0.277523 -0.091744 -1.103418 0.261883 -0.955024 0.001335
data -0.277523 -0.091744 -1.103418 0.261883 -0.948539 0.001335
data -0.277523 -0.091744 -1.103418 0.261883 -0.945868 0.001335
data -0.277523 -0.091744 -1.103418 0.261883 -0.942817 0.001335
data -0.277523 -0.091744 -1.103418 0.261883 -0.942817 0.001335
data -0.277523 -0.091744 -1.103418 0.261883 -0.942817 0.001335
data -0.277523 -0.091744 -1.103418 0.261501 -0.936713 0.001335
data -0.277523 -0.091744 -1.103418 0.261883 -0.931754 0.001335
data -0.277523 -0.091744 -1.103418 0.261501 -0.929465 0.001335
data -0.277523 -0.091744 -1.103418 0.261883 -0.926414 0.001335
data -0.277523 -0.091363 -1.103418 0.261501 -0.923743 0.001335
data -0.277523 -0.091363 -1.103418 0.261501 -0.921454 0.001335
data -0.277523 -0.091363 -1.103418 0.261501 -0.921454 0.001335
data -0.277523 -0.091363 -1.103418 0.261501 -0.921454 0.001335
data -0.277523 -0.091363 -1.103418 0.261501 -0.921454 0.001335
data -0.277142 -0.091363 -1.103418 0.261501 -0.910392 0.001335
data -0.277142 -0.091363 -1.103418 0.261501 -0.907340 0.001335
data -0.277142 -0.091363 -1.103418 0.261501 -0.905432 0.001335
data -0.277142 -0.090981 -1.103418 0.261501 -0.902761 0.001335
data -0.277142 -0.090981 -1.103418 0.261501 -0.902761 0.001335
data -0.277142 -0.090981 -1.103418 0.261501 -0.897802 0.001335
data -0.277142 -0.090981 -1.103418 0.261501 -0.895514 0.001335
data -0.277142 -0.090981 -1.103418 0.261501 -0.892462 0.001335
data -0.277142 -0.090981 -1.103418 0.261120 -0.889410 0.001335
data -0.277142 -0.090981 -1.103418 0.261120 -0.886358 0.001335
data -0.277142 -0.090981 -1.103418 0.261120 -0.886358 0.001335
data -0.277142 -0.090981 -1.103418 0.261120 -0.882925 0.001335
data -0.277142 -0.090981 -1.103418 0.260738 -0.876822 0.001335
data -0.277142 -0.090981 -1.103418 0.260738 -0.876822 0.001335
data -0.277142 -0.090600 -1.103418 0.260738 -0.871862 0.001335
data -0.277142 -0.090600 -1.103418 0.260738 -0.871862 0.001335
data -0.277142 -0.090600 -1.103418 0.260357 -0.868429 0.001335
data -0.277142 -0.090600 -1.103418 0.260357 -0.866903 0.000954
data -0.277142 -0.090600 -1.103418 0.260357 -0.866903 0.000954
data -0.277142 -0.090600 -1.103418 0.260357 -0.866903 0.000954
data -0.277142 -0.090600 -1.103418 0.260357 -0.866903 0.000954
data -0.277142 -0.090600 -1.103418 0.260357 -0.866903 0.000954
data -0.277142 -0.090600 -1.103418 0.260357 -0.866903 0.000954
data -0.277142 -0.090600 -1.103418 0.260357 -0.866903 0.000954
data -0.277142 -0.090600 -1.103418 0.259975 -0.853933 0.001335
data -0.277142 -0.090600 -1.103418 0.259594 -0.844778 0.001335
data -0.277142 -0.090600 -1.103418 0.259594 -0.844778 0.001335
data -0.277142 -0.090600 -1.103418 0.259594 -0.840581 0.001335
data -0.277142 -0.090600 -1.103418 0.259594 -0.840581 0.001335
data -0.277142 -0.090600 -1.103418 0.259594 -0.840581 0.001335
data -0.277142 -0.090600 -1.103418 0.259594 -0.832189 0.001335
data -0.277142 -0.090600 -1.103418 0.259594 -0.832189 0.001335
data -0.277142 -0.090600 -1.103418 0.259975 -0.827611 0.000954
data -0.277142 -0.090600 -1.103418 0.259975 -0.823415 0.001335
data -0.277142 -0.090600 -1.103418 0.259975 -0.821126 0.000954
data -0.277142 -0.090600 -1.103418 0.259975 -0.815785 0.001335
data -0.277142 -0.090600 -1.103418 0.259975 -0.815785 0.001335
data -0.277142 -0.090600 -1.103418 0.259975 -0.815785 0.001335
data -0.277142 -0.090600 -1.103418 0.259594 -0.809682 0.001335
data -0.277142 -0.090600 -1.103418 0.259594 -0.809682 0.001335
data -0.277142 -0.090600 -1.103418 0.259594 -0.809682 0.001335
data -0.277142 -0.090600 -1.103418 0.259594 -0.809682 0.001335
data -0.277142 -0.090600 -1.103418 0.259975 -0.809682 0.001335
data -0.277142 -0.090600 -1.103418 0.259975 -0.797475 0.000954
data -0.277142 -0.090600 -1.103418 0.259975 -0.797475 0.000954
data -0.277142 -0.090600 -1.103418 0.259975 -0.797475 0.000954
data -0.277142 -0.090600 -1.103418 0.259594 -0.789845 0.000954
data -0.277142 -0.090600 -1.103418 0.259975 -0.787557 0.000954
data -0.277142 -0.090600 -1.103418 0.259975 -0.784886 0.000954
data -0.277142 -0.090600 -1.103418 0.259594 -0.782598 0.000954
data -0.277142 -0.090600 -1.103418 0.259975 -0.780308 0.000954
data -0.277142 -0.090600 -1.103418 0.259975 -0.780308 0.000954
data -0.277142 -0.090600 -1.103418 0.259975 -0.774586 0.000954
data -0.277142 -0.090219 -1.103418 0.259594 -0.772678 0.000954
data -0.277142 -0.090219 -1.103418 0.259594 -0.769245 0.000954
data -0.277142 -0.090219 -1.103418 0.259594 -0.769245 0.000954
data -0.277142 -0.090219 -1.103418 0.259975 -0.764286 0.000954
data -0.277142 -0.090219 -1.103418 0.259975 -0.761616 0.000954
data -0.277142 -0.089837 -1.103418 0.259975 -0.759327 0.000954
data -0.277142 -0.089837 -1.103418 0.259975 -0.759327 0.000954
data -0.277142 -0.089837 -1.103418 0.259975 -0.759327 0.000954
data -0.277142 -0.089837 -1.103418 0.259594 -0.759327 0.000954
data -0.277142 -0.089837 -1.103418 0.259594 -0.750935 0.000954
data -0.277142 -0.089837 -1.103418 0.259594 -0.750935 0.000954
data -0.277142 -0.089456 -1.103418 0.259594 -0.750935 0.000954
data -0.277142 -0.089456 -1.103418 0.259594 -0.741779 0.000954
data -0.277142 -0.089456 -1.103418 0.259594 -0.739491 0.000954
data -0.277142 -0.089456 -1.103418 0.259594 -0.739491 0.000954
data -0.277142 -0.089074 -1.103418 0.259594 -0.739491 0.000954
data -0.277142 -0.089074 -1.103418 0.259594 -0.731480 0.000954
data -0.277142 -0.089074 -1.103418 0.259594 -0.729191 0.000954
data -0.276760 -0.089074 -1.103418 0.259594 -0.726902 0.000954
data -0.276760 -0.088693 -1.103418 0.259594 -0.726902 0.000954
data -0.276760 -0.088693 -1.103418 0.259594 -0.722706 0.000954
data -0.276760 -0.088693 -1.103418 0.259594 -0.720798 0.000954
data -0.276760 -0.088693 -1.103418 0.259594 -0.720798 0.000954
data -0.276760 -0.088693 -1.103418 0.259594 -0.716983 0.000954
data -0.276760 -0.088693 -1.103418 0.259594 -0.715838 0.000954
data -0.276760 -0.088693 -1.103418 0.259594 -0.712405 0.000954
data -0.276760 -0.088693 -1.103418 0.259594 -0.709735 0.000954
data -0.276760 -0.088693 -1.103418 0.259594 -0.707828 0.000954
data -0.276760 -0.088693 -1.103418 0.259594 -0.705920 0.000954
data -0.276760 -0.088311 -1.103418 0.259594 -0.703250 0.000954
data -0.276760 -0.088311 -1.103418 0.259594 -0.703250 0.000954
data -0.276760 -0.088311 -1.103418 0.259594 -0.700198 0.000954
data -0.276760 -0.087930 -1.103418 0.259594 -0.698672 0.000954
data -0.276760 -0.087930 -1.103418 0.259594 -0.698672 0.000954
data -0.276760 -0.087930 -1.103418 0.259594 -0.694858 0.000954
data -0.276760 -0.087930 -1.103418 0.259594 -0.694858 0.000954
data -0.276760 -0.087548 -1.103418 0.259594 -0.690280 0.000954
data -0.276760 -0.087548 -1.103418 0.259594 -0.690280 0.000954
data -0.276760 -0.087548 -1.103418 0.259594 -0.690280 0.000954
data -0.276760 -0.087548 -1.103418 0.259594 -0.690280 0.000954
data -0.276760 -0.087167 -1.103418 0.259212 -0.685702 0.000954
data -0.276760 -0.086785 -1.103418 0.259212 -0.685702 0.000954
data -0.276760 -0.086785 -1.103418 0.259212 -0.679980 0.000954
data -0.276760 -0.086785 -1.103418 0.259212 -0.678073 0.000954
data -0.276760 -0.086785 -1.103418 0.259212 -0.676547 0.000954
data -0.276760 -0.086785 -1.103418 0.259212 -0.676547 0.000954
data -0.276760 -0.086785 -1.103418 0.259212 -0.676547 0.000954
data -0.276379 -0.086785 -1.103418 0.259212 -0.670825 0.000954
data -0.276379 -0.086785 -1.103418 0.259212 -0.669681 0.000954
data -0.276379 -0.086785 -1.103418 0.259212 -0.668155 0.000954
data -0.276379 -0.086785 -1.103418 0.259212 -0.666629 0.000954
data -0.275997 -0.086404 -1.103418 0.259212 -0.665103 0.000954
data -0.275997 -0.086404 -1.103418 0.259212 -0.663959 0.000954
data -0.275997 -0.086404 -1.103418 0.259212 -0.663959 0.000954
data -0.275616 -0.086404 -1.103418 0.259212 -0.663959 0.000954
data -0.275616 -0.086022 -1.103418 0.259212 -0.658999 0.000954
data -0.275234 -0.086022 -1.103418 0.259212 -0.657855 0.000954
data -0.275234 -0.085641 -1.103418 0.259212 -0.657855 0.000954
data -0.274853 -0.085641 -1.103418 0.259212 -0.655184 0.000954
data -0.274853 -0.085641 -1.103418 0.259212 -0.653658 0.000954
data -0.274471 -0.085259 -1.103418 0.259212 -0.651751 0.000954
data -0.274090 -0.085259 -1.103418 0.259212 -0.651751 0.000954
data -0.274090 -0.084878 -1.103418 0.259212 -0.651751 0.000954
data -0.274090 -0.084878 -1.103418 0.259212 -0.647936 0.000954
data -0.273708 -0.084496 -1.103418 0.259212 -0.646791 0.000954
data -0.273708 -0.084496 -1.103418 0.259212 -0.645266 0.000954
data -0.273327 -0.084496 -1.103418 0.259212 -0.644121 0.000954
data -0.272945 -0.084115 -1.103418 0.259212 -0.644121 0.000954
data -0.272945 -0.084115 -1.103418 0.259212 -0.642214 0.000954
data -0.272182 -0.084115 -1.103418 0.259212 -0.642214 0.000954
data -0.272182 -0.083734 -1.103418 0.258831 -0.639544 0.000954
data -0.271801 -0.083352 -1.103418 0.258831 -0.638399 0.000954
data -0.271801 -0.082971 -1.103418 0.258831 -0.638399 0.000954
data -0.271420 -0.082971 -1.103418 0.258450 -0.636492 0.000954
data -0.271420 -0.082971 -1.103418 0.258450 -0.636492 0.000954
data -0.271038 -0.082589 -1.103418 0.258068 -0.634966 0.000954
data -0.271038 -0.082589 -1.103418 0.258068 -0.634966 0.000954
data -0.270275 -0.082589 -1.103418 0.258068 -0.634966 0.000954
data -0.270275 -0.082208 -1.103418 0.257305 -0.633059 0.000954
data -0.269894 -0.082208 -1.103418 0.256924 -0.631533 0.000954
data -0.269512 -0.081826 -1.103418 0.256542 -0.630770 0.000954
data -0.269512 -0.081826 -1.103418 0.256542 -0.630388 0.000954
data -0.269131 -0.081826 -1.103418 0.256161 -0.629625 0.000954
data -0.269131 -0.081826 -1.103418 0.256161 -0.629625 0.000954
data -0.267986 -0.081826 -1.103418 0.255398 -0.628099 0.000954
data -0.267986 -0.081445 -1.103418 0.255398 -0.628099 0.000954
data -0.267986 -0.081445 -1.103418 0.255398 -0.628099 0.000954
data -0.267986 -0.081445 -1.103418 0.255398 -0.628099 0.000954
data -0.267986 -0.081445 -1.103418 0.255398 -0.628099 0.000954
data -0.267223 -0.081063 -1.103418 0.254253 -0.626574 0.000954
data -0.266842 -0.081063 -1.103418 0.253872 -0.626192 0.000954
data -0.266842 -0.081063 -1.103418 0.253872 -0.626192 0.000954
data -0.266842 -0.081063 -1.103418 0.253872 -0.626192 0.000954
data -0.266079 -0.081063 -1.103418 0.253109 -0.626192 0.000954
data -0.265697 -0.081063 -1.103418 0.252728 -0.626192 0.000954
data -0.265697 -0.081063 -1.103418 0.252728 -0.626192 0.000954
data -0.265316 -0.081063 -1.103418 0.252346 -0.626192 0.000954
data -0.265316 -0.081063 -1.103418 0.251965 -0.626574 0.000954
data -0.264935 -0.081063 -1.103418 0.251583 -0.626574 0.000954
data -0.264935 -0.081063 -1.103418 0.251583 -0.626574 0.000954
data -0.264935 -0.081063 -1.103418 0.251583 -0.626955 0.000954
data -0.264553 -0.081063 -1.103418 0.251202 -0.627337 0.000954
data -0.263790 -0.081063 -1.103418 0.251202 -0.628099 0.000954
data -0.263790 -0.081063 -1.103418 0.251202 -0.628099 0.000954
data -0.263790 -0.081063 -1.103418 0.251202 -0.628481 0.000954
data -0.263790 -0.081063 -1.103418 0.251202 -0.628481 0.000954
data -0.263409 -0.081063 -1.103418 0.250820 -0.629625 0.000954
data -0.263409 -0.081063 -1.103418 0.250820 -0.630007 0.001335
data -0.263409 -0.081063 -1.103418 0.250820 -0.631151 0.001335
data -0.263409 -0.081063 -1.103418 0.250439 -0.631914 0.001335
data -0.263409 -0.081063 -1.103418 0.250439 -0.633059 0.001335
data -0.263409 -0.081063 -1.103418 0.250439 -0.633059 0.001335
data -0.263409 -0.081063 -1.103418 0.250057 -0.634584 0.001335
data -0.263409 -0.081063 -1.103418 0.249676 -0.636110 0.001335
data -0.263409 -0.081063 -1.103418 0.249676 -0.636110 0.001335
data -0.263409 -0.081063 -1.103418 0.249294 -0.638781 0.001335
data -0.263409 -0.081063 -1.103418 0.249294 -0.638781 0.001335
data -0.263409 -0.081063 -1.103418 0.248913 -0.642977 0.001335
data -0.263409 -0.081063 -1.103418 0.248531 -0.644884 0.001717
data -0.263409 -0.081063 -1.103418 0.248531 -0.644884 0.001717
data -0.263409 -0.081063 -1.103418 0.247768 -0.649462 0.001335
data -0.263409 -0.081063 -1.103418 0.247387 -0.650988 0.001335
data -0.263409 -0.081063 -1.103418 0.247005 -0.654421 0.001717
data -0.263409 -0.081063 -1.103418 0.246624 -0.657474 0.001717
data -0.263790 -0.081063 -1.103418 0.246624 -0.657474 0.001717
data -0.263790 -0.081063 -1.103418 0.246243 -0.657474 0.001717
data -0.263790 -0.081063 -1.103418 0.245861 -0.663577 0.001717
data -0.263790 -0.081063 -1.103418 0.244335 -0.672732 0.001717
data -0.263790 -0.081063 -1.103418 0.243954 -0.677310 0.001717
data -0.263790 -0.081063 -1.103418 0.243572 -0.681125 0.001717
data -0.263790 -0.081063 -1.103418 0.243572 -0.681125 0.001717
data -0.263790 -0.081063 -1.103418 0.242046 -0.687228 0.001717
data -0.263790 -0.081063 -1.103418 0.241283 -0.693332 0.001717
data -0.263790 -0.081063 -1.103418 0.240902 -0.697909 0.001717
data -0.263790 -0.081063 -1.103418 0.240139 -0.703250 0.001717
data -0.263790 -0.081063 -1.103418 0.240139 -0.703250 0.001717
data -0.263790 -0.081063 -1.103418 0.240139 -0.703250 0.001717
data -0.263790 -0.081063 -1.103418 0.238232 -0.719654 0.001717
data -0.263790 -0.081063 -1.103418 0.237087 -0.724995 0.001717
data -0.263790 -0.081063 -1.103418 0.236324 -0.731861 0.001717
data -0.263790 -0.081063 -1.103418 0.235943 -0.738728 0.001717
data -0.263790 -0.081063 -1.103418 0.235180 -0.744450 0.001717
data -0.263790 -0.081063 -1.103418 0.234417 -0.750172 0.001717
data -0.263790 -0.081063 -1.103418 0.234417 -0.750172 0.001717
data -0.263790 -0.081063 -1.103418 0.234417 -0.750172 0.001717
data -0.263790 -0.081063 -1.103418 0.232891 -0.767338 0.001717
data -0.263790 -0.081063 -1.103418 0.231747 -0.780689 0.001717
data -0.263790 -0.081063 -1.103418 0.231747 -0.780689 0.001717
data -0.263790 -0.081063 -1.103418 0.230984 -0.795186 0.001717
data -0.263790 -0.081063 -1.103418 0.230221 -0.803197 0.001717
data -0.263790 -0.081063 -1.103418 0.229076 -0.817693 0.001717
data -0.263790 -0.081063 -1.103418 0.229076 -0.817693 0.001717
data -0.263790 -0.081063 -1.103418 0.227932 -0.834477 0.001717
data -0.263790 -0.081063 -1.103418 0.227551 -0.841344 0.001717
data -0.263790 -0.081063 -1.103418 0.227169 -0.850882 0.001717
data -0.263790 -0.081063 -1.103418 0.226788 -0.859274 0.001717
data -0.263790 -0.081063 -1.103418 0.226025 -0.867666 0.001717
data -0.263790 -0.081063 -1.103418 0.225643 -0.877203 0.001717
data -0.263790 -0.081063 -1.103418 0.225643 -0.877203 0.001717
data -0.263790 -0.081063 -1.103418 0.224499 -0.898184 0.001717
data -0.263790 -0.081063 -1.103418 0.223736 -0.909629 0.001717
data -0.263790 -0.081063 -1.103418 0.223736 -0.909629 0.001717
data -0.263790 -0.081063 -1.103418 0.223736 -0.909629 0.001717
data -0.263790 -0.081063 -1.103418 0.222973 -0.927558 0.001717
data -0.263790 -0.081063 -1.103418 0.221828 -0.948157 0.001717
data -0.263790 -0.080682 -1.103418 0.220684 -0.969521 0.001717
data -0.263790 -0.080682 -1.103418 0.220684 -0.969521 0.001717
data -0.263790 -0.080682 -1.103418 0.220303 -0.977150 0.001717
data -0.263790 -0.080682 -1.103418 0.219540 -0.991646 0.001717
data -0.263790 -0.080682 -1.103418 0.219158 -1.001945 0.001717
data -0.263790 -0.080682 -1.103418 0.218777 -1.011101 0.001717
data -0.263790 -0.080682 -1.103418 0.218777 -1.011101 0.001717
data -0.263790 -0.080682 -1.103418 0.218013 -1.032083 0.001335
data -0.263790 -0.080682 -1.103418 0.218013 -1.032083 0.001335
data -0.263790 -0.080300 -1.103418 0.217250 -1.032083 0.001335
data -0.263790 -0.080300 -1.103418 0.217250 -1.054589 0.001335
data -0.263790 -0.080300 -1.103418 0.216868 -1.076715 0.001335
data -0.263790 -0.080300 -1.103418 0.216868 -1.086633 0.001335
data -0.263790 -0.080300 -1.103418 0.216868 -1.095789 0.001335
data -0.263790 -0.080300 -1.103418 0.216868 -1.104563 0.001717
data -0.263790 -0.080300 -1.103418 0.216868 -1.120966 0.001335
data -0.263790 -0.080300 -1.103418 0.216868 -1.120966 0.001335
data -0.263790 -0.080300 -1.103418 0.217250 -1.137369 0.001335
data -0.263790 -0.080300 -1.103418 0.217250 -1.154917 0.001717
data -0.263790 -0.080300 -1.103418 0.217631 -1.164454 0.001335
data -0.263790 -0.080300 -1.103418 0.217631 -1.173991 0.001335
data -0.263790 -0.080300 -1.103418 0.217631 -1.186580 0.001335
data -0.263790 -0.080300 -1.103418 0.218013 -1.195354 0.001717
data -0.263790 -0.080300 -1.103418 0.218394 -1.210231 0.001717
data -0.263790 -0.080300 -1.103418 0.218394 -1.210231 0.001335
data -0.263790 -0.080300 -1.103418 0.218394 -1.210231 0.001335
data -0.263790 -0.080300 -1.103418 0.218394 -1.226254 0.001335
data -0.263790 -0.080300 -1.103418 0.218777 -1.255245 0.001335
data -0.263790 -0.080300 -1.103418 0.218777 -1.265163 0.001335
data -0.263790 -0.080300 -1.103418 0.219158 -1.274700 0.001335
data -0.263790 -0.080300 -1.103418 0.219158 -1.285764 0.001335
data -0.263790 -0.080300 -1.103418 0.219158 -1.285764 0.001335
data -0.263790 -0.080300 -1.103418 0.219158 -1.285764 0.001335
data -0.263790 -0.079919 -1.103418 0.219158 -1.285764 0.001335
data -0.263790 -0.079919 -1.103418 0.219540 -1.334973 0.001335
data -0.263790 -0.079537 -1.103418 0.219921 -1.347563 0.001335
data -0.263790 -0.079537 -1.103418 0.219921 -1.356337 0.001335
data -0.263790 -0.079537 -1.103418 0.220303 -1.367018 0.000954
data -0.263790 -0.079537 -1.103418 0.220684 -1.377317 0.001335
data -0.263790 -0.079537 -1.103418 0.220684 -1.377317 0.001335
data -0.263790 -0.079156 -1.103418 0.220684 -1.377317 0.001335
data -0.263790 -0.079156 -1.103418 0.220684 -1.377317 0.001335
data -0.263790 -0.079156 -1.103418 0.221828 -1.420043 0.001335
data -0.263790 -0.078774 -1.103418 0.222210 -1.432631 0.001335
data -0.263790 -0.078774 -1.103418 0.222591 -1.442550 0.001335
data -0.263790 -0.078774 -1.103418 0.222973 -1.450942 0.000954
data -0.263790 -0.078393 -1.103418 0.224117 -1.468108 0.001335
data -0.263790 -0.078393 -1.103418 0.224117 -1.468108 0.001335
data -0.263790 -0.078012 -1.103418 0.224117 -1.478790 0.000954
data -0.263790 -0.078012 -1.103418 0.225262 -1.478790 0.000954
data -0.263790 -0.077630 -1.103418 0.225643 -1.503586 0.000954
data -0.263790 -0.077630 -1.103418 0.226025 -1.513123 0.001335
data -0.263790 -0.077630 -1.103418 0.226406 -1.523804 0.000954
data -0.263790 -0.077630 -1.103418 0.226406 -1.523804 0.000954
data -0.263790 -0.077630 -1.103418 0.226788 -1.537156 0.000954
data -0.263790 -0.077630 -1.103418 0.226788 -1.537156 0.000954
data -0.263790 -0.077630 -1.103418 0.226788 -1.537156 0.000954
data -0.263790 -0.077249 -1.103418 0.228313 -1.565385 0.001335
data -0.263790 -0.077249 -1.103418 0.229076 -1.585603 0.001335
data -0.263790 -0.077249 -1.103418 0.229458 -1.594378 0.001335
data -0.263790 -0.077249 -1.103418 0.229839 -1.603151 0.001335
data -0.263790 -0.077249 -1.103418 0.230602 -1.614977 0.001335
data -0.263790 -0.077249 -1.103418 0.230602 -1.614977 0.001335
data -0.263790 -0.077249 -1.103418 0.230984 -1.632906 0.001335
data -0.263790 -0.077249 -1.103418 0.231365 -1.647402 0.001335
data -0.263790 -0.077249 -1.103418 0.231747 -1.655413 0.001335
data -0.263790 -0.077249 -1.103418 0.232128 -1.664187 0.001335
data -0.263790 -0.076867 -1.103418 0.232891 -1.673724 0.001335
data -0.263790 -0.076867 -1.103418 0.233273 -1.681735 0.001335
data -0.263790 -0.076867 -1.103418 0.233273 -1.681735 0.001335
data -0.263790 -0.076867 -1.103418 0.234417 -1.706531 0.001335
data -0.263790 -0.076867 -1.103418 0.234417 -1.706531 0.001335
data -0.263790 -0.076867 -1.103418 0.235180 -1.715304 0.001335
data -0.263790 -0.076486 -1.103418 0.235180 -1.715304 0.001335
data -0.263790 -0.076486 -1.103418 0.236324 -1.736286 0.001335
data -0.264172 -0.076486 -1.103418 0.236706 -1.743916 0.001335
data -0.264172 -0.076486 -1.103418 0.237087 -1.753071 0.001335
data -0.264172 -0.076486 -1.103418 0.237087 -1.753071 0.001335
data -0.264172 -0.076486 -1.103418 0.238232 -1.768330 0.001335
data -0.264172 -0.076486 -1.103418 0.238995 -1.779392 0.001335
data -0.264553 -0.076486 -1.103418 0.239376 -1.788167 0.001335
data -0.264553 -0.076486 -1.103418 0.239758 -1.795033 0.001335
data -0.264935 -0.076104 -1.103418 0.240520 -1.803044 0.001335
data -0.264935 -0.076104 -1.103418 0.240902 -1.810292 0.001335
data -0.265316 -0.076104 -1.103418 0.241283 -1.817159 0.001335
data -0.265316 -0.076104 -1.103418 0.241283 -1.817159 0.001335
data -0.265697 -0.075723 -1.103418 0.241665 -1.830510 0.001335
data -0.265697 -0.075723 -1.103418 0.242046 -1.839284 0.001335
data -0.266079 -0.075723 -1.103418 0.242046 -1.845388 0.001335
data -0.266460 -0.075723 -1.103418 0.242428 -1.851110 0.001335
data -0.266842 -0.075723 -1.103418 0.242809 -1.857214 0.001335
data -0.266842 -0.075723 -1.103418 0.242809 -1.862555 0.001335
data -0.267223 -0.075341 -1.103418 0.243191 -1.867895 0.001335
data -0.267986 -0.075341 -1.103418 0.243191 -1.867895 0.001335
data -0.267986 -0.075341 -1.103418 0.243572 -1.881247 0.001335
data -0.268368 -0.075341 -1.103418 0.243572 -1.885824 0.001335
data -0.268749 -0.075341 -1.103418 0.243572 -1.889639 0.001335
data -0.269131 -0.075341 -1.103418 0.243572 -1.893454 0.001335
data -0.269894 -0.074960 -1.103418 0.243572 -1.897268 0.001335
data -0.270275 -0.074960 -1.103418 0.243572 -1.900702 0.001335
data -0.270657 -0.074960 -1.103418 0.243572 -1.903753 0.001335
data -0.271420 -0.074960 -1.103418 0.243572 -1.903753 0.001335
data -0.271801 -0.074578 -1.103418 0.243572 -1.909858 0.001335
data -0.272182 -0.074578 -1.103418 0.243572 -1.911765 0.001335
data -0.272945 -0.074578 -1.103418 0.243572 -1.913672 0.001335
data -0.273327 -0.074578 -1.103418 0.243572 -1.913672 0.001335
data -0.273708 -0.074578 -1.103418 0.243572 -1.915198 0.001335
data -0.274471 -0.074197 -1.103418 0.243572 -1.917487 0.001335
data -0.274471 -0.074197 -1.103418 0.243572 -1.917487 0.001335
data -0.275616 -0.074197 -1.103418 0.243572 -1.919013 0.001335
data -0.276379 -0.073815 -1.103418 0.243572 -1.919394 0.001335
data -0.276760 -0.073815 -1.103418 0.243572 -1.919394 0.001335
data -0.277523 -0.073815 -1.103418 0.243572 -1.918632 0.001335
data -0.277905 -0.073815 -1.103418 0.243572 -1.918250 0.001335
data -0.278667 -0.073815 -1.103418 0.243572 -1.918250 0.001335
data -0.279430 -0.073815 -1.103418 0.243572 -1.918250 0.001335
data -0.279430 -0.073815 -1.103418 0.243954 -1.917106 0.001335
data -0.280956 -0.073815 -1.103418 0.243954 -1.914435 0.001335
data -0.280956 -0.073815 -1.103418 0.243954 -1.914435 0.001335
data -0.282102 -0.073815 -1.103418 0.243954 -1.914435 0.001335
data -0.282483 -0.073815 -1.103418 0.243954 -1.908332 0.001335
data -0.282865 -0.073815 -1.103418 0.243954 -1.908332 0.001335
data -0.283628 -0.073815 -1.103418 0.244335 -1.904516 0.000954
data -0.283628 -0.073815 -1.103418 0.244335 -1.904516 0.000954
data -0.285153 -0.073815 -1.103418 0.244335 -1.904516 0.000954
data -0.285535 -0.073815 -1.103418 0.244717 -1.893072 0.000954
data -0.285916 -0.073815 -1.103418 0.244717 -1.890020 0.000954
data -0.286298 -0.073434 -1.103418 0.244717 -1.885443 0.000954
data -0.287061 -0.073434 -1.103418 0.244717 -1.881628 0.000954
data -0.287442 -0.073434 -1.103418 0.244717 -1.877050 0.000954
data -0.287824 -0.073434 -1.103418 0.244717 -1.872091 0.000954
data -0.287824 -0.073434 -1.103418 0.244717 -1.872091 0.000954
data -0.288968 -0.073434 -1.103418 0.244717 -1.872091 0.000954
data -0.289350 -0.073052 -1.103418 0.244717 -1.872091 0.000954
data -0.289731 -0.073052 -1.103418 0.244335 -1.849585 0.000954
data -0.290494 -0.073052 -1.103418 0.244335 -1.844625 0.000954
data -0.290875 -0.073052 -1.103418 0.244335 -1.838140 0.000572
data -0.291257 -0.072671 -1.103418 0.244335 -1.832036 0.000954
data -0.291638 -0.072671 -1.103418 0.244335 -1.824788 0.000954
data -0.291638 -0.072671 -1.103418 0.244335 -1.824788 0.000954
data -0.292783 -0.072671 -1.103418 0.244335 -1.810674 0.000954
data -0.293164 -0.072671 -1.103418 0.244335 -1.801137 0.000954
data -0.293546 -0.072671 -1.103418 0.243954 -1.793889 0.000572
data -0.293927 -0.072289 -1.103418 0.243954 -1.785115 0.000572
data -0.294690 -0.072289 -1.103418 0.243954 -1.775959 0.000572
data -0.295072 -0.071908 -1.103418 0.243954 -1.768711 0.000572
data -0.295453 -0.071908 -1.103418 0.243954 -1.760700 0.000572
data -0.295453 -0.071908 -1.103418 0.243954 -1.760700 0.000572
data -0.296216 -0.071908 -1.103418 0.243954 -1.743153 0.000572
data -0.296597 -0.071527 -1.103418 0.243954 -1.732471 0.000572
data -0.296979 -0.071527 -1.103418 0.243954 -1.722553 0.000572
data -0.297360 -0.071527 -1.103418 0.243954 -1.722553 0.000572
data -0.297742 -0.071527 -1.103418 0.243954 -1.705768 0.000572
data -0.298123 -0.071145 -1.103418 0.243954 -1.696231 0.000572
data -0.298123 -0.071145 -1.103418 0.243954 -1.696231 0.000572
data -0.299268 -0.070764 -1.103418 0.243954 -1.696231 0.000572
data -0.299268 -0.070764 -1.103418 0.243954 -1.661899 0.000572
data -0.299649 -0.070382 -1.103418 0.243954 -1.652742 0.000572
data -0.300031 -0.070382 -1.103418 0.243954 -1.642824 0.000572
data -0.300412 -0.070001 -1.103418 0.243954 -1.630617 0.000572
data -0.300794 -0.069619 -1.103418 0.243954 -1.630617 0.000572
data -0.300794 -0.069619 -1.103418 0.243954 -1.618029 0.000572
data -0.300794 -0.069619 -1.103418 0.243954 -1.610781 0.000572
data -0.301175 -0.069238 -1.103418 0.243954 -1.601625 0.000572
data -0.301557 -0.068856 -1.103418 0.243954 -1.581788 0.000572
data -0.301557 -0.068856 -1.103418 0.243954 -1.581788 0.000572
data -0.301938 -0.068093 -1.103418 0.243954 -1.581788 0.000572
data -0.302320 -0.068093 -1.103418 0.243954 -1.550508 0.000572
data -0.302320 -0.067712 -1.103418 0.243954 -1.540589 0.000572
data -0.302701 -0.067330 -1.103418 0.243954 -1.526474 0.000954
data -0.302701 -0.067330 -1.103418 0.243954 -1.526474 0.000954
data -0.303082 -0.066949 -1.103418 0.243954 -1.509308 0.000572
data -0.303082 -0.066567 -1.103418 0.243954 -1.496338 0.000572
data -0.303464 -0.066186 -1.103418 0.243954 -1.486038 0.000572
data -0.303464 -0.065804 -1.103418 0.243954 -1.474976 0.000954
data -0.303464 -0.065804 -1.103418 0.243954 -1.474976 0.000954
data -0.303464 -0.065423 -1.103418 0.243572 -1.454757 0.000954
data -0.303464 -0.065042 -1.103418 0.243572 -1.444076 0.000572
data -0.303464 -0.064279 -1.103418 0.243572 -1.426147 0.000572
data -0.303464 -0.064279 -1.103418 0.243572 -1.426147 0.000954
data -0.303464 -0.063897 -1.103418 0.243572 -1.426147 0.000954
data -0.303464 -0.063516 -1.103418 0.243572 -1.403639 0.000954
data -0.303464 -0.063134 -1.103418 0.243191 -1.393339 0.000954
data -0.303464 -0.062753 -1.103418 0.243572 -1.384947 0.000572
data -0.303082 -0.062371 -1.103418 0.243191 -1.375792 0.000954
data -0.303082 -0.061608 -1.103418 0.243572 -1.363203 0.000572
data -0.303082 -0.061608 -1.103418 0.243572 -1.363203 0.000572
data -0.303082 -0.060464 -1.103418 0.243191 -1.338025 0.000954
data -0.303082 -0.060082 -1.103418 0.243191 -1.328870 0.000572
data -0.303082 -0.059701 -1.103418 0.243572 -1.320477 0.000954
data -0.303082 -0.058938 -1.103418 0.243191 -1.310559 0.000954
data -0.303082 -0.058557 -1.103418 0.243191 -1.299878 0.000954
data -0.303082 -0.058175 -1.103418 0.243191 -1.291867 0.000572
data -0.303082 -0.057412 -1.103418 0.243191 -1.278896 0.000954
data -0.303082 -0.057412 -1.103418 0.243191 -1.278896 0.000954
data -0.303082 -0.057412 -1.103418 0.243191 -1.278896 0.000954
data -0.303082 -0.057412 -1.103418 0.243191 -1.278896 0.000954
data -0.303082 -0.055505 -1.103418 0.243191 -1.256008 0.000954
data -0.303082 -0.055123 -1.103418 0.243191 -1.236172 0.000954
data -0.303082 -0.055123 -1.103418 0.243191 -1.236172 0.000954
data -0.303082 -0.053979 -1.103418 0.243191 -1.219387 0.000954
data -0.303082 -0.053979 -1.103418 0.243191 -1.219387 0.000954
data -0.303082 -0.052835 -1.103418 0.242809 -1.200313 0.000954
data -0.303082 -0.052072 -1.103418 0.242428 -1.187724 0.000572
data -0.303082 -0.051690 -1.103418 0.242428 -1.180858 0.000954
data -0.303082 -0.051309 -1.103418 0.242428 -1.173228 0.000572
data -0.303082 -0.050546 -1.103418 0.242428 -1.164454 0.000954
data -0.302701 -0.050164 -1.103418 0.242046 -1.156444 0.000954
data -0.302701 -0.049401 -1.103418 0.242046 -1.149195 0.000954
data -0.302701 -0.049401 -1.103418 0.242046 -1.149195 0.000954
data -0.302701 -0.048638 -1.103418 0.242046 -1.133936 0.000954
data -0.302320 -0.047875 -1.103418 0.242046 -1.133936 0.000954
data -0.302320 -0.047875 -1.103418 0.242046 -1.124018 0.000954
data -0.302320 -0.047875 -1.103418 0.242046 -1.124018 0.000954
data -0.302320 -0.047875 -1.103418 0.242046 -1.124018 0.000954
data -0.302320 -0.047875 -1.103418 0.242046 -1.124018 0.000954
data -0.301557 -0.046350 -1.103418 0.242046 -1.099985 0.000954
data -0.301557 -0.046350 -1.103418 0.242046 -1.099985 0.000954
data -0.300794 -0.044442 -1.103418 0.242046 -1.099985 0.000954
data -0.300412 -0.043679 -1.103418 0.241665 -1.063363 0.000954
data -0.300031 -0.042916 -1.103418 0.241665 -1.055734 0.000954
data -0.300031 -0.042535 -1.103418 0.241665 -1.050012 0.000954
data -0.299649 -0.041772 -1.103418 0.241283 -1.050012 0.000954
data -0.299268 -0.041390 -1.103418 0.241283 -1.037042 0.000572
data -0.298886 -0.040246 -1.103418 0.241283 -1.025978 0.000954
data -0.298886 -0.040246 -1.103418 0.241283 -1.025978 0.000954
data -0.298505 -0.039483 -1.103418 0.241283 -1.017967 0.000954
data -0.297742 -0.038720 -1.103418 0.241283 -1.008812 0.000954
data -0.297742 -0.038339 -1.103418 0.241283 -1.003090 0.000954
data -0.297360 -0.037576 -1.103418 0.240902 -1.003090 0.000954
data -0.296979 -0.037194 -1.103418 0.240902 -0.992027 0.000954
data -0.296597 -0.036813 -1.103418 0.240902 -0.985542 0.000572
data -0.295835 -0.036813 -1.103418 0.240902 -0.985542 0.000572
data -0.295835 -0.035287 -1.103418 0.240902 -0.985542 0.000572
data -0.295453 -0.034905 -1.103418 0.240902 -0.972954 0.000954
data -0.295072 -0.034142 -1.103418 0.241283 -0.959983 0.000954
data -0.294690 -0.033761 -1.103418 0.241283 -0.955024 0.000954
data -0.294309 -0.032998 -1.103418 0.241283 -0.955024 0.000954
data -0.293927 -0.032617 -1.103418 0.240902 -0.943961 0.000954
data -0.293546 -0.032235 -1.103418 0.240902 -0.939765 0.000954
data -0.292783 -0.031472 -1.103418 0.240902 -0.939765 0.000954
data -0.292783 -0.031472 -1.103418 0.240902 -0.939765 0.000954
data -0.292020 -0.030327 -1.103418 0.241283 -0.921454 0.000954
data -0.291638 -0.029945 -1.103418 0.241283 -0.916495 0.000954
data -0.291257 -0.029182 -1.103418 0.241283 -0.910773 0.000954
data -0.290494 -0.028419 -1.103418 0.241283 -0.910773 0.000954
data -0.290494 -0.028419 -1.103418 0.241283 -0.910773 0.000954
data -0.290112 -0.027275 -1.103418 0.241283 -0.901236 0.000572
data -0.290112 -0.027275 -1.103418 0.241283 -0.901236 0.000572
data -0.288968 -0.026131 -1.103418 0.241283 -0.888647 0.000572
data -0.288587 -0.025368 -1.103418 0.241283 -0.881399 0.000572
data -0.288205 -0.024986 -1.103418 0.241283 -0.877203 0.000572
data -0.287824 -0.024223 -1.103418 0.241283 -0.873007 0.000954
data -0.287442 -0.023460 -1.103418 0.241283 -0.873007 0.000954
data -0.287061 -0.023079 -1.103418 0.241283 -0.864614 0.000954
data -0.286298 -0.021935 -1.103418 0.241283 -0.857748 0.000954
data -0.286298 -0.021935 -1.103418 0.241283 -0.857748 0.000954
data -0.285916 -0.021172 -1.103418 0.241283 -0.851263 0.000954
data -0.285916 -0.021172 -1.103418 0.241283 -0.851263 0.000954
data -0.284772 -0.019646 -1.103418 0.241283 -0.851263 0.000954
data -0.284390 -0.019264 -1.103418 0.241283 -0.838674 0.000954
data -0.284009 -0.018501 -1.103418 0.240902 -0.838674 0.000954
data -0.283628 -0.018120 -1.103418 0.240902 -0.831426 0.000954
data -0.283246 -0.017357 -1.103418 0.240902 -0.831426 0.000954
data -0.283246 -0.017357 -1.103418 0.240902 -0.823033 0.000954
data -0.282483 -0.016594 -1.103418 0.240902 -0.820363 0.000954
data -0.282102 -0.015831 -1.103418 0.240902 -0.815022 0.000954
data -0.281720 -0.015450 -1.103418 0.240902 -0.811208 0.000954
data -0.281339 -0.014687 -1.103418 0.240902 -0.807393 0.000572
data -0.280956 -0.014305 -1.103418 0.240902 -0.803578 0.000954
data -0.280956 -0.014305 -1.103418 0.240902 -0.803578 0.000954
data -0.280193 -0.013161 -1.103418 0.240902 -0.796330 0.000954
data -0.280193 -0.013161 -1.103418 0.240902 -0.796330 0.000954
data -0.279430 -0.012016 -1.103418 0.240902 -0.791753 0.000954
data -0.279049 -0.011635 -1.103418 0.240902 -0.786794 0.000954
data -0.278667 -0.010872 -1.103418 0.240902 -0.786794 0.000954
data -0.278667 -0.010490 -1.103418 0.240902 -0.780689 0.000954
data -0.278286 -0.009727 -1.103418 0.240902 -0.777256 0.000954
data -0.277905 -0.009346 -1.103418 0.240902 -0.774204 0.000572
data -0.277142 -0.008202 -1.103418 0.240902 -0.774204 0.000572
data -0.277142 -0.008202 -1.103418 0.240902 -0.768101 0.000954
data -0.276760 -0.007439 -1.103418 0.240902 -0.765812 0.000954
data -0.276379 -0.006676 -1.103418 0.240902 -0.761234 0.000572
data -0.275997 -0.006294 -1.103418 0.240902 -0.761234 0.000572
data -0.275616 -0.005531 -1.103418 0.240902 -0.755512 0.000954
data -0.275616 -0.005531 -1.103418 0.240902 -0.755512 0.000954
data -0.274853 -0.005531 -1.103418 0.240902 -0.755512 0.000954
data -0.274853 -0.004387 -1.103418 0.240902 -0.749027 0.000954
data -0.274853 -0.004387 -1.103418 0.240902 -0.749027 0.000954
data -0.274090 -0.004387 -1.103418 0.240902 -0.749027 0.000954
data -0.273708 -0.002480 -1.103418 0.240902 -0.740253 0.000954
data -0.273327 -0.001335 -1.103418 0.240520 -0.736820 0.000954
data -0.272945 -0.000954 -1.103418 0.240520 -0.733006 0.000954
data -0.272564 -0.000191 -1.103418 0.240520 -0.733006 0.000954
data -0.272182 -0.000191 -1.103418 0.240139 -0.729572 0.000954
data -0.272182 -0.000191 -1.103418 0.240139 -0.727665 0.000954
data -0.272182 -0.000191 -1.103418 0.240139 -0.727665 0.000954
data -0.271420 0.001335 -1.103418 0.240139 -0.722706 0.000954
data -0.271038 0.001717 -1.103418 0.240139 -0.718509 0.000954
data -0.270657 0.002480 -1.103418 0.240139 -0.715838 0.000954
data -0.270275 0.002861 -1.103418 0.240139 -0.713550 0.000954
data -0.269894 0.003242 -1.103418 0.240139 -0.711642 0.000954
data -0.269512 0.004005 -1.103418 0.240139 -0.708972 0.000954
data -0.269131 0.004768 -1.103418 0.240139 -0.705157 0.000954
data -0.269131 0.004768 -1.103418 0.240139 -0.705157 0.000954
data -0.268368 0.005531 -1.103418 0.239758 -0.702487 0.000954
data -0.267986 0.006294 -1.103418 0.240139 -0.698672 0.000954
data -0.267605 0.006294 -1.103418 0.240139 -0.698672 0.000954
data -0.267605 0.007057 -1.103418 0.240139 -0.695239 0.000954
data -0.267223 0.007439 -1.103418 0.240139 -0.692950 0.000954
data -0.267223 0.007439 -1.103418 0.240139 -0.692950 0.000954
data -0.266079 0.008965 -1.103418 0.240139 -0.692950 0.000954
data -0.265697 0.009346 -1.103418 0.240139 -0.688373 0.000954
data -0.265316 0.009727 -1.103418 0.240139 -0.684558 0.000954
data -0.264935 0.010490 -1.103418 0.239758 -0.682651 0.000954
data -0.264553 0.010872 -1.103418 0.239758 -0.680743 0.000954
data -0.264172 0.011253 -1.103418 0.239758 -0.678836 0.000954
data -0.263790 0.012016 -1.103418 0.239758 -0.677310 0.000954
data -0.263027 0.012016 -1.103418 0.239758 -0.677310 0.000954
data -0.263027 0.012779 -1.103418 0.239758 -0.677310 0.000954
data -0.262646 0.013161 -1.103418 0.239376 -0.671588 0.000954
data -0.262264 0.013542 -1.103418 0.239376 -0.670062 0.000954
data -0.261883 0.014305 -1.103418 0.239376 -0.670062 0.000954
data -0.261501 0.014687 -1.103418 0.239376 -0.666629 0.000954
data -0.261120 0.015068 -1.103418 0.239376 -0.665103 0.000954
data -0.260357 0.015831 -1.103418 0.238995 -0.661288 0.000954
data -0.260357 0.015831 -1.103418 0.238995 -0.661288 0.000954
data -0.260357 0.015831 -1.103418 0.238995 -0.661288 0.000954
data -0.259212 0.016975 -1.103418 0.238995 -0.657855 0.000954
data -0.258831 0.017357 -1.103418 0.238995 -0.656711 0.000954
data -0.258450 0.017738 -1.103418 0.238995 -0.654802 0.000954
data -0.258068 0.018120 -1.103418 0.238613 -0.653276 0.000954
data -0.257687 0.018501 -1.103418 0.238613 -0.653276 0.000954
data -0.257305 0.018883 -1.103418 0.238613 -0.649843 0.000954
data -0.256542 0.018883 -1.103418 0.238613 -0.649843 0.000954
data -0.256542 0.020027 -1.103418 0.238613 -0.649843 0.000954
data -0.256161 0.020409 -1.103418 0.238613 -0.646791 0.000954
data -0.255779 0.020790 -1.103418 0.238232 -0.643740 0.000954
data -0.255398 0.021172 -1.103418 0.238232 -0.643740 0.000954
data -0.255016 0.021553 -1.103418 0.237850 -0.641451 0.000954
data -0.254635 0.022316 -1.103418 0.237469 -0.639925 0.000954
data -0.254253 0.022697 -1.103418 0.237469 -0.638781 0.000954
data -0.253490 0.023842 -1.103418 0.236706 -0.635729 0.000954
data -0.253109 0.024223 -1.103418 0.236706 -0.634966 0.000954
data -0.252728 0.024605 -1.103418 0.236706 -0.633440 0.000954
data -0.251965 0.024986 -1.103418 0.236324 -0.632296 0.000954
data -0.251965 0.025368 -1.103418 0.236324 -0.631151 0.000954
data -0.251583 0.025749 -1.103418 0.235943 -0.630388 0.000954
data -0.250820 0.026131 -1.103418 0.235561 -0.628862 0.000954
data -0.250439 0.026894 -1.103418 0.235180 -0.626955 0.000954
data -0.250439 0.026894 -1.103418 0.235180 -0.626955 0.000954
data -0.249676 0.027657 -1.103418 0.234798 -0.625429 0.000954
data -0.249294 0.028038 -1.103418 0.234417 -0.624285 0.000954
data -0.248913 0.028419 -1.103418 0.234035 -0.623522 0.000954
data -0.248913 0.028801 -1.103418 0.234035 -0.622759 0.000954
data -0.248531 0.029182 -1.103418 0.233654 -0.621233 0.000954
data -0.248150 0.029564 -1.103418 0.233273 -0.620852 0.000954
data -0.248150 0.029564 -1.103418 0.233273 -0.620852 0.000954
data -0.247387 0.029945 -1.103418 0.232510 -0.618944 0.000954
data -0.247005 0.030327 -1.103418 0.232128 -0.618181 0.000954
data -0.246624 0.030708 -1.103418 0.231747 -0.616655 0.000954
data -0.246243 0.031090 -1.103418 0.231365 -0.616274 0.000954
data -0.246243 0.031090 -1.103418 0.231365 -0.616274 0.000954
data -0.245480 0.031472 -1.103418 0.230984 -0.615129 0.000954
data -0.245098 0.032235 -1.103418 0.230602 -0.615129 0.000954
data -0.245098 0.032235 -1.103418 0.230602 -0.615129 0.000954
data -0.245098 0.032235 -1.103418 0.230602 -0.612459 0.000954
data -0.243954 0.032998 -1.103418 0.229458 -0.612459 0.000954
data -0.243954 0.032998 -1.103418 0.229458 -0.610552 0.000954
data -0.243572 0.033380 -1.103418 0.229076 -0.609789 0.000954
data -0.243191 0.033761 -1.103418 0.229076 -0.609026 0.000954
data -0.242809 0.034142 -1.103418 0.229076 -0.608263 0.000954
data -0.242809 0.034142 -1.103418 0.229076 -0.608263 0.000954
data -0.242046 0.034524 -1.103418 0.229076 -0.608263 0.000954
data -0.242046 0.034905 -1.103418 0.228313 -0.606356 0.000954
data -0.241665 0.035287 -1.103418 0.227932 -0.605211 0.000954
data -0.241283 0.035668 -1.103418 0.227551 -0.604448 0.000954
data -0.240902 0.035668 -1.103418 0.227551 -0.603685 0.000954
data -0.240902 0.036050 -1.103418 0.227169 -0.602541 0.000954
data -0.240520 0.036431 -1.103418 0.226788 -0.601778 0.000954
data -0.239758 0.036431 -1.103418 0.226788 -0.601778 0.000954
data -0.239758 0.037194 -1.103418 0.226406 -0.599871 0.000954
data -0.239376 0.037194 -1.103418 0.226406 -0.599489 0.000954
data -0.238995 0.037576 -1.103418 0.226025 -0.597963 0.000954
data -0.238613 0.037576 -1.103418 0.225643 -0.597200 0.000954
data -0.238613 0.037957 -1.103418 0.225643 -0.596437 0.000954
data -0.238232 0.038339 -1.103418 0.225262 -0.595293 0.000954
data -0.238232 0.038339 -1.103418 0.225262 -0.595293 0.000954
data -0.237087 0.038339 -1.103418 0.225262 -0.595293 0.000954
data -0.237087 0.038720 -1.103418 0.225262 -0.595293 0.000954
data -0.236706 0.039102 -1.103418 0.224499 -0.591096 0.000954
data -0.236324 0.039483 -1.103418 0.224499 -0.590333 0.000954
data -0.236324 0.039483 -1.103418 0.224499 -0.589189 0.000954
data -0.235943 0.039865 -1.103418 0.224499 -0.588426 0.000954
data -0.235561 0.040246 -1.103418 0.224117 -0.587663 0.000954
data -0.235180 0.040246 -1.103418 0.224117 -0.586518 0.000954
data -0.235180 0.040246 -1.103418 0.224117 -0.586518 0.000954
data -0.234417 0.040627 -1.103418 0.224117 -0.584611 0.000954
data -0.234035 0.041009 -1.103418 0.224117 -0.583848 0.000954
data -0.233654 0.041390 -1.103418 0.224117 -0.582322 0.000954
data -0.233273 0.041390 -1.103418 0.224117 -0.581178 0.000954
data -0.232891 0.041772 -1.103418 0.224117 -0.580033 0.001335
data -0.232510 0.042153 -1.103418 0.224117 -0.578889 0.001335
data -0.232128 0.042153 -1.103418 0.224117 -0.578889 0.001335
data -0.232128 0.042535 -1.103418 0.224117 -0.576982 0.000954
data -0.231365 0.042535 -1.103418 0.224117 -0.575456 0.000954
data -0.230984 0.042916 -1.103418 0.224117 -0.573930 0.000954
data -0.230602 0.043298 -1.103418 0.224117 -0.573930 0.000954
data -0.230221 0.043298 -1.103418 0.224117 -0.571259 0.000954
data -0.229839 0.043679 -1.103418 0.224117 -0.571259 0.000954
data -0.229458 0.043679 -1.103418 0.224117 -0.568971 0.000954
data -0.229076 0.044061 -1.103418 0.224117 -0.566682 0.000954
data -0.229076 0.044061 -1.103418 0.224117 -0.566682 0.000954
data -0.228313 0.044442 -1.103418 0.224117 -0.566682 0.000954
data -0.227932 0.044442 -1.103418 0.223736 -0.564775 0.000954
data -0.227551 0.044442 -1.103418 0.223354 -0.562867 0.000954
data -0.227169 0.044824 -1.103418 0.222973 -0.560960 0.000954
data -0.226788 0.044824 -1.103418 0.222591 -0.559434 0.000954
data -0.226406 0.045205 -1.103418 0.222210 -0.558290 0.000954
data -0.225643 0.045205 -1.103418 0.222210 -0.558290 0.000954
data -0.225643 0.045587 -1.103418 0.221828 -0.555238 0.000954
data -0.225262 0.045968 -1.103418 0.221447 -0.555238 0.000954
data -0.224880 0.045968 -1.103418 0.221066 -0.552949 0.000954
data -0.224499 0.045968 -1.103418 0.221066 -0.552949 0.000954
data -0.224499 0.046350 -1.103418 0.219921 -0.550279 0.000954
data -0.224117 0.046350 -1.103418 0.219540 -0.548753 0.000954
data -0.223736 0.046350 -1.103418 0.219158 -0.547227 0.000954
data -0.223354 0.046350 -1.103418 0.219158 -0.547227 0.000954
data -0.222973 0.046731 -1.103418 0.218013 -0.544938 0.000954
data -0.222973 0.047112 -1.103418 0.217250 -0.542268 0.000954
data -0.222591 0.047112 -1.103418 0.216868 -0.541123 0.000954
data -0.222210 0.047494 -1.103418 0.216868 -0.541123 0.000954
data -0.221828 0.047494 -1.103418 0.216487 -0.538072 0.000954
data -0.221828 0.047494 -1.103418 0.216105 -0.536927 0.000954
data -0.221447 0.047875 -1.103418 0.216105 -0.536927 0.000954
data -0.221447 0.047875 -1.103418 0.216105 -0.536927 0.000954
data -0.221066 0.047875 -1.103418 0.214961 -0.532731 0.000954
data -0.221066 0.048257 -1.103418 0.213817 -0.530060 0.000954
data -0.220684 0.048257 -1.103418 0.213435 -0.528534 0.000954
data -0.220303 0.048257 -1.103418 0.213054 -0.526627 0.000954
data -0.219921 0.048638 -1.103418 0.212672 -0.524719 0.000954
data -0.219921 0.048638 -1.103418 0.212291 -0.523193 0.000954
data -0.219540 0.048638 -1.103418 0.211909 -0.521286 0.000954
data -0.219540 0.048638 -1.103418 0.211909 -0.521286 0.000954
data -0.219540 0.048638 -1.103418 0.211909 -0.521286 0.000954
data -0.218777 0.049020 -1.103418 0.210383 -0.521286 0.000954
data -0.218394 0.049020 -1.103418 0.210002 -0.512894 0.000954
data -0.218394 0.049020 -1.103418 0.209620 -0.511368 0.000954
data -0.218013 0.049020 -1.103418 0.209239 -0.509460 0.000954
data -0.217631 0.049401 -1.103418 0.209239 -0.507553 0.000954
data -0.217250 0.049401 -1.103418 0.209239 -0.507553 0.000954
data -0.217250 0.049401 -1.103418 0.208476 -0.504120 0.000954
data -0.216868 0.049401 -1.103418 0.207713 -0.499542 0.000954
data -0.216868 0.049401 -1.103418 0.206950 -0.497635 0.000954
data -0.216487 0.049401 -1.103418 0.206950 -0.495346 0.000954
data -0.216487 0.049401 -1.103418 0.206569 -0.493439 0.000954
data -0.216105 0.049401 -1.103418 0.206569 -0.491150 0.000954
data -0.216105 0.049401 -1.103418 0.206187 -0.489243 0.000954
data -0.215724 0.049401 -1.103418 0.205806 -0.486954 0.000954
data -0.215724 0.049401 -1.103418 0.205806 -0.486954 0.000954
data -0.215343 0.049401 -1.103418 0.205424 -0.483139 0.000954
data -0.214961 0.049401 -1.103418 0.205424 -0.483139 0.000954
data -0.214961 0.049401 -1.103418 0.204280 -0.478180 0.000954
data -0.214580 0.049401 -1.103418 0.204280 -0.474365 0.000954
data -0.214580 0.049401 -1.103418 0.203898 -0.472458 0.000954
data -0.214580 0.049401 -1.103418 0.203517 -0.469788 0.000954
data -0.214198 0.049401 -1.103418 0.203517 -0.469788 0.000954
data -0.214198 0.049401 -1.103418 0.203517 -0.469788 0.000954
data -0.213817 0.049401 -1.103418 0.202754 -0.464446 0.000572
data -0.213435 0.049401 -1.103418 0.201991 -0.459868 0.000572
data -0.213435 0.049401 -1.103418 0.201991 -0.459868 0.000572
data -0.213054 0.049401 -1.103418 0.201610 -0.456817 0.000572
data -0.213054 0.049401 -1.103418 0.201610 -0.456817 0.000572
data -0.212672 0.049401 -1.103418 0.200847 -0.451476 0.000572
data -0.212672 0.049401 -1.103418 0.200847 -0.451476 0.000572
data -0.212672 0.049401 -1.103418 0.199702 -0.451476 0.000572
data -0.212672 0.049401 -1.103418 0.198939 -0.442321 0.000572
data -0.212291 0.049401 -1.103418 0.198558 -0.440032 0.000572
data -0.212291 0.049401 -1.103418 0.198176 -0.437743 0.000572
data -0.212291 0.049401 -1.103418 0.197413 -0.435073 0.000572
data -0.212291 0.049401 -1.103418 0.197413 -0.435073 0.000572
data -0.211909 0.049401 -1.103418 0.196651 -0.431258 0.000572
data -0.211909 0.049401 -1.103418 0.196651 -0.431258 0.000572
data -0.211528 0.049401 -1.103418 0.195125 -0.425155 0.000572
data -0.211146 0.049401 -1.103418 0.193980 -0.421721 0.000572
data -0.211146 0.049401 -1.103418 0.193599 -0.419433 0.000572
data -0.211146 0.049401 -1.103418 0.192454 -0.416381 0.000572
data -0.210765 0.049401 -1.103418 0.192454 -0.416381 0.000572
data -0.210765 0.049401 -1.103418 0.190928 -0.411803 0.000572
data -0.210765 0.049401 -1.103418 0.189784 -0.409133 0.000572
data -0.210765 0.049401 -1.103418 0.189784 -0.409133 0.000572
data -0.210765 0.049401 -1.103418 0.187495 -0.409133 0.000572
data -0.210765 0.049401 -1.103418 0.186351 -0.400740 0.000572
data -0.210765 0.049401 -1.103418 0.185588 -0.398069 0.000572
data -0.210765 0.049401 -1.103418 0.184443 -0.395781 0.000572
data -0.210765 0.049401 -1.103418 0.183681 -0.393110 0.000572
data -0.210765 0.049401 -1.103418 0.182536 -0.389677 0.000572
data -0.210765 0.049401 -1.103418 0.182536 -0.389677 0.000572
data -0.210765 0.049401 -1.103418 0.182536 -0.389677 0.000572
data -0.210383 0.049401 -1.103418 0.182536 -0.389677 0.000572
data -0.210383 0.049401 -1.103418 0.177577 -0.378614 0.000954
data -0.210383 0.049401 -1.103418 0.176814 -0.372892 0.000572
data -0.210383 0.049401 -1.103418 0.176051 -0.372892 0.000572
data -0.210383 0.049401 -1.103418 0.176051 -0.369841 0.000572
data -0.210383 0.049401 -1.103418 0.176051 -0.369841 0.000572
data -0.210383 0.049401 -1.103418 0.176051 -0.369841 0.000572
data -0.210002 0.049401 -1.103418 0.174144 -0.362211 0.000572
data -0.210002 0.049401 -1.103418 0.172236 -0.355726 0.000572
data -0.210002 0.049401 -1.103418 0.171474 -0.353437 0.000572
data -0.210002 0.049401 -1.103418 0.171092 -0.351149 0.000572
data -0.210002 0.049401 -1.103418 0.170711 -0.348478 0.000572
data -0.209620 0.049401 -1.103418 0.170711 -0.348478 0.000572
data -0.209620 0.049401 -1.103418 0.168803 -0.343518 0.000954
data -0.209620 0.049401 -1.103418 0.168040 -0.340085 0.000572
data -0.209239 0.049401 -1.103418 0.167277 -0.337033 0.000572
data -0.209239 0.049401 -1.103418 0.166514 -0.337033 0.000572
data -0.208858 0.049401 -1.103418 0.165751 -0.332074 0.000954
data -0.208858 0.049401 -1.103418 0.164989 -0.329785 0.000572
data -0.208476 0.049401 -1.103418 0.163081 -0.329785 0.000572
data -0.208476 0.049401 -1.103418 0.163081 -0.324063 0.000572
data -0.208476 0.049401 -1.103418 0.161937 -0.321012 0.000572
data -0.208476 0.049401 -1.103418 0.161174 -0.321012 0.000572
data -0.208476 0.049401 -1.103418 0.160411 -0.316052 0.000572
data -0.208095 0.049401 -1.103418 0.160029 -0.314527 0.000572
data -0.208095 0.049401 -1.103418 0.159266 -0.312238 0.000572
data -0.208095 0.049401 -1.103418 0.158504 -0.309949 0.000572
data -0.208095 0.049401 -1.103418 0.158504 -0.309949 0.000572
data -0.208095 0.049401 -1.103418 0.156978 -0.309949 0.000572
data -0.207713 0.049401 -1.103418 0.156214 -0.305371 0.000572
data -0.207713 0.049401 -1.103418 0.155832 -0.300794 0.000572
data -0.207713 0.049401 -1.103418 0.155451 -0.298123 0.000572
data -0.207332 0.049401 -1.103418 0.155069 -0.296216 0.000572
data -0.207332 0.049401 -1.103418 0.154688 -0.294309 0.000572
data -0.207332 0.049401 -1.103418 0.153925 -0.292020 0.000572
data -0.207332 0.049401 -1.103418 0.153925 -0.292020 0.000572
data -0.207332 0.049401 -1.103418 0.153925 -0.292020 0.000572
data -0.206950 0.049401 -1.103418 0.153543 -0.286679 0.000572
data -0.206950 0.049401 -1.103418 0.152781 -0.283628 0.000572
data -0.206950 0.049401 -1.103418 0.152781 -0.281339 0.000572
data -0.206569 0.049401 -1.103418 0.152781 -0.279812 0.000572
data -0.206569 0.049401 -1.103418 0.152781 -0.279812 0.000572
data -0.206569 0.049401 -1.103418 0.152399 -0.276379 0.000572
data -0.206569 0.049401 -1.103418 0.152399 -0.276379 0.000572
data -0.206569 0.049401 -1.103418 0.152399 -0.276379 0.000572
data -0.206569 0.049401 -1.103418 0.152399 -0.272182 0.000572
data -0.206569 0.049401 -1.103418 0.152018 -0.269512 0.000572
data -0.206569 0.049401 -1.103418 0.152018 -0.267605 0.000572
data -0.206569 0.049401 -1.103418 0.152018 -0.267605 0.000572
data -0.206569 0.049401 -1.103418 0.152399 -0.264935 0.000954
data -0.206569 0.049401 -1.103418 0.152399 -0.263027 0.000572
data -0.206569 0.049401 -1.103418 0.152399 -0.263027 0.000572
data -0.206569 0.049401 -1.103418 0.152399 -0.260357 0.000954
data -0.206569 0.049401 -1.103418 0.152399 -0.260357 0.000954
data -0.206569 0.049401 -1.103418 0.152399 -0.260357 0.000954
data -0.206569 0.049401 -1.103418 0.152399 -0.256161 0.000954
data -0.206569 0.049401 -1.103418 0.152781 -0.255016 0.000954
data -0.206569 0.049401 -1.103418 0.152781 -0.254253 0.000954
data -0.206569 0.049401 -1.103418 0.152781 -0.252346 0.000572
data -0.206569 0.049401 -1.103418 0.152781 -0.252346 0.000572
data -0.206187 0.049401 -1.103418 0.152781 -0.250439 0.000954
data -0.206187 0.049401 -1.103418 0.152781 -0.249676 0.000572
data -0.206187 0.049401 -1.103418 0.152781 -0.248531 0.000572
data -0.206187 0.049401 -1.103418 0.152399 -0.248150 0.000954
data -0.206187 0.049401 -1.103418 0.152781 -0.248150 0.000954
data -0.206187 0.049401 -1.103418 0.152781 -0.246243 0.000954
data -0.206187 0.049401 -1.103418 0.152781 -0.246243 0.000954
data -0.206187 0.049401 -1.103418 0.152781 -0.244717 0.000572
data -0.205806 0.049401 -1.103418 0.152781 -0.243191 0.000572
data -0.205806 0.049401 -1.103418 0.152781 -0.242809 0.000572
data -0.205806 0.049401 -1.103418 0.152781 -0.242046 0.000572
data -0.205424 0.049401 -1.103418 0.152781 -0.241665 0.000954
data -0.205424 0.049401 -1.103418 0.152781 -0.241283 0.000954
data -0.205424 0.049401 -1.103418 0.152781 -0.241283 0.000954
data -0.205043 0.049401 -1.103418 0.152781 -0.241283 0.000954
data -0.204661 0.049401 -1.103418 0.152781 -0.240520 0.000572
data -0.204661 0.049401 -1.103418 0.152781 -0.240139 0.000954
data -0.204280 0.049401 -1.103418 0.152781 -0.239758 0.000572
data -0.204280 0.049401 -1.103418 0.152781 -0.239758 0.000572
data -0.204280 0.049401 -1.103418 0.152781 -0.239758 0.000954
data -0.203898 0.049401 -1.103418 0.152781 -0.239376 0.000572
data -0.203898 0.049401 -1.103418 0.152781 -0.239376 0.000572
data -0.203898 0.049401 -1.103418 0.152781 -0.239376 0.000572
data -0.203898 0.049401 -1.103418 0.152781 -0.239376 0.000572
data -0.203898 0.049401 -1.103418 0.152781 -0.239376 0.000572
data -0.203517 0.049783 -1.103418 0.153925 -0.239376 0.000572
data -0.203135 0.049783 -1.103418 0.153925 -0.239376 0.000954
data -0.203135 0.049783 -1.103418 0.153925 -0.239376 0.000572
data -0.202754 0.049783 -1.103418 0.154306 -0.239758 0.000954
data -0.202754 0.049783 -1.103418 0.154306 -0.239758 0.000954
data -0.202754 0.049783 -1.103418 0.154306 -0.239758 0.000954
data -0.202754 0.049783 -1.103418 0.154306 -0.239758 0.000954
data -0.202373 0.049783 -1.103418 0.154306 -0.239758 0.000954
data -0.201991 0.050164 -1.103418 0.154688 -0.240139 0.000954
data -0.201991 0.050164 -1.103418 0.154688 -0.240139 0.000954
data -0.201610 0.050164 -1.103418 0.154688 -0.240139 0.000954
data -0.201610 0.050164 -1.103418 0.155069 -0.240520 0.000954
data -0.201610 0.050164 -1.103418 0.155069 -0.240520 0.000954
data -0.201610 0.050546 -1.103418 0.155069 -0.240520 0.000954
data -0.201610 0.050546 -1.103418 0.155069 -0.240520 0.000954
data -0.201228 0.050546 -1.103418 0.155069 -0.240520 0.000954
data -0.201228 0.050546 -1.103418 0.155069 -0.241283 0.000954
data -0.200847 0.050546 -1.103418 0.155069 -0.241283 0.000954
data -0.200847 0.050546 -1.103418 0.155069 -0.241665 0.000954
data -0.200847 0.050546 -1.103418 0.154688 -0.242046 0.000954
data -0.200847 0.050546 -1.103418 0.154688 -0.242046 0.000954
data -0.200847 0.050546 -1.103418 0.154688 -0.242046 0.000954
data -0.200084 0.050927 -1.103418 0.154688 -0.243191 0.000954
data -0.200084 0.050927 -1.103418 0.154688 -0.243191 0.000954
data -0.199702 0.050927 -1.103418 0.154688 -0.243572 0.000954
data -0.199702 0.050927 -1.103418 0.154688 -0.243572 0.000954
data -0.199702 0.050927 -1.103418 0.154688 -0.243954 0.000954
data -0.199702 0.051309 -1.103418 0.154688 -0.244335 0.000954
data -0.199321 0.051309 -1.103418 0.155069 -0.244717 0.000954
data -0.199321 0.051309 -1.103418 0.155069 -0.244717 0.000954
data -0.199321 0.051309 -1.103418 0.155069 -0.244717 0.000954
data -0.199321 0.051309 -1.103418 0.155069 -0.245098 0.000954
data -0.198939 0.051309 -1.103418 0.155069 -0.245861 0.000954
data -0.198939 0.051309 -1.103418 0.155069 -0.245861 0.000954
data -0.198558 0.051309 -1.103418 0.155069 -0.246243 0.000954
data -0.198176 0.051309 -1.103418 0.155451 -0.247005 0.000954
data -0.198176 0.051309 -1.103418 0.155451 -0.247005 0.000954
data -0.198176 0.051309 -1.103418 0.155451 -0.247387 0.000954
data -0.197795 0.051309 -1.103418 0.155451 -0.247768 0.000954
data -0.197795 0.051309 -1.103418 0.155451 -0.247768 0.000954
data -0.197795 0.051309 -1.103418 0.155451 -0.248913 0.000954
data -0.197413 0.051690 -1.103418 0.155451 -0.249294 0.000954
data -0.197413 0.051690 -1.103418 0.155451 -0.249676 0.000954
data -0.197413 0.051690 -1.103418 0.155451 -0.249676 0.000954
data -0.197413 0.051690 -1.103418 0.155451 -0.249676 0.000954
data -0.197032 0.052072 -1.103418 0.155832 -0.251202 0.000954
data -0.197032 0.052072 -1.103418 0.156214 -0.252346 0.000954
data -0.197032 0.052072 -1.103418 0.156214 -0.253109 0.000954
data -0.197032 0.052453 -1.103418 0.156214 -0.253490 0.000954
data -0.196651 0.052453 -1.103418 0.156596 -0.254253 0.000954
data -0.196651 0.052453 -1.103418 0.156596 -0.255016 0.000954
data -0.196651 0.052453 -1.103418 0.156596 -0.255016 0.000954
data -0.196651 0.052453 -1.103418 0.156596 -0.255016 0.000954
data -0.196269 0.052835 -1.103418 0.156978 -0.256542 0.000954
data -0.195888 0.053216 -1.103418 0.156978 -0.257687 0.000954
data -0.195888 0.053216 -1.103418 0.157359 -0.258450 0.000954
data -0.195888 0.053216 -1.103418 0.157359 -0.259212 0.000954
data -0.195506 0.053597 -1.103418 0.157359 -0.259212 0.000954
data -0.195506 0.053597 -1.103418 0.157741 -0.260357 0.000954
data -0.195506 0.053979 -1.103418 0.158122 -0.261883 0.000954
data -0.195506 0.053979 -1.103418 0.158122 -0.261883 0.000954
data -0.195506 0.053979 -1.103418 0.158122 -0.261883 0.000954
data -0.195506 0.053979 -1.103418 0.158122 -0.261883 0.000954
data -0.195125 0.054742 -1.103418 0.158122 -0.263409 0.000954
data -0.195125 0.055123 -1.103418 0.158122 -0.264553 0.000954
data -0.195125 0.055505 -1.103418 0.158122 -0.264935 0.000954
data -0.195125 0.055505 -1.103418 0.158122 -0.264935 0.000954
data -0.195125 0.055505 -1.103418 0.158122 -0.264935 0.000954
data -0.195125 0.056268 -1.103418 0.158122 -0.266460 0.000954
data -0.195125 0.056268 -1.103418 0.158122 -0.266842 0.000954
data -0.195125 0.056649 -1.103418 0.158122 -0.267223 0.000954
data -0.195125 0.057031 -1.103418 0.158504 -0.267986 0.000954
data -0.195125 0.057412 -1.103418 0.158122 -0.268368 0.000954
data -0.195125 0.057412 -1.103418 0.158122 -0.268749 0.000954
data -0.195125 0.057794 -1.103418 0.158122 -0.268749 0.000954
data -0.194743 0.057794 -1.103418 0.158122 -0.269512 0.000954
data -0.194743 0.057794 -1.103418 0.158122 -0.269512 0.000954
data -0.194743 0.058557 -1.103418 0.158504 -0.269894 0.000954
data -0.194743 0.059319 -1.103418 0.158122 -0.271038 0.000954
data -0.194743 0.059701 -1.103418 0.158122 -0.271420 0.000954
data -0.194743 0.060082 -1.103418 0.158122 -0.271801 0.000954
data -0.194743 0.060464 -1.103418 0.158122 -0.272182 0.000954
data -0.194362 0.060845 -1.103418 0.158122 -0.272945 0.000954
data -0.194362 0.060845 -1.103418 0.158122 -0.272945 0.000954
data -0.193980 0.061990 -1.103418 0.158122 -0.272945 0.000954
data -0.193980 0.062371 -1.103418 0.158122 -0.274090 0.000954
data -0.193980 0.062753 -1.103418 0.158122 -0.274471 0.000954
data -0.193980 0.063516 -1.103418 0.158122 -0.274853 0.000954
data -0.193599 0.063897 -1.103418 0.158504 -0.275234 0.000954
data -0.193599 0.064279 -1.103418 0.158504 -0.275234 0.000954
data -0.193599 0.064660 -1.103418 0.158504 -0.275997 0.000954
data -0.193599 0.064660 -1.103418 0.158504 -0.275997 0.000954
data -0.193217 0.065804 -1.103418 0.158504 -0.275997 0.000954
data -0.193217 0.066186 -1.103418 0.158504 -0.276760 0.000954
data -0.193217 0.066567 -1.103418 0.158504 -0.277905 0.000954
data -0.193217 0.066567 -1.103418 0.158504 -0.277905 0.000954
data -0.193217 0.067712 -1.103418 0.158504 -0.279430 0.000954
data -0.193217 0.068093 -1.103418 0.158504 -0.279430 0.000954
data -0.193217 0.068475 -1.103418 0.158504 -0.280575 0.000954
data -0.193217 0.068475 -1.103418 0.158504 -0.280575 0.000954
data -0.193217 0.069619 -1.103418 0.158504 -0.280575 0.000954
data -0.193217 0.070382 -1.103418 0.158504 -0.282102 0.000954
data -0.193217 0.070764 -1.103418 0.158504 -0.282483 0.000954
data -0.193217 0.071527 -1.103418 0.158504 -0.283246 0.000954
data -0.193217 0.072289 -1.103418 0.158504 -0.283246 0.000954
data -0.193217 0.072671 -1.103418 0.158504 -0.284009 0.000954
data -0.193217 0.073434 -1.103418 0.158504 -0.284772 0.000954
data -0.193217 0.073434 -1.103418 0.158504 -0.284772 0.000954
data -0.193217 0.074578 -1.103418 0.158504 -0.284772 0.000954
data -0.193217 0.075341 -1.103418 0.158504 -0.285916 0.000954
data -0.193217 0.076104 -1.103418 0.158504 -0.286679 0.000954
data -0.193217 0.076867 -1.103418 0.158504 -0.286679 0.000954
data -0.193217 0.076867 -1.103418 0.158504 -0.287061 0.000954
data -0.193217 0.078012 -1.103418 0.158504 -0.288205 0.000954
data -0.193217 0.079156 -1.103418 0.158504 -0.288587 0.000954
data -0.193217 0.079919 -1.103418 0.158504 -0.288968 0.000954
data -0.193217 0.080682 -1.103418 0.158504 -0.289350 0.000954
data -0.193217 0.081063 -1.103418 0.158504 -0.289350 0.000954
data -0.193217 0.081826 -1.103418 0.158504 -0.289731 0.000954
data -0.193217 0.081826 -1.103418 0.158504 -0.289731 0.000954
data -0.193217 0.081826 -1.103418 0.158504 -0.289731 0.000954
data -0.193217 0.083352 -1.103418 0.158504 -0.290494 0.000954
data -0.193217 0.084878 -1.103418 0.158504 -0.290875 0.000954
data -0.193217 0.085641 -1.103418 0.158504 -0.291257 0.000954
data -0.193217 0.086404 -1.103418 0.158504 -0.291638 0.000954
data -0.193217 0.087167 -1.103418 0.158504 -0.291638 0.000954
data -0.193217 0.087167 -1.103418 0.158504 -0.291638 0.000954
data -0.193217 0.087167 -1.103418 0.158504 -0.291638 0.000954
data -0.193217 0.089074 -1.103418 0.158504 -0.292020 0.000954
data -0.193217 0.089074 -1.103418 0.158504 -0.292020 0.000954
data -0.193217 0.089074 -1.103418 0.158504 -0.292020 0.000954
data -0.193217 0.092126 -1.103418 0.158504 -0.292401 0.000954
data -0.193217 0.092889 -1.103418 0.158504 -0.292783 0.000954
data -0.193217 0.093652 -1.103418 0.158504 -0.292783 0.000954
data -0.193217 0.094416 -1.103418 0.158504 -0.292783 0.000954
data -0.193217 0.095560 -1.103418 0.158504 -0.293164 0.000954
data -0.193217 0.096323 -1.103418 0.158504 -0.293164 0.000572
data -0.193217 0.096323 -1.103418 0.158504 -0.293164 0.000572
data -0.193217 0.098230 -1.103418 0.158504 -0.293164 0.000572
data -0.193217 0.098993 -1.103418 0.158504 -0.293164 0.000954
data -0.193217 0.099756 -1.103418 0.158504 -0.293164 0.000954
data -0.193217 0.100519 -1.103418 0.158504 -0.293546 0.000954
data -0.193217 0.101282 -1.103418 0.158504 -0.293546 0.000954
data -0.193217 0.102045 -1.103418 0.158504 -0.293546 0.000954
data -0.193217 0.102045 -1.103418 0.158504 -0.293546 0.000954
data -0.193217 0.102045 -1.103418 0.158504 -0.293546 0.000954
data -0.193217 0.102045 -1.103418 0.158504 -0.293546 0.000954
data -0.193217 0.105860 -1.103418 0.158504 -0.293546 0.000954
data -0.193217 0.107004 -1.103418 0.158504 -0.293927 0.000954
data -0.193217 0.107767 -1.103418 0.158504 -0.293927 0.000954
data -0.193217 0.108530 -1.103418 0.158504 -0.294309 0.000954
data -0.193217 0.109674 -1.103418 0.158504 -0.294309 0.000954
data -0.193217 0.111200 -1.103418 0.158504 -0.294309 0.000954
data -0.193217 0.111200 -1.103418 0.158504 -0.294690 0.000954
data -0.193217 0.112345 -1.103418 0.158504 -0.294690 0.000954
data -0.193217 0.113489 -1.103418 0.158504 -0.295072 0.000954
data -0.193217 0.114634 -1.103418 0.158504 -0.295072 0.000954
data -0.193217 0.115396 -1.103418 0.158504 -0.295453 0.000954
data -0.193217 0.116159 -1.103800 0.158504 -0.295453 0.000954
data -0.193217 0.117304 -1.103800 0.158504 -0.295835 0.000954
data -0.193217 0.117304 -1.103800 0.158504 -0.295835 0.000954
data -0.193217 0.119211 -1.103800 0.158504 -0.295835 0.000954
data -0.193217 0.119974 -1.103800 0.158504 -0.295835 0.000954
data -0.193217 0.120737 -1.103800 0.158504 -0.296597 0.000954
data -0.193217 0.121881 -1.104181 0.158504 -0.296597 0.000954
data -0.193217 0.123026 -1.104181 0.158504 -0.296597 0.000954
data -0.193217 0.123026 -1.104181 0.158504 -0.296979 0.000572
data -0.193217 0.124933 -1.104181 0.158504 -0.296979 0.000954
data -0.193217 0.124933 -1.104181 0.158504 -0.296979 0.000954
data -0.193217 0.127604 -1.104181 0.158504 -0.296979 0.000954
data -0.193217 0.128366 -1.104563 0.158504 -0.297360 0.000954
data -0.193217 0.129129 -1.104563 0.158504 -0.297742 0.000954
data -0.193217 0.130274 -1.104563 0.158504 -0.297742 0.000954
data -0.193217 0.131037 -1.104563 0.158504 -0.297742 0.000954
data -0.193217 0.132181 -1.104563 0.158504 -0.298123 0.000954
data -0.193217 0.132181 -1.104563 0.158504 -0.298123 0.000954
data -0.193217 0.132181 -1.104563 0.158504 -0.298123 0.000954
data -0.193217 0.132181 -1.104563 0.158504 -0.298123 0.000954
data -0.193217 0.135233 -1.105326 0.158504 -0.298123 0.000954
data -0.193217 0.136759 -1.105326 0.158504 -0.298886 0.000954
data -0.193217 0.137903 -1.105707 0.158504 -0.298886 0.000954
data -0.193217 0.138666 -1.105707 0.158504 -0.299268 0.000954
data -0.193217 0.138666 -1.105707 0.158504 -0.299268 0.000954
data -0.193217 0.138666 -1.105707 0.158504 -0.299268 0.000954
data -0.193217 0.138666 -1.105707 0.158504 -0.299268 0.000954
data -0.193217 0.138666 -1.105707 0.158504 -0.299268 0.000954
data -0.193217 0.138666 -1.105707 0.158504 -0.299268 0.000954
data -0.193217 0.138666 -1.105707 0.158504 -0.299268 0.000954
data -0.193217 0.138666 -1.105707 0.158504 -0.299268 0.000954
data -0.193217 0.145151 -1.106470 0.158504 -0.300031 0.000954
data -0.193217 0.148584 -1.106852 0.158504 -0.300031 0.000954
data -0.193217 0.148584 -1.106852 0.158504 -0.300031 0.000954
data -0.193217 0.151255 -1.107233 0.158504 -0.300031 0.000954
data -0.193217 0.151255 -1.107233 0.158885 -0.300031 0.000954
data -0.193217 0.153162 -1.107615 0.158885 -0.300412 0.000572
data -0.193217 0.154306 -1.107615 0.158885 -0.300794 0.000954
data -0.193217 0.155451 -1.107996 0.158885 -0.301175 0.000954
data -0.193217 0.156596 -1.107996 0.158885 -0.301175 0.000954
data -0.193217 0.157359 -1.107996 0.158885 -0.301557 0.000954
data -0.193217 0.159648 -1.108377 0.158885 -0.301938 0.000954
data -0.193217 0.159648 -1.108377 0.158885 -0.301938 0.000954
data -0.193217 0.161937 -1.108377 0.158885 -0.302320 0.000954
data -0.193217 0.163081 -1.108377 0.158885 -0.302701 0.000954
data -0.193217 0.164226 -1.108759 0.158885 -0.303082 0.000954
data -0.193217 0.164989 -1.108759 0.158885 -0.303082 0.000954
data -0.193217 0.164989 -1.108759 0.158885 -0.303082 0.000954
data -0.193217 0.166514 -1.108759 0.158885 -0.303464 0.000954
data -0.193217 0.168803 -1.108759 0.158885 -0.303464 0.000954
data -0.193217 0.169566 -1.108759 0.158885 -0.304227 0.000954
data -0.193217 0.171092 -1.109140 0.158885 -0.304990 0.000954
data -0.193217 0.171855 -1.109140 0.158885 -0.305371 0.000954
data -0.193217 0.172999 -1.109140 0.158885 -0.305753 0.000954
data -0.193217 0.174144 -1.109140 0.158885 -0.305753 0.000954
data -0.193217 0.175288 -1.109140 0.158885 -0.306897 0.000954
data -0.193217 0.177196 -1.109140 0.158885 -0.307660 0.000954
data -0.193217 0.177196 -1.109140 0.158885 -0.307660 0.000954
data -0.193217 0.178721 -1.109140 0.158885 -0.308042 0.000954
data -0.193217 0.180247 -1.109522 0.158885 -0.308423 0.000954
data -0.193217 0.180247 -1.109522 0.158885 -0.308423 0.000954
data -0.193217 0.182536 -1.109522 0.158885 -0.309186 0.000954
data -0.193217 0.183299 -1.109522 0.158885 -0.309567 0.000954
data -0.193217 0.184443 -1.109522 0.158885 -0.310330 0.000954
data -0.193217 0.184443 -1.109522 0.158885 -0.310330 0.000954
data -0.193217 0.187114 -1.109903 0.158885 -0.310330 0.000954
data -0.193217 0.188258 -1.109903 0.158885 -0.311475 0.000954
data -0.193217 0.189403 -1.110285 0.158885 -0.311856 0.000954
data -0.193217 0.190547 -1.110285 0.158885 -0.312238 0.000954
data -0.193217 0.191691 -1.110285 0.158885 -0.312619 0.000954
data -0.193217 0.193217 -1.110666 0.158885 -0.313001 0.000572
data -0.193217 0.193980 -1.110666 0.158885 -0.313382 0.000954
data -0.193217 0.193980 -1.110666 0.158885 -0.313382 0.000954
data -0.193217 0.197032 -1.111048 0.158885 -0.314145 0.000954
data -0.193217 0.197795 -1.111048 0.158885 -0.314527 0.000954
data -0.193217 0.198939 -1.111429 0.158885 -0.314908 0.000954
data -0.193217 0.200084 -1.111429 0.158885 -0.314908 0.000954
data -0.193217 0.200847 -1.111811 0.158885 -0.315289 0.000954
data -0.193217 0.201991 -1.111811 0.158885 -0.315289 0.000572
data -0.193217 0.201991 -1.111811 0.158885 -0.315289 0.000572
data -0.193217 0.201991 -1.111811 0.158885 -0.315289 0.000572
data -0.193217 0.205043 -1.111811 0.158885 -0.315289 0.000572
data -0.193217 0.206569 -1.112574 0.158885 -0.316434 0.000954
data -0.193217 0.207713 -1.112574 0.158885 -0.316434 0.000954
data -0.193217 0.208858 -1.112955 0.158885 -0.316815 0.000954
data -0.193217 0.210002 -1.113337 0.158885 -0.316815 0.000954
data -0.193217 0.211146 -1.113337 0.158885 -0.317197 0.000954
data -0.193217 0.211146 -1.113337 0.158885 -0.317197 0.000954
data -0.193217 0.213054 -1.113718 0.158885 -0.317197 0.000954
data -0.193217 0.214580 -1.113718 0.158885 -0.317197 0.000954
data -0.193217 0.215724 -1.114100 0.158885 -0.317578 0.000954
data -0.193217 0.215724 -1.114100 0.158885 -0.317578 0.000954
data -0.193217 0.217631 -1.114100 0.158885 -0.317960 0.000954
data -0.193217 0.218777 -1.114481 0.158885 -0.317960 0.000954
data -0.193217 0.219921 -1.114481 0.158885 -0.317960 0.000954
data -0.193217 0.219921 -1.114481 0.158885 -0.317960 0.000954
data -0.193217 0.219921 -1.114481 0.158885 -0.317960 0.000954
data -0.193217 0.223354 -1.114481 0.158885 -0.317960 0.000954
data -0.193217 0.223736 -1.114862 0.158885 -0.318341 0.000954
data -0.193217 0.223736 -1.114862 0.158885 -0.318341 0.000954
data -0.193217 0.227169 -1.115244 0.158885 -0.318723 0.000954
data -0.193217 0.228313 -1.115244 0.158885 -0.318723 0.000954
data -0.193217 0.229076 -1.115244 0.158885 -0.318723 0.000954
data -0.193217 0.230984 -1.115244 0.158885 -0.318723 0.000954
data -0.193217 0.230984 -1.115244 0.158885 -0.318723 0.000954
data -0.193217 0.232510 -1.115244 0.158885 -0.318723 0.000954
data -0.193217 0.233654 -1.115244 0.158885 -0.318723 0.000954
data -0.193217 0.234798 -1.115625 0.158885 -0.318723 0.000572
data -0.193217 0.235943 -1.115625 0.158885 -0.318723 0.000954
data -0.193217 0.237087 -1.115625 0.158885 -0.318723 0.000954
data -0.193217 0.237087 -1.115625 0.158885 -0.318723 0.000954
data -0.193217 0.237087 -1.115625 0.158885 -0.318723 0.000954
data -0.193217 0.237087 -1.115625 0.158885 -0.318723 0.000954
data -0.193217 0.241665 -1.115625 0.158885 -0.318723 0.000954
data -0.193217 0.242809 -1.116007 0.158885 -0.318723 0.000954
data -0.193217 0.243954 -1.116007 0.158504 -0.318723 0.000954
data -0.193217 0.245098 -1.116007 0.158504 -0.318723 0.000954
data -0.193217 0.245861 -1.116007 0.158504 -0.318723 0.000954
data -0.193217 0.247005 -1.116007 0.158504 -0.318723 0.000954
data -0.193217 0.247005 -1.116007 0.158504 -0.318723 0.000954
data -0.193217 0.248913 -1.116007 0.158504 -0.318723 0.000954
data -0.193217 0.250439 -1.116007 0.158504 -0.318723 0.000954
data -0.193217 0.251202 -1.116007 0.158504 -0.318723 0.000954
data -0.193217 0.251965 -1.116007 0.158504 -0.318723 0.000954
data -0.193217 0.253109 -1.116388 0.158504 -0.318723 0.000954
data -0.193217 0.253872 -1.116388 0.158504 -0.318723 0.000954
data -0.193217 0.255016 -1.116388 0.158504 -0.318723 0.000954
data -0.193217 0.256924 -1.116388 0.158504 -0.318723 0.000954
data -0.193217 0.257687 -1.116388 0.158504 -0.318723 0.000954
data -0.193217 0.258831 -1.116388 0.158504 -0.318723 0.000954
data -0.193217 0.259975 -1.116388 0.158504 -0.318723 0.000954
data -0.193217 0.260738 -1.116388 0.158504 -0.318723 0.000954
data -0.193217 0.261883 -1.116388 0.158504 -0.318723 0.000954
data -0.193217 0.263027 -1.116388 0.158504 -0.318723 0.000954
data -0.193217 0.263790 -1.116388 0.158504 -0.318723 0.000954
data -0.193217 0.263790 -1.116388 0.158504 -0.318723 0.000954
data -0.193217 0.265697 -1.116388 0.158504 -0.318723 0.000954
data -0.193217 0.266460 -1.116388 0.158504 -0.318723 0.000954
data -0.193217 0.267223 -1.116388 0.158504 -0.318723 0.000954
data -0.193217 0.267986 -1.116388 0.158504 -0.318723 0.000954
data -0.193217 0.267986 -1.116388 0.158504 -0.318723 0.000954
data -0.193217 0.269894 -1.116388 0.158504 -0.318723 0.000954
data -0.193217 0.269894 -1.116388 0.158504 -0.318723 0.000954
data -0.193217 0.271801 -1.116388 0.158504 -0.318723 0.000954
data -0.193599 0.272945 -1.116388 0.158504 -0.319104 0.000954
data -0.193217 0.273708 -1.116388 0.158504 -0.318723 0.000954
data -0.193217 0.274853 -1.116388 0.158504 -0.319104 0.000954
data -0.193217 0.275616 -1.116388 0.158504 -0.319104 0.000954
data -0.193217 0.275616 -1.116388 0.158504 -0.319104 0.000954
data -0.193217 0.277905 -1.116388 0.158504 -0.319104 0.000954
data -0.193217 0.278667 -1.116388 0.158504 -0.319104 0.000954
data -0.193217 0.279430 -1.116388 0.158504 -0.319104 0.000954
data -0.193217 0.279812 -1.116388 0.158122 -0.319104 0.000954
data -0.193217 0.280575 -1.116388 0.158122 -0.319104 0.000954
data -0.193217 0.281339 -1.116388 0.158504 -0.318723 0.000954
data -0.193217 0.282102 -1.116388 0.158504 -0.318723 0.000954
data -0.193217 0.282483 -1.116388 0.158504 -0.318723 0.000954
data -0.193217 0.282483 -1.116388 0.158504 -0.318723 0.000954
data -0.193217 0.284772 -1.116388 0.158504 -0.318723 0.000954
data -0.193217 0.285535 -1.116388 0.158504 -0.319104 0.000954
data -0.193217 0.286298 -1.116388 0.158504 -0.319104 0.000954
data -0.193217 0.287061 -1.116388 0.158504 -0.319104 0.000954
data -0.193217 0.287824 -1.116388 0.158504 -0.319104 0.000954
data -0.193217 0.288587 -1.116388 0.158504 -0.318723 0.000954
data -0.193217 0.289350 -1.116388 0.158504 -0.319104 0.000954
data -0.193217 0.290494 -1.116388 0.158504 -0.319104 0.000954
data -0.193217 0.290494 -1.116388 0.158504 -0.318723 0.000954
data -0.193599 0.291638 -1.116388 0.158504 -0.319104 0.000954
data -0.193217 0.292401 -1.116388 0.158504 -0.318723 0.000954
data -0.193217 0.293164 -1.116388 0.158504 -0.318723 0.000954
data -0.193217 0.293927 -1.116388 0.158504 -0.318723 0.000954
data -0.193599 0.294690 -1.116388 0.158504 -0.318723 0.000954
data -0.193599 0.295453 -1.116388 0.158504 -0.318723 0.000954
data -0.193599 0.295453 -1.116388 0.158504 -0.318723 0.000954
data -0.193599 0.295453 -1.116388 0.158504 -0.318723 0.000954
data -0.193599 0.297360 -1.116388 0.158504 -0.318723 0.000954
data -0.193599 0.298123 -1.116388 0.158504 -0.318723 0.000954
data -0.193217 0.298886 -1.116388 0.158504 -0.319104 0.000954
data -0.193599 0.299649 -1.116388 0.158504 -0.318723 0.000954
data -0.193599 0.300412 -1.116388 0.158504 -0.319104 0.000954
data -0.193217 0.300794 -1.116388 0.158504 -0.319104 0.000954
data -0.193217 0.300794 -1.116388 0.158504 -0.319104 0.000954
data -0.193217 0.300794 -1.116388 0.158504 -0.319104 0.000954
data -0.193599 0.303464 -1.116388 0.158504 -0.319104 0.000954
data -0.193599 0.303464 -1.116388 0.158504 -0.319104 0.000954
data -0.193599 0.304990 -1.116388 0.158504 -0.318723 0.000954
data -0.193599 0.304990 -1.116388 0.158504 -0.318723 0.000954
data -0.193599 0.304990 -1.116388 0.158504 -0.318723 0.000954
data -0.193599 0.304990 -1.116388 0.158504 -0.318723 0.000954
data -0.193599 0.304990 -1.116388 0.158504 -0.318723 0.000954
data -0.193599 0.309186 -1.116388 0.158504 -0.318723 0.000954
data -0.193599 0.309186 -1.116388 0.158504 -0.318723 0.000954
data -0.193599 0.309186 -1.116388 0.158504 -0.318723 0.000954
data -0.193599 0.311093 -1.116388 0.158504 -0.318723 0.000954
data -0.193599 0.312238 -1.116388 0.158504 -0.318723 0.000954
data -0.193599 0.312238 -1.116388 0.158504 -0.318723 0.000954
data -0.193599 0.313382 -1.116388 0.158504 -0.318723 0.000954
data -0.193599 0.313382 -1.116388 0.158504 -0.318723 0.000954
data -0.193599 0.313382 -1.116388 0.158504 -0.318723 0.000954
data -0.193599 0.315289 -1.116388 0.158504 -0.318723 0.000954
data -0.193599 0.316052 -1.116388 0.158504 -0.319104 0.000954
data -0.193599 0.316815 -1.116388 0.158504 -0.319104 0.000954
data -0.193599 0.317578 -1.116388 0.158504 -0.318723 0.000954
data -0.193599 0.318341 -1.116388 0.158504 -0.319104 0.000954
data -0.193599 0.319486 -1.116388 0.158504 -0.318723 0.000954
data -0.193599 0.319486 -1.116388 0.158504 -0.318723 0.000954
data -0.193599 0.320249 -1.116388 0.158504 -0.318723 0.000954
data -0.193599 0.321393 -1.116388 0.158504 -0.318723 0.000954
data -0.193599 0.322156 -1.116388 0.158504 -0.318723 0.000954
data -0.193599 0.322919 -1.116388 0.158504 -0.318723 0.000954
data -0.193599 0.323682 -1.116388 0.158504 -0.318723 0.000954
data -0.193599 0.324445 -1.116388 0.158504 -0.318723 0.000954
data -0.193599 0.324826 -1.116388 0.158504 -0.318723 0.000954
data -0.193599 0.324826 -1.116388 0.158504 -0.318723 0.000954
data -0.193599 0.324826 -1.116388 0.158504 -0.318723 0.000954
data -0.193599 0.327115 -1.116388 0.158504 -0.318723 0.000954
data -0.193599 0.327878 -1.116388 0.158504 -0.318723 0.000954
data -0.193599 0.328641 -1.116388 0.158504 -0.318723 0.000954
data -0.193599 0.329022 -1.116388 0.158504 -0.319104 0.000954
data -0.193599 0.329404 -1.116388 0.158504 -0.318723 0.000954
data -0.193599 0.329404 -1.116388 0.158504 -0.318723 0.000954
data -0.193599 0.329404 -1.116388 0.158504 -0.318723 0.000954
data -0.193599 0.331693 -1.116388 0.158504 -0.318723 0.000954
data -0.193599 0.331693 -1.116388 0.158504 -0.318723 0.000954
data -0.193599 0.332837 -1.116388 0.158504 -0.318723 0.000954
data -0.193599 0.333600 -1.116388 0.158504 -0.318723 0.000954
data -0.193599 0.334363 -1.116388 0.158504 -0.318723 0.000954
data -0.193599 0.335507 -1.116388 0.158504 -0.318723 0.000954
data -0.193599 0.335507 -1.116388 0.158504 -0.318723 0.000954
data -0.193599 0.335507 -1.116388 0.158504 -0.318723 0.000954
data -0.193599 0.335507 -1.116388 0.158504 -0.318723 0.000954
data -0.193599 0.335507 -1.116388 0.158504 -0.318723 0.000954
data -0.193599 0.338941 -1.116388 0.158504 -0.318723 0.000954
data -0.193599 0.339704 -1.116388 0.158504 -0.318723 0.000954
data -0.193599 0.340085 -1.116388 0.158504 -0.318723 0.000954
data -0.193599 0.340085 -1.116388 0.158504 -0.318723 0.000954
data -0.193599 0.340085 -1.116388 0.158504 -0.318723 0.000954
data -0.193599 0.340085 -1.116388 0.158504 -0.318723 0.000954
data -0.193599 0.342755 -1.116388 0.158504 -0.318723 0.000954
data -0.193599 0.343137 -1.116388 0.158504 -0.318723 0.000954
data -0.193599 0.343518 -1.116388 0.158122 -0.318723 0.000954
data -0.193599 0.344282 -1.116388 0.158122 -0.318723 0.000954
data -0.193599 0.344664 -1.116388 0.158122 -0.318723 0.000954
data -0.193599 0.345427 -1.116388 0.158122 -0.318723 0.000954
data -0.193599 0.345427 -1.116388 0.158122 -0.318723 0.000954
data -0.193599 0.345427 -1.116388 0.158122 -0.318723 0.000954
data -0.193599 0.345427 -1.116388 0.158122 -0.318723 0.000954
data -0.193599 0.346571 -1.116388 0.158122 -0.318723 0.000954
data -0.193599 0.346952 -1.116388 0.158122 -0.318723 0.000954
data -0.193599 0.347334 -1.116388 0.158122 -0.318723 0.000954
data -0.193599 0.348097 -1.116388 0.158122 -0.319104 0.000954
data -0.193599 0.348097 -1.116388 0.158122 -0.319104 0.000954
data -0.193599 0.349241 -1.116388 0.157741 -0.319104 0.000954
data -0.193599 0.349623 -1.116388 0.157741 -0.318723 0.000954
data -0.193599 0.350004 -1.116388 0.157741 -0.318723 0.000954
data -0.193599 0.350767 -1.116388 0.157741 -0.318723 0.000954
data -0.193599 0.351149 -1.116388 0.157741 -0.318723 0.000954
data -0.193599 0.351530 -1.116388 0.157741 -0.318723 0.000954
data -0.193599 0.351912 -1.116388 0.157741 -0.318723 0.000954
data -0.193599 0.351912 -1.116388 0.157741 -0.318723 0.000954
data -0.193599 0.352674 -1.116388 0.157741 -0.318723 0.000954
data -0.193599 0.353437 -1.116388 0.157741 -0.319104 0.000954
data -0.193599 0.353437 -1.116388 0.157741 -0.319104 0.000954
data -0.193599 0.353819 -1.116388 0.157741 -0.319104 0.000954
data -0.193599 0.354200 -1.116388 0.157741 -0.319104 0.000954
data -0.193599 0.354582 -1.116388 0.157741 -0.319104 0.000954
data -0.193599 0.354963 -1.116388 0.157741 -0.319104 0.000954
data -0.193599 0.354963 -1.116388 0.157741 -0.319104 0.000954
data -0.193599 0.355345 -1.116388 0.157741 -0.319104 0.000954
data -0.193599 0.355726 -1.116388 0.157741 -0.319104 0.000954
data -0.193599 0.356108 -1.116388 0.157359 -0.319104 0.000954
data -0.193599 0.356108 -1.116388 0.157359 -0.319104 0.000954
data -0.193599 0.356489 -1.116388 0.157359 -0.319486 0.000954
data -0.193599 0.356871 -1.116388 0.156978 -0.319486 0.000954
data -0.193599 0.356871 -1.116388 0.156978 -0.319486 0.000954
data -0.193599 0.356871 -1.116388 0.156978 -0.319486 0.000954
data -0.193599 0.356871 -1.116388 0.156978 -0.319486 0.000954
data -0.193599 0.357634 -1.116388 0.156978 -0.319486 0.000954
data -0.193599 0.357634 -1.116388 0.156596 -0.320249 0.000954
data -0.193599 0.358015 -1.116388 0.156596 -0.320630 0.000954
data -0.193599 0.358015 -1.116388 0.156214 -0.320630 0.000954
data -0.193599 0.358015 -1.116388 0.156214 -0.321393 0.000954
data -0.193599 0.358015 -1.116388 0.156214 -0.322156 0.000954
data -0.193599 0.358015 -1.116388 0.156214 -0.322156 0.000954
data -0.193599 0.358397 -1.116388 0.156214 -0.322156 0.000954
data -0.193599 0.358397 -1.116388 0.155451 -0.323682 0.000954
data -0.193599 0.358015 -1.116388 0.155069 -0.324445 0.000954
data -0.193599 0.358015 -1.116388 0.154688 -0.325208 0.000954
data -0.193599 0.358397 -1.116388 0.154306 -0.325971 0.000954
data -0.193599 0.358015 -1.116388 0.153925 -0.326734 0.000954
data -0.193599 0.358397 -1.116388 0.153925 -0.327497 0.000954
data -0.193599 0.358015 -1.116388 0.153925 -0.327497 0.000954
data -0.193599 0.358015 -1.116388 0.153162 -0.327497 0.000954
data -0.193599 0.358015 -1.116388 0.153162 -0.329404 0.000954
data -0.193599 0.358015 -1.116388 0.153162 -0.329404 0.000954
data -0.193599 0.358015 -1.116388 0.151636 -0.330930 0.000954
data -0.193599 0.358015 -1.116388 0.151636 -0.330930 0.000954
data -0.193599 0.358015 -1.116388 0.150492 -0.334744 0.000954
data -0.193599 0.358015 -1.116388 0.150110 -0.335889 0.000954
data -0.193599 0.358015 -1.116388 0.150110 -0.335889 0.000954
data -0.193599 0.358015 -1.116388 0.148584 -0.337796 0.000954
data -0.193599 0.357634 -1.116388 0.147821 -0.339704 0.000954
data -0.193599 0.357634 -1.116388 0.147058 -0.340848 0.000954
data -0.193599 0.357634 -1.116388 0.146296 -0.342374 0.000954
data -0.193599 0.357252 -1.116388 0.145151 -0.343518 0.000954
data -0.193599 0.357252 -1.116388 0.144007 -0.345045 0.000954
data -0.193599 0.357252 -1.116388 0.142862 -0.346189 0.000954
data -0.193599 0.357252 -1.116388 0.142862 -0.346189 0.000954
data -0.193599 0.357252 -1.116388 0.142862 -0.346189 0.000954
data -0.193599 0.357252 -1.116388 0.142862 -0.346189 0.000954
data -0.193599 0.356108 -1.116007 0.137903 -0.351530 0.000954
data -0.193599 0.355726 -1.116007 0.135996 -0.353437 0.000954
data -0.193599 0.355345 -1.116007 0.134851 -0.354582 0.000954
data -0.193599 0.354963 -1.116007 0.132944 -0.356489 0.000954
data -0.193599 0.354963 -1.116007 0.131037 -0.358015 0.000954
data -0.193599 0.354963 -1.116007 0.131037 -0.358015 0.000954
data -0.193599 0.354200 -1.116007 0.127985 -0.361067 0.000954
data -0.193599 0.353819 -1.116007 0.125696 -0.363356 0.000954
data -0.193599 0.353437 -1.116007 0.124170 -0.364500 0.000954
data -0.193599 0.353056 -1.116007 0.122644 -0.366026 0.000954
data -0.193599 0.352674 -1.115625 0.120737 -0.367552 0.000954
data -0.193599 0.352674 -1.115625 0.120737 -0.367552 0.000954
data -0.193599 0.352293 -1.115625 0.118067 -0.369841 0.000954
data -0.193599 0.352293 -1.115625 0.118067 -0.369841 0.000954
data -0.193599 0.351149 -1.115625 0.110819 -0.374037 0.000954
data -0.193599 0.351149 -1.115625 0.110819 -0.375181 0.000954
data -0.193599 0.351149 -1.115625 0.110819 -0.375181 0.000954
data -0.193599 0.350386 -1.115625 0.107767 -0.376326 0.000954
data -0.193599 0.350386 -1.115625 0.106241 -0.378996 0.000954
data -0.193599 0.350004 -1.115625 0.104334 -0.380522 0.000954
data -0.193599 0.350004 -1.115625 0.104334 -0.380522 0.000954
data -0.193599 0.349241 -1.115625 0.104334 -0.380522 0.000954
data -0.193599 0.349241 -1.115625 0.099756 -0.384718 0.000954
data -0.193599 0.348478 -1.115625 0.096704 -0.387007 0.000954
data -0.193599 0.348097 -1.115625 0.094797 -0.388914 0.000954
data -0.193599 0.347715 -1.115244 0.093270 -0.390059 0.000954
data -0.193599 0.347715 -1.115244 0.093270 -0.390059 0.000954
data -0.193599 0.346571 -1.115244 0.089837 -0.393492 0.000954
data -0.193599 0.346571 -1.115244 0.089837 -0.393492 0.000954
data -0.193599 0.345427 -1.115244 0.086404 -0.396544 0.000954
data -0.193599 0.345045 -1.114862 0.084115 -0.398832 0.000954
data -0.193599 0.344664 -1.114862 0.082589 -0.400740 0.000954
data -0.193599 0.344282 -1.114862 0.082589 -0.400740 0.000954
data -0.193599 0.343901 -1.114481 0.079919 -0.404554 0.000954
data -0.193599 0.343518 -1.114481 0.078393 -0.406463 0.000954
data -0.193599 0.342755 -1.114100 0.076486 -0.408751 0.000954
data -0.193599 0.342755 -1.114100 0.076486 -0.408751 0.000954
data -0.193599 0.342755 -1.114100 0.076486 -0.408751 0.000954
data -0.193599 0.341611 -1.113337 0.072671 -0.414092 0.000954
data -0.193599 0.341229 -1.113337 0.071527 -0.419051 0.000954
data -0.193599 0.340466 -1.112955 0.070382 -0.421721 0.000954
data -0.193599 0.340085 -1.112955 0.069238 -0.424773 0.000954
data -0.193599 0.339704 -1.112574 0.068093 -0.427444 0.000954
data -0.193599 0.338941 -1.112192 0.066186 -0.432403 0.000954
data -0.193599 0.338941 -1.112192 0.066186 -0.432403 0.000954
data -0.193599 0.338941 -1.112192 0.066186 -0.432403 0.000954
data -0.193599 0.338941 -1.112192 0.066186 -0.432403 0.000954
data -0.193599 0.337033 -1.112192 0.066186 -0.432403 0.000954
data -0.193599 0.337033 -1.112192 0.066186 -0.432403 0.000954
data -0.193599 0.335889 -1.110666 0.061608 -0.451095 0.000954
data -0.193599 0.335507 -1.110285 0.060845 -0.454528 0.000954
data -0.193599 0.334363 -1.109522 0.058557 -0.463683 0.000954
data -0.193599 0.334363 -1.109522 0.058557 -0.463683 0.000954
data -0.193599 0.333600 -1.109522 0.058175 -0.467498 0.000954
data -0.193599 0.332837 -1.109140 0.057412 -0.473221 0.000954
data -0.193599 0.332456 -1.108759 0.056649 -0.477798 0.000954
data -0.193599 0.331693 -1.108377 0.055886 -0.482376 0.000954
data -0.193599 0.331693 -1.108377 0.055886 -0.482376 0.000954
data -0.193599 0.330548 -1.107996 0.055123 -0.489243 0.000954
data -0.193599 0.330548 -1.107996 0.055123 -0.489243 0.000954
data -0.193599 0.329022 -1.106852 0.053979 -0.501831 0.000954
data -0.193599 0.328259 -1.106470 0.053216 -0.509460 0.000954
data -0.193599 0.327878 -1.106089 0.052453 -0.514038 0.000954
data -0.193599 0.327115 -1.105707 0.052072 -0.519760 0.000954
data -0.193599 0.326734 -1.105326 0.051690 -0.524338 0.000954
data -0.193980 0.325971 -1.104944 0.051309 -0.529678 0.000954
data -0.193980 0.324826 -1.104563 0.050546 -0.529678 0.000954
data -0.193980 0.324826 -1.104563 0.050546 -0.541886 0.000954
data -0.193980 0.323300 -1.103800 0.050164 -0.550279 0.000954
data -0.193980 0.322537 -1.103800 0.049783 -0.556764 0.000954
data -0.194362 0.322156 -1.103418 0.049401 -0.562104 0.000954
data -0.194362 0.322156 -1.103418 0.049401 -0.562104 0.000954
data -0.194362 0.320630 -1.102655 0.048638 -0.570497 0.000954
data -0.194743 0.319867 -1.102274 0.048638 -0.570497 0.000954
data -0.194743 0.318723 -1.101892 0.048257 -0.588426 0.000572
data -0.194743 0.318723 -1.101892 0.048257 -0.588426 0.000572
data -0.195125 0.317197 -1.101511 0.047875 -0.596437 0.000954
data -0.195125 0.316434 -1.101130 0.047875 -0.607500 0.000954
data -0.195125 0.315671 -1.100748 0.047875 -0.607500 0.000954
data -0.195506 0.314908 -1.100748 0.047875 -0.618944 0.000954
data -0.195506 0.314908 -1.100748 0.047875 -0.618944 0.000954
data -0.195888 0.313382 -1.099985 0.047494 -0.630007 0.000954
data -0.195888 0.313382 -1.099985 0.047494 -0.630007 0.000954
data -0.196269 0.311856 -1.099604 0.047494 -0.645647 0.000954
data -0.196651 0.310330 -1.099604 0.047494 -0.654802 0.000954
data -0.196651 0.309567 -1.099222 0.047494 -0.662051 0.000954
data -0.197032 0.308805 -1.099222 0.047112 -0.668918 0.000954
data -0.197032 0.307660 -1.098841 0.047112 -0.676929 0.000954
data -0.197413 0.306516 -1.098841 0.047112 -0.684176 0.000954
data -0.197795 0.305753 -1.098841 0.047112 -0.690280 0.000954
data -0.198176 0.305753 -1.098841 0.047112 -0.690280 0.000954
data -0.198176 0.305753 -1.098841 0.047112 -0.690280 0.000954
data -0.198176 0.305753 -1.098841 0.047112 -0.690280 0.000954
data -0.198939 0.302320 -1.098459 0.046731 -0.709735 0.000954
data -0.199321 0.301175 -1.098459 0.046350 -0.709735 0.000954
data -0.199702 0.300412 -1.098459 0.046350 -0.731861 0.000954
data -0.199702 0.299268 -1.098459 0.046350 -0.739491 0.000954
data -0.200465 0.297360 -1.098459 0.046350 -0.739491 0.000954
data -0.200465 0.297360 -1.098459 0.046350 -0.739491 0.000954
data -0.200847 0.296597 -1.098459 0.046350 -0.756275 0.000954
data -0.200847 0.296597 -1.098459 0.046350 -0.756275 0.000954
data -0.201610 0.294309 -1.098459 0.046350 -0.778400 0.000954
data -0.201991 0.293546 -1.098459 0.046731 -0.785268 0.000954
data -0.202373 0.292401 -1.098459 0.046731 -0.793660 0.000954
data -0.202754 0.291638 -1.098459 0.046731 -0.800908 0.000954
data -0.203135 0.290875 -1.098459 0.046731 -0.808919 0.000954
data -0.203135 0.290875 -1.098459 0.046731 -0.808919 0.000954
data -0.203517 0.289350 -1.098459 0.047112 -0.808919 0.000954
data -0.203898 0.289350 -1.098459 0.047112 -0.821507 0.000954
data -0.204280 0.287442 -1.098459 0.047112 -0.840581 0.000954
data -0.204661 0.286298 -1.098459 0.047494 -0.840581 0.000954
data -0.204661 0.285916 -1.098459 0.047494 -0.854315 0.000954
data -0.205043 0.284772 -1.098459 0.047112 -0.862707 0.000572
data -0.205806 0.284772 -1.098459 0.047112 -0.862707 0.000572
data -0.205806 0.282865 -1.098459 0.047494 -0.879873 0.000572
data -0.206187 0.282102 -1.098459 0.047112 -0.889410 0.000572
data -0.206187 0.281339 -1.098459 0.047112 -0.889410 0.000954
data -0.206569 0.280575 -1.098459 0.047112 -0.903906 0.000954
data -0.206950 0.279812 -1.098459 0.047112 -0.911536 0.000954
data -0.206950 0.279049 -1.098459 0.047112 -0.920310 0.000954
data -0.207332 0.278286 -1.098459 0.047112 -0.926795 0.000954
data -0.207713 0.277523 -1.098459 0.046731 -0.934806 0.000954
data -0.207713 0.277523 -1.098459 0.046731 -0.934806 0.000954
data -0.208095 0.275616 -1.098459 0.046731 -0.934806 0.000954
data -0.208095 0.275616 -1.098459 0.046731 -0.934806 0.000954
data -0.208476 0.275616 -1.098459 0.046731 -0.949302 0.000954
data -0.208858 0.273708 -1.098459 0.046731 -0.973335 0.000954
data -0.208858 0.273708 -1.098459 0.046731 -0.973335 0.000954
data -0.209620 0.271801 -1.098459 0.046350 -0.990120 0.000954
data -0.210002 0.270275 -1.098459 0.046350 -1.008049 0.000954
data -0.210383 0.269131 -1.098459 0.045968 -1.017204 0.000954
data -0.210765 0.268368 -1.098459 0.045968 -1.024834 0.000954
data -0.211146 0.267605 -1.098459 0.045968 -1.033990 0.000572
data -0.211146 0.266842 -1.098459 0.045968 -1.041238 0.000954
data -0.211528 0.266842 -1.098459 0.045968 -1.041238 0.000954
data -0.211909 0.265316 -1.098459 0.045587 -1.056115 0.000954
data -0.211909 0.265316 -1.098459 0.045587 -1.056115 0.000954
data -0.212672 0.263790 -1.098459 0.045587 -1.056115 0.000954
data -0.213054 0.263027 -1.098459 0.045205 -1.085488 0.000954
data -0.213054 0.262264 -1.098459 0.045205 -1.093499 0.000954
data -0.213435 0.261501 -1.098459 0.044824 -1.093499 0.000954
data -0.213817 0.261120 -1.098459 0.044824 -1.109522 0.000954
data -0.214198 0.260357 -1.098459 0.044442 -1.116388 0.000954
data -0.214580 0.259594 -1.098459 0.044442 -1.125162 0.000954
data -0.214580 0.259594 -1.098459 0.044442 -1.125162 0.000954
data -0.214961 0.259594 -1.098459 0.044442 -1.125162 0.000954
data -0.215343 0.257305 -1.098459 0.044061 -1.151102 0.000954
data -0.215724 0.256542 -1.098459 0.043679 -1.159877 0.000572
data -0.216105 0.255779 -1.098459 0.043298 -1.168269 0.000954
data -0.216487 0.255016 -1.098459 0.043298 -1.176280 0.000954
data -0.216868 0.255016 -1.098459 0.043298 -1.176280 0.000954
data -0.217250 0.253109 -1.098459 0.042535 -1.189631 0.000954
data -0.217250 0.253109 -1.098459 0.042535 -1.189631 0.000954
data -0.218013 0.253109 -1.098459 0.042535 -1.189631 0.000954
data -0.218013 0.250820 -1.098459 0.041772 -1.211757 0.000954
data -0.218394 0.250057 -1.098459 0.041390 -1.226254 0.000954
data -0.218777 0.249294 -1.098459 0.041009 -1.235790 0.000954
data -0.218777 0.249294 -1.098459 0.041009 -1.235790 0.000954
data -0.219158 0.248150 -1.098459 0.040627 -1.247234 0.000954
data -0.219540 0.246624 -1.098459 0.040627 -1.261730 0.000954
data -0.219540 0.246624 -1.098459 0.040627 -1.261730 0.000954
data -0.220303 0.245480 -1.098459 0.040246 -1.271267 0.000954
data -0.220684 0.244335 -1.098459 0.039865 -1.283093 0.000954
data -0.220684 0.243954 -1.098459 0.039865 -1.289960 0.000954
data -0.221066 0.242809 -1.098459 0.039483 -1.297589 0.000954
data -0.221447 0.242046 -1.098459 0.039483 -1.306363 0.000954
data -0.221447 0.241283 -1.098459 0.039483 -1.312467 0.000954
data -0.221828 0.240520 -1.098459 0.039483 -1.320477 0.000954
data -0.221828 0.240520 -1.098459 0.039483 -1.320477 0.000954
data -0.222591 0.238613 -1.098459 0.039483 -1.332303 0.000954
data -0.222591 0.237850 -1.098459 0.039483 -1.342984 0.000954
data -0.222973 0.237087 -1.098459 0.039483 -1.349470 0.000954
data -0.223354 0.236324 -1.098459 0.039483 -1.356337 0.000572
data -0.223354 0.235180 -1.098459 0.039483 -1.356337 0.000572
data -0.223354 0.234798 -1.098459 0.039865 -1.368925 0.000954
data -0.223354 0.234798 -1.098459 0.039865 -1.368925 0.000954
data -0.224117 0.232891 -1.098459 0.040246 -1.383039 0.000954
data -0.224499 0.231747 -1.098459 0.040246 -1.391813 0.000954
data -0.224499 0.230984 -1.098459 0.040246 -1.391813 0.000954
data -0.224880 0.230221 -1.098459 0.040627 -1.404783 0.000954
data -0.225262 0.229458 -1.098459 0.040627 -1.411651 0.000954
data -0.225262 0.228313 -1.098459 0.041009 -1.418899 0.000954
data -0.225643 0.227551 -1.098459 0.041009 -1.425765 0.000954
data -0.226025 0.226025 -1.098459 0.041390 -1.425765 0.000954
data -0.226025 0.226025 -1.098459 0.041390 -1.425765 0.000954
data -0.226025 0.226025 -1.098459 0.041390 -1.437972 0.000954
data -0.226406 0.224499 -1.098459 0.041772 -1.447127 0.000954
data -0.226788 0.223354 -1.098459 0.041772 -1.457427 0.000954
data -0.227169 0.222591 -1.098459 0.042153 -1.463149 0.000954
data -0.227169 0.221828 -1.098459 0.042153 -1.469635 0.000954
data -0.227551 0.221066 -1.098459 0.042153 -1.475739 0.000954
data -0.227551 0.221066 -1.098459 0.042153 -1.475739 0.000954
data -0.227551 0.221066 -1.098459 0.042153 -1.475739 0.000954
data -0.228313 0.218777 -1.098459 0.042535 -1.493668 0.000954
data -0.228695 0.217631 -1.098459 0.042916 -1.503586 0.000954
data -0.228695 0.216868 -1.098459 0.042916 -1.509308 0.000954
data -0.229076 0.216105 -1.098459 0.042916 -1.515030 0.000954
data -0.229458 0.215343 -1.098459 0.042916 -1.521896 0.000954
data -0.229458 0.214198 -1.098459 0.042916 -1.521896 0.000954
data -0.229839 0.213435 -1.098459 0.043298 -1.535249 0.000572
data -0.229839 0.213435 -1.098459 0.043298 -1.535249 0.000572
data -0.230221 0.211528 -1.098459 0.043679 -1.544404 0.000954
data -0.230602 0.210765 -1.098459 0.044061 -1.555467 0.000954
data -0.230602 0.210002 -1.098459 0.044061 -1.555467 0.000954
data -0.230984 0.209239 -1.098459 0.044442 -1.565385 0.000954
data -0.231365 0.208476 -1.098459 0.044824 -1.571870 0.000954
data -0.231747 0.207713 -1.098459 0.045205 -1.578355 0.000954
data -0.231747 0.207713 -1.098459 0.045205 -1.578355 0.000954
data -0.232128 0.205424 -1.098459 0.045205 -1.578355 0.000954
data -0.232128 0.205043 -1.098459 0.046350 -1.597429 0.000954
data -0.232510 0.204280 -1.098459 0.046731 -1.602388 0.000954
data -0.232891 0.203135 -1.098459 0.047494 -1.602388 0.000954
data -0.232891 0.202373 -1.098459 0.047494 -1.610018 0.000954
data -0.233273 0.201991 -1.098459 0.048257 -1.619936 0.000954
data -0.233654 0.200847 -1.098459 0.048638 -1.626421 0.000954
data -0.233654 0.200847 -1.098459 0.048638 -1.626421 0.000954
data -0.234035 0.199321 -1.098459 0.049783 -1.636721 0.000954
data -0.234035 0.198558 -1.098459 0.050546 -1.643587 0.000954
data -0.234417 0.197795 -1.098459 0.050927 -1.643587 0.000954
data -0.234417 0.197032 -1.098459 0.051690 -1.648928 0.000954
data -0.234798 0.196269 -1.098459 0.052072 -1.658465 0.000954
data -0.234798 0.195506 -1.098459 0.052453 -1.664187 0.000954
data -0.234798 0.195506 -1.098459 0.052453 -1.664187 0.000954
data -0.235943 0.195506 -1.098459 0.052453 -1.664187 0.000954
data -0.236324 0.191310 -1.098459 0.055123 -1.689364 0.000954
data -0.236324 0.190547 -1.098459 0.055886 -1.694324 0.000954
data -0.236706 0.190547 -1.098459 0.055886 -1.694324 0.000954
data -0.237087 0.189021 -1.098459 0.056649 -1.705005 0.000954
data -0.237469 0.187495 -1.098459 0.058175 -1.713778 0.000572
data -0.237469 0.187495 -1.098459 0.058175 -1.713778 0.000572
data -0.237850 0.185969 -1.098459 0.058938 -1.722553 0.000954
data -0.238232 0.185206 -1.098459 0.058938 -1.722553 0.000954
data -0.238232 0.185206 -1.098459 0.059701 -1.727894 0.000954
data -0.238995 0.183681 -1.098459 0.060845 -1.734379 0.000954
data -0.239376 0.182918 -1.098459 0.061990 -1.741627 0.000954
data -0.239376 0.182918 -1.098459 0.061990 -1.741627 0.000954
data -0.239376 0.182918 -1.098459 0.061990 -1.741627 0.000954
data -0.240520 0.179866 -1.098841 0.064660 -1.747730 0.000954
data -0.240902 0.179103 -1.098841 0.065804 -1.763752 0.000954
data -0.241283 0.177958 -1.098841 0.066567 -1.768711 0.000954
data -0.241665 0.177196 -1.098841 0.067330 -1.774052 0.000954
data -0.242428 0.176051 -1.098841 0.068856 -1.774052 0.000954
data -0.242809 0.175288 -1.098841 0.069619 -1.784734 0.000954
data -0.243191 0.174525 -1.098841 0.070764 -1.790074 0.000954
data -0.243191 0.174525 -1.098841 0.070764 -1.790074 0.000954
data -0.243954 0.172618 -1.098841 0.072671 -1.801137 0.000954
data -0.244717 0.171474 -1.098841 0.073434 -1.805715 0.000954
data -0.245480 0.171474 -1.098841 0.073434 -1.805715 0.000954
data -0.245861 0.169566 -1.098841 0.075723 -1.815633 0.000954
data -0.246243 0.168803 -1.098841 0.077249 -1.823262 0.000954
data -0.246624 0.168040 -1.098841 0.078393 -1.829366 0.000954
data -0.246624 0.168040 -1.098841 0.078393 -1.829366 0.000954
data -0.246624 0.168040 -1.098841 0.078393 -1.829366 0.000954
data -0.248531 0.168040 -1.098841 0.078393 -1.829366 0.000954
data -0.248913 0.164989 -1.098841 0.082589 -1.848440 0.000954
data -0.249676 0.163081 -1.098841 0.084878 -1.861029 0.000954
data -0.250057 0.162318 -1.098841 0.086022 -1.865988 0.000954
data -0.250820 0.161174 -1.098841 0.087167 -1.872091 0.000954
data -0.251583 0.160411 -1.098841 0.088311 -1.877813 0.000954
data -0.253109 0.157741 -1.098841 0.089074 -1.884298 0.000954
data -0.253109 0.157741 -1.098841 0.089074 -1.884298 0.000954
data -0.253109 0.157741 -1.098841 0.091744 -1.898413 0.000954
data -0.253872 0.156596 -1.098841 0.092507 -1.901846 0.000954
data -0.255016 0.155069 -1.098841 0.092507 -1.901846 0.000954
data -0.255398 0.154306 -1.098841 0.095179 -1.916343 0.000954
data -0.256161 0.153543 -1.098841 0.096323 -1.922065 0.000954
data -0.256924 0.152781 -1.098841 0.097467 -1.928550 0.000954
data -0.256924 0.152781 -1.098841 0.097467 -1.928550 0.000954
data -0.258450 0.150492 -1.099222 0.100138 -1.942664 0.000954
data -0.259212 0.149347 -1.099222 0.101664 -1.942664 0.000954
data -0.259594 0.148584 -1.099222 0.102808 -1.957160 0.000954
data -0.260357 0.147821 -1.098841 0.104334 -1.963645 0.000954
data -0.261120 0.146677 -1.099222 0.105478 -1.963645 0.000954
data -0.261883 0.145533 -1.098841 0.107004 -1.970512 0.000954
data -0.262646 0.144770 -1.098841 0.107767 -1.978523 0.000954
data -0.263409 0.143625 -1.098841 0.109293 -1.992256 0.000954
data -0.264553 0.142099 -1.099222 0.109293 -1.992256 0.000954
data -0.264553 0.142099 -1.099222 0.109293 -1.992256 0.000954
data -0.265316 0.142099 -1.099222 0.111582 -2.003319 0.000954
data -0.266460 0.140192 -1.099222 0.114252 -2.003319 0.000954
data -0.267605 0.138666 -1.099222 0.116159 -2.028877 0.000954
data -0.268368 0.137903 -1.098841 0.117685 -2.034600 0.000954
data -0.269131 0.136759 -1.099222 0.118830 -2.042230 0.000954
data -0.269131 0.136759 -1.099222 0.118830 -2.042230 0.000954
data -0.270657 0.134851 -1.099222 0.121881 -2.055200 0.000954
data -0.271801 0.133326 -1.099222 0.123789 -2.065881 0.000954
data -0.272564 0.132563 -1.099222 0.124933 -2.065881 0.000954
data -0.273327 0.131800 -1.099222 0.126459 -2.077706 0.000954
data -0.274471 0.131037 -1.099222 0.127985 -2.084954 0.000954
data -0.275234 0.129892 -1.099222 0.129511 -2.091439 0.000954
data -0.275997 0.129129 -1.099222 0.131037 -2.098307 0.000954
data -0.275997 0.129129 -1.099222 0.131037 -2.098307 0.000954
data -0.278286 0.126841 -1.099222 0.134089 -2.114328 0.000954
data -0.278286 0.126841 -1.099222 0.134089 -2.114328 0.000954
data -0.279812 0.124933 -1.099222 0.136377 -2.124247 0.000954
data -0.280575 0.124170 -1.099222 0.138285 -2.133020 0.000954
data -0.281339 0.123026 -1.099222 0.139048 -2.137980 0.000954
data -0.282102 0.122263 -1.099222 0.140192 -2.143702 0.000954
data -0.283246 0.121119 -1.099222 0.141718 -2.151331 0.000954
data -0.283246 0.121119 -1.099222 0.141718 -2.151331 0.000954
data -0.284772 0.119593 -1.099222 0.144007 -2.162013 0.000954
data -0.286298 0.118067 -1.099222 0.145533 -2.170024 0.000954
data -0.287061 0.117304 -1.099222 0.146677 -2.176509 0.000954
data -0.288205 0.116159 -1.099222 0.147821 -2.182612 0.000954
data -0.289350 0.115396 -1.099222 0.148966 -2.188716 0.000954
data -0.290112 0.114252 -1.099222 0.148966 -2.188716 0.000954
data -0.291257 0.114252 -1.099222 0.150110 -2.194438 0.000954
data -0.291257 0.114252 -1.099222 0.150110 -2.194438 0.000954
data -0.291257 0.114252 -1.099222 0.150110 -2.194438 0.000954
data -0.291257 0.114252 -1.099222 0.150110 -2.194438 0.000954
data -0.293927 0.111582 -1.099222 0.153543 -2.211986 0.000954
data -0.296597 0.108530 -1.099222 0.155832 -2.224194 0.000954
data -0.297742 0.107767 -1.099222 0.157741 -2.235638 0.000954
data -0.298886 0.107004 -1.099222 0.158885 -2.240215 0.000954
data -0.300794 0.107004 -1.099222 0.158885 -2.240215 0.000954
data -0.300794 0.107004 -1.099222 0.158885 -2.240215 0.000954
data -0.302320 0.104334 -1.099222 0.158885 -2.240215 0.000954
data -0.303464 0.102808 -1.099222 0.162318 -2.262722 0.000954
data -0.304608 0.102045 -1.099222 0.163463 -2.267681 0.000954
data -0.305753 0.101282 -1.099222 0.163844 -2.272259 0.000954
data -0.306897 0.100138 -1.099222 0.164989 -2.277599 0.000954
data -0.308042 0.099375 -1.099222 0.165751 -2.282178 0.000954
data -0.309186 0.098230 -1.099222 0.166514 -2.287137 0.000954
data -0.309186 0.098230 -1.099222 0.166514 -2.287137 0.000954
data -0.311856 0.096323 -1.099222 0.168422 -2.294003 0.000954
data -0.313001 0.096323 -1.099222 0.168422 -2.296674 0.000954
data -0.314145 0.094416 -1.099222 0.170329 -2.303540 0.000954
data -0.315289 0.093270 -1.099222 0.171092 -2.309262 0.000954
data -0.316434 0.092507 -1.099222 0.171855 -2.313458 0.000954
data -0.317578 0.091363 -1.099222 0.172999 -2.317273 0.000954
data -0.317578 0.091363 -1.099222 0.172999 -2.317273 0.000954
data -0.321393 0.091363 -1.099222 0.172999 -2.317273 0.000954
data -0.322156 0.087930 -1.099222 0.176814 -2.331006 0.000954
data -0.323300 0.087167 -1.099222 0.177958 -2.334821 0.000954
data -0.324445 0.086404 -1.099222 0.179103 -2.337873 0.000954
data -0.325971 0.086404 -1.099222 0.179103 -2.337873 0.000954
data -0.327497 0.084115 -1.099222 0.181773 -2.342069 0.000954
data -0.328259 0.083352 -1.099222 0.182536 -2.348936 0.000954
data -0.328259 0.083352 -1.099222 0.182536 -2.348936 0.000954
data -0.331693 0.081063 -1.099222 0.185206 -2.355421 0.000954
data -0.332837 0.080300 -1.099222 0.185969 -2.360380 0.000954
data -0.334363 0.079156 -1.099222 0.185969 -2.360380 0.000954
data -0.335507 0.078393 -1.099222 0.188258 -2.366865 0.000954
data -0.337033 0.077249 -1.099222 0.189021 -2.366865 0.000954
data -0.338178 0.076486 -1.099222 0.189784 -2.372969 0.000954
data -0.339322 0.075341 -1.099222 0.191310 -2.376402 0.000954
data -0.339322 0.075341 -1.099222 0.191310 -2.376402 0.000954
data -0.341992 0.075341 -1.099222 0.191310 -2.376402 0.000954
data -0.343518 0.072671 -1.099222 0.194362 -2.385176 0.000954
data -0.345045 0.071908 -1.099222 0.195506 -2.387846 0.000954
data -0.346189 0.070764 -1.099222 0.196651 -2.390516 0.000954
data -0.347715 0.070001 -1.099222 0.197795 -2.393568 0.000954
data -0.348860 0.069238 -1.099222 0.198939 -2.395857 0.000954
data -0.350004 0.068475 -1.099222 0.200084 -2.398909 0.000954
data -0.350004 0.068475 -1.099222 0.200084 -2.398909 0.000954
data -0.353437 0.066186 -1.099222 0.203898 -2.403486 0.000954
data -0.354582 0.065423 -1.099222 0.204661 -2.405775 0.000954
data -0.355726 0.064660 -1.099222 0.206187 -2.410354 0.000954
data -0.356871 0.063897 -1.099222 0.207332 -2.412642 0.000954
data -0.358397 0.063134 -1.099222 0.208476 -2.415313 0.000954
data -0.359541 0.062371 -1.099222 0.209620 -2.417983 0.000954
data -0.359541 0.062371 -1.099222 0.209620 -2.417983 0.000954
data -0.362593 0.060464 -1.099222 0.212291 -2.423324 0.000954
data -0.364119 0.059319 -1.099222 0.212291 -2.423324 0.000954
data -0.364882 0.058938 -1.099222 0.214961 -2.429427 0.000954
data -0.366407 0.057794 -1.099222 0.214961 -2.429427 0.000954
data -0.367552 0.057412 -1.099222 0.217250 -2.435149 0.000954
data -0.368696 0.056649 -1.099222 0.218394 -2.435149 0.000954
data -0.369841 0.055886 -1.099222 0.219540 -2.440108 0.000954
data -0.371367 0.054742 -1.099222 0.220684 -2.443923 0.000954
data -0.371367 0.054742 -1.099222 0.220684 -2.443923 0.000954
data -0.375181 0.052835 -1.099222 0.222973 -2.450789 0.000954
data -0.375181 0.052835 -1.099222 0.222973 -2.450789 0.000954
data -0.376707 0.052072 -1.099222 0.222973 -2.450789 0.000954
data -0.377089 0.051690 -1.099222 0.224499 -2.454604 0.000954
data -0.377089 0.051690 -1.099222 0.224499 -2.454604 0.000954
data -0.380140 0.051690 -1.099222 0.224499 -2.454604 0.000954
data -0.380522 0.050164 -1.099222 0.227551 -2.461852 0.000954
data -0.382811 0.048638 -1.099222 0.229839 -2.466811 0.000954
data -0.383955 0.047875 -1.099222 0.231365 -2.470245 0.000954
data -0.385481 0.047112 -1.099222 0.232891 -2.473679 0.000954
data -0.386625 0.046731 -1.099222 0.234035 -2.475967 0.000954
data -0.386625 0.046731 -1.099222 0.234035 -2.475967 0.000954
data -0.388914 0.045205 -1.099222 0.236706 -2.482071 0.000954
data -0.389677 0.044442 -1.099222 0.237850 -2.484360 0.000954
data -0.389677 0.044442 -1.099222 0.237850 -2.484360 0.000954
data -0.392347 0.042916 -1.099222 0.241283 -2.484360 0.000954
data -0.393110 0.042535 -1.099222 0.242046 -2.493515 0.000954
data -0.394636 0.041772 -1.099222 0.242046 -2.493515 0.000954
data -0.395399 0.041390 -1.099222 0.244717 -2.498856 0.000954
data -0.396162 0.041009 -1.099222 0.246243 -2.501144 0.000954
data -0.397306 0.040246 -1.099222 0.247768 -2.504196 0.000954
data -0.398451 0.039483 -1.099222 0.249294 -2.507629 0.000954
data -0.398451 0.039483 -1.099222 0.249294 -2.507629 0.000954
data -0.400358 0.038339 -1.099222 0.251583 -2.512207 0.000954
data -0.401503 0.037957 -1.099222 0.253490 -2.515259 0.000954
data -0.402266 0.037576 -1.099222 0.254253 -2.517166 0.000954
data -0.403028 0.037194 -1.099222 0.255779 -2.519073 0.000954
data -0.404173 0.036431 -1.099222 0.257305 -2.521362 0.000954
data -0.404936 0.036050 -1.099222 0.258068 -2.522888 0.000954
data -0.406844 0.034905 -1.099222 0.261120 -2.526321 0.000954
data -0.406844 0.034905 -1.099222 0.261120 -2.526321 0.000954
data -0.406844 0.034905 -1.099222 0.261120 -2.526321 0.000954
data -0.408751 0.034142 -1.099222 0.261120 -2.526321 0.000954
data -0.409896 0.033380 -1.099222 0.262646 -2.527466 0.000954
data -0.410277 0.032998 -1.099222 0.265697 -2.528992 0.000954
data -0.411422 0.032617 -1.099222 0.266460 -2.529373 0.000954
data -0.412185 0.031854 -1.099222 0.267223 -2.529755 0.000954
data -0.412185 0.031854 -1.099222 0.267223 -2.529755 0.000954
data -0.413711 0.030708 -1.099222 0.269131 -2.528992 0.000954
data -0.414855 0.029945 -1.099222 0.270657 -2.528229 0.000954
data -0.415618 0.029564 -1.099222 0.271420 -2.527466 0.000572
data -0.416381 0.029182 -1.099222 0.272182 -2.526321 0.000954
data -0.417144 0.028419 -1.099222 0.272945 -2.524796 0.000954
data -0.417907 0.028038 -1.099222 0.273327 -2.523651 0.000954
data -0.417907 0.028038 -1.099222 0.273327 -2.523651 0.000954
data -0.417907 0.028038 -1.099222 0.273327 -2.523651 0.000954
data -0.420196 0.026894 -1.099222 0.274471 -2.517929 0.000954
data -0.420196 0.026894 -1.099222 0.274471 -2.517929 0.000954
data -0.420196 0.026894 -1.099222 0.274471 -2.517929 0.000954
data -0.421721 0.025749 -1.099222 0.274471 -2.517929 0.000954
data -0.422484 0.024986 -1.099222 0.276379 -2.506104 0.000954
data -0.423629 0.024605 -1.099222 0.276379 -2.506104 0.000954
data -0.424010 0.024223 -1.099222 0.276760 -2.498856 0.000954
data -0.424010 0.024223 -1.099222 0.276760 -2.498856 0.000954
data -0.425536 0.023460 -1.099222 0.277142 -2.492371 0.000954
data -0.425918 0.022697 -1.099222 0.277142 -2.487030 0.000954
data -0.426681 0.022316 -1.099222 0.277142 -2.482071 0.000954
data -0.427444 0.021935 -1.099222 0.277523 -2.476730 0.000954
data -0.428206 0.021553 -1.099222 0.277523 -2.476730 0.000954
data -0.428588 0.021172 -1.099222 0.277523 -2.468337 0.000572
data -0.429732 0.020790 -1.099222 0.277142 -2.459563 0.000954
data -0.430495 0.020409 -1.099222 0.277142 -2.451552 0.000954
data -0.430877 0.020027 -1.099222 0.277142 -2.446212 0.000954
data -0.431640 0.019646 -1.099222 0.276760 -2.440490 0.000954
data -0.432403 0.019264 -1.099222 0.276760 -2.440490 0.000954
data -0.432784 0.018883 -1.099222 0.276379 -2.427901 0.000572
data -0.433547 0.018501 -1.099222 0.276379 -2.416839 0.000954
data -0.433547 0.018501 -1.099222 0.276379 -2.416839 0.000954
data -0.435073 0.017357 -1.099222 0.276379 -2.416839 0.000954
data -0.435836 0.017357 -1.099222 0.275997 -2.397001 0.000954
data -0.436599 0.016975 -1.099222 0.275616 -2.384031 0.000954
data -0.436980 0.016594 -1.099222 0.275234 -2.376783 0.000954
data -0.437743 0.016212 -1.099222 0.274853 -2.367628 0.000572
data -0.438125 0.016212 -1.099222 0.274853 -2.367628 0.000572
data -0.438888 0.015450 -1.099222 0.274471 -2.351225 0.000572
data -0.438888 0.015450 -1.099222 0.274471 -2.351225 0.000954
data -0.440032 0.015450 -1.099222 0.274471 -2.351225 0.000954
data -0.440413 0.015068 -1.099222 0.274090 -2.330625 0.000954
data -0.440795 0.014687 -1.099222 0.273327 -2.313077 0.000954
data -0.441176 0.014305 -1.099222 0.273327 -2.303922 0.000954
data -0.441939 0.013924 -1.099222 0.272945 -2.295529 0.000954
data -0.442321 0.013924 -1.099222 0.272945 -2.286374 0.000954
data -0.442702 0.013542 -1.099222 0.272182 -2.274548 0.000954
data -0.442702 0.013542 -1.099222 0.272182 -2.274548 0.000954
data -0.443847 0.012779 -1.099222 0.271420 -2.274548 0.000954
data -0.444228 0.012779 -1.099222 0.271420 -2.240597 0.000954
data -0.444610 0.012398 -1.099222 0.271038 -2.231060 0.000954
data -0.444991 0.012398 -1.099222 0.271038 -2.220760 0.000954
data -0.445373 0.012016 -1.099222 0.271038 -2.209697 0.000954
data -0.445373 0.012016 -1.099222 0.271038 -2.209697 0.000954
data -0.445754 0.011635 -1.099222 0.270657 -2.193294 0.000954
data -0.446517 0.011253 -1.099222 0.270275 -2.164302 0.000954
data -0.446517 0.011253 -1.099222 0.270275 -2.164302 0.000954
data -0.446517 0.011253 -1.099222 0.270275 -2.164302 0.000954
data -0.447280 0.010490 -1.099222 0.269512 -2.139887 0.000954
data -0.447280 0.010490 -1.099222 0.269512 -2.139887 0.000954
data -0.448043 0.010109 -1.099222 0.269512 -2.116236 0.000954
data -0.448043 0.010109 -1.099222 0.269512 -2.116236 0.000954
data -0.448424 0.010109 -1.099222 0.269512 -2.116236 0.000954
data -0.448424 0.010109 -1.099222 0.269512 -2.116236 0.000954
data -0.448424 0.010109 -1.099222 0.269512 -2.116236 0.000954
data -0.448424 0.010109 -1.099222 0.269512 -2.116236 0.000954
data -0.449569 0.009727 -1.099222 0.268749 -2.039941 0.000954
data -0.449950 0.009727 -1.099222 0.268749 -2.028114 0.000954
data -0.450332 0.009727 -1.099222 0.268749 -2.015526 0.000954
data -0.450332 0.009727 -1.099222 0.268749 -2.015526 0.000954
data -0.450332 0.009727 -1.099222 0.268749 -1.991875 0.000954
data -0.450332 0.009727 -1.099222 0.268749 -1.991875 0.000954
data -0.450713 0.009727 -1.099222 0.268368 -1.966315 0.000954
data -0.450713 0.009727 -1.099222 0.268368 -1.966315 0.000954
data -0.451095 0.009727 -1.099222 0.268368 -1.945334 0.000954
data -0.451476 0.009727 -1.099222 0.268368 -1.926642 0.000954
data -0.451476 0.009727 -1.099222 0.268368 -1.915961 0.000954
data -0.451476 0.009727 -1.099222 0.268749 -1.903753 0.000954
data -0.451858 0.009727 -1.099222 0.268749 -1.903753 0.000954
data -0.451858 0.009727 -1.099222 0.268749 -1.903753 0.000954
data -0.451858 0.009727 -1.099222 0.268749 -1.872091 0.000954
data -0.451858 0.009727 -1.099222 0.268749 -1.852255 0.000954
data -0.451858 0.010109 -1.099222 0.269131 -1.839284 0.000954
data -0.451858 0.010109 -1.099222 0.269131 -1.827458 0.000954
data -0.451858 0.010109 -1.099222 0.269131 -1.816014 0.000954
data -0.451858 0.010109 -1.099222 0.269131 -1.803044 0.000954
data -0.451858 0.010490 -1.099222 0.269512 -1.791600 0.000954
data -0.451858 0.010490 -1.099222 0.269512 -1.791600 0.000954
data -0.451858 0.010872 -1.099222 0.269512 -1.769855 0.000954
data -0.451858 0.011253 -1.099222 0.269512 -1.769855 0.000954
data -0.451858 0.011253 -1.099222 0.269512 -1.754215 0.000954
data -0.451858 0.011635 -1.099222 0.269894 -1.740482 0.000954
data -0.451858 0.011635 -1.099222 0.269894 -1.723316 0.000954
data -0.451858 0.012016 -1.099222 0.269894 -1.708438 0.000954
data -0.451858 0.012016 -1.099222 0.269894 -1.708438 0.000954
data -0.451858 0.012779 -1.099222 0.270275 -1.677920 0.000954
data -0.451858 0.012779 -1.099222 0.270275 -1.677920 0.000954
data -0.451858 0.013161 -1.099222 0.270275 -1.663043 0.000954
data -0.451476 0.013542 -1.099222 0.270657 -1.645494 0.000954
data -0.451476 0.013924 -1.099222 0.270657 -1.634813 0.000954
data -0.451476 0.014305 -1.099222 0.270657 -1.622606 0.000954
data -0.451476 0.014305 -1.099222 0.270657 -1.611925 0.000954
data -0.451476 0.014305 -1.099222 0.270657 -1.611925 0.000954
data -0.451476 0.015450 -1.099222 0.270657 -1.592088 0.000954
data -0.451476 0.015831 -1.099222 0.270657 -1.574159 0.000954
data -0.451476 0.016212 -1.099222 0.270657 -1.574159 0.000954
data -0.451476 0.016212 -1.099222 0.270275 -1.553178 0.000954
data -0.451476 0.016594 -1.099222 0.270275 -1.544023 0.000954
data -0.451476 0.016975 -1.099222 0.270275 -1.532960 0.000954
data -0.451476 0.017738 -1.099222 0.270275 -1.511978 0.000954
data -0.451476 0.017738 -1.099222 0.270275 -1.511978 0.000954
data -0.451476 0.018120 -1.099222 0.270275 -1.511978 0.000954
data -0.451476 0.018501 -1.099222 0.270275 -1.488327 0.000572
data -0.451095 0.018883 -1.099222 0.270275 -1.488327 0.000572
data -0.451095 0.019264 -1.099222 0.270275 -1.465819 0.000954
data -0.451095 0.019646 -1.099222 0.269894 -1.455520 0.000954
data -0.451095 0.020027 -1.099222 0.269894 -1.445220 0.000954
data -0.451095 0.020409 -1.099222 0.269894 -1.435683 0.000954
data -0.451095 0.020409 -1.099222 0.269894 -1.435683 0.000954
data -0.450713 0.020409 -1.099222 0.269894 -1.435683 0.000954
data -0.450713 0.022316 -1.099222 0.269894 -1.435683 0.000954
data -0.450713 0.022316 -1.099222 0.269894 -1.435683 0.000954
data -0.450332 0.023460 -1.099222 0.269512 -1.385710 0.000954
data -0.449950 0.024223 -1.099222 0.269512 -1.359007 0.000954
data -0.449950 0.024223 -1.099222 0.269512 -1.359007 0.000954
data -0.449187 0.025368 -1.099222 0.269512 -1.335355 0.000954
data -0.449187 0.026131 -1.099222 0.269131 -1.318189 0.000954
data -0.448806 0.026512 -1.099222 0.269131 -1.310178 0.000954
data -0.448806 0.026894 -1.099222 0.269131 -1.302167 0.000954
data -0.448424 0.027275 -1.099222 0.269131 -1.302167 0.000954
data -0.448424 0.027657 -1.099222 0.268749 -1.284238 0.000954
data -0.448043 0.028801 -1.099222 0.268749 -1.268978 0.000954
data -0.448043 0.028801 -1.099222 0.268749 -1.268978 0.000954
data -0.447280 0.029945 -1.099222 0.268749 -1.250286 0.000954
data -0.447280 0.030327 -1.099222 0.268368 -1.241131 0.000954
data -0.446898 0.031090 -1.099222 0.268368 -1.241131 0.000954
data -0.446898 0.031472 -1.099222 0.268368 -1.224728 0.000954
data -0.446517 0.031854 -1.099222 0.267986 -1.215953 0.000954
data -0.446136 0.032998 -1.099222 0.267986 -1.215953 0.000954
data -0.446136 0.032998 -1.099222 0.267605 -1.199931 0.000954
data -0.446136 0.033380 -1.099222 0.267605 -1.192302 0.000954
data -0.445754 0.034142 -1.099222 0.267605 -1.178950 0.000954
data -0.445754 0.034524 -1.099222 0.267223 -1.171321 0.000954
data -0.445373 0.035287 -1.099222 0.267223 -1.162929 0.000572
data -0.445373 0.035287 -1.099222 0.267223 -1.162929 0.000572
data -0.444610 0.035287 -1.099222 0.267223 -1.162929 0.000572
data -0.444610 0.037194 -1.099222 0.266842 -1.136225 0.000954
data -0.444610 0.037194 -1.099222 0.266842 -1.136225 0.000954
data -0.444228 0.037957 -1.099222 0.266842 -1.136225 0.000954
data -0.443847 0.038720 -1.099222 0.266842 -1.113718 0.000954
data -0.443847 0.039483 -1.099222 0.266842 -1.106089 0.000954
data -0.443465 0.040246 -1.099222 0.266842 -1.106089 0.000954
data -0.443084 0.040627 -1.099222 0.266842 -1.091592 0.000954
data -0.443084 0.041009 -1.099222 0.266460 -1.085107 0.000954
data -0.443084 0.041009 -1.099222 0.266460 -1.085107 0.000954
data -0.443084 0.041009 -1.099222 0.266460 -1.085107 0.000954
data -0.442321 0.043298 -1.099222 0.266460 -1.061837 0.000954
data -0.441939 0.043679 -1.099222 0.266460 -1.055352 0.000954
data -0.441939 0.044442 -1.099222 0.266460 -1.049249 0.000954
data -0.441558 0.045205 -1.099222 0.266460 -1.041619 0.000954
data -0.441558 0.045968 -1.099222 0.266460 -1.034753 0.000954
data -0.441176 0.046731 -1.099222 0.266460 -1.034753 0.000954
data -0.440795 0.047112 -1.099222 0.266460 -1.018730 0.000954
data -0.440795 0.047112 -1.099222 0.266460 -1.018730 0.000954
data -0.440413 0.048257 -1.099222 0.266460 -1.018730 0.000954
data -0.440413 0.049020 -1.099222 0.266079 -1.001945 0.000954
data -0.440032 0.049783 -1.099222 0.266079 -0.995079 0.000954
data -0.440032 0.050164 -1.099222 0.266079 -0.989738 0.000954
data -0.439651 0.050927 -1.099222 0.266079 -0.984016 0.000954
data -0.439651 0.051309 -1.099222 0.266079 -0.977150 0.000954
data -0.439651 0.051309 -1.099222 0.266079 -0.977150 0.000954
data -0.439269 0.052835 -1.099222 0.266079 -0.967231 0.000954
data -0.438888 0.053216 -1.099222 0.265697 -0.959220 0.000954
data -0.438888 0.053979 -1.099222 0.265697 -0.953498 0.000954
data -0.438506 0.054742 -1.099222 0.265697 -0.947394 0.000954
data -0.438506 0.055123 -1.099222 0.265316 -0.941672 0.000954
data -0.438125 0.055886 -1.099222 0.265316 -0.936713 0.000954
data -0.437743 0.056649 -1.099222 0.264935 -0.930991 0.000954
data -0.437362 0.058175 -1.099222 0.264935 -0.930991 0.000954
data -0.437362 0.058175 -1.099222 0.264935 -0.930991 0.000954
data -0.437362 0.058175 -1.099222 0.264935 -0.919547 0.000954
data -0.436980 0.059319 -1.099222 0.264553 -0.909629 0.000954
data -0.436599 0.060082 -1.099222 0.264172 -0.904287 0.000954
data -0.436217 0.060464 -1.099222 0.264172 -0.900091 0.000954
data -0.435836 0.060464 -1.099222 0.264172 -0.900091 0.000954
data -0.435454 0.062371 -1.099222 0.263790 -0.885595 0.000954
data -0.435454 0.062371 -1.099222 0.263790 -0.885595 0.000954
data -0.435073 0.063134 -1.099222 0.263790 -0.879492 0.000954
data -0.434691 0.063897 -1.099222 0.263790 -0.873007 0.000954
data -0.434691 0.064660 -1.099222 0.263409 -0.868048 0.000954
data -0.434310 0.065423 -1.099222 0.263409 -0.863470 0.000954
data -0.433928 0.065804 -1.099222 0.263409 -0.858511 0.000954
data -0.433928 0.066567 -1.099222 0.263409 -0.853933 0.000954
data -0.433547 0.066949 -1.099222 0.263409 -0.849737 0.000954
data -0.433166 0.066949 -1.099222 0.263409 -0.849737 0.000954
data -0.432784 0.068475 -1.099222 0.263409 -0.840581 0.000954
data -0.432784 0.069238 -1.099222 0.263409 -0.833714 0.000954
data -0.432403 0.069619 -1.099222 0.263409 -0.829518 0.000954
data -0.432021 0.070382 -1.099222 0.263409 -0.824941 0.000954
data -0.432021 0.070764 -1.099222 0.263409 -0.820745 0.000954
data -0.431640 0.071908 -1.099222 0.263409 -0.813878 0.000954
data -0.431640 0.071908 -1.099222 0.263409 -0.813878 0.000954
data -0.430877 0.073052 -1.099222 0.263409 -0.813878 0.000954
data -0.430495 0.073815 -1.099222 0.263409 -0.805104 0.000954
data -0.430495 0.074197 -1.099222 0.263409 -0.796712 0.000954
data -0.430114 0.074960 -1.099222 0.263409 -0.792134 0.000954
data -0.429732 0.075341 -1.099222 0.263409 -0.788320 0.000954
data -0.429351 0.076104 -1.099222 0.263409 -0.784123 0.000954
data -0.429351 0.076104 -1.099222 0.263409 -0.784123 0.000954
data -0.428588 0.078012 -1.099222 0.263409 -0.772678 0.000954
data -0.428588 0.078012 -1.099222 0.263409 -0.772678 0.000954
data -0.428206 0.078774 -1.099222 0.263409 -0.766575 0.000954
data -0.428206 0.079156 -1.099222 0.263409 -0.762760 0.000954
data -0.427825 0.079919 -1.099222 0.263409 -0.762760 0.000954
data -0.427444 0.080300 -1.099222 0.263409 -0.755131 0.000954
data -0.427062 0.081063 -1.099222 0.263409 -0.751316 0.000954
data -0.427062 0.081063 -1.099222 0.263409 -0.751316 0.000954
data -0.426299 0.082589 -1.099222 0.263409 -0.741398 0.000954
data -0.425918 0.083352 -1.099222 0.263409 -0.736057 0.000954
data -0.425536 0.083734 -1.099222 0.263409 -0.732624 0.000954
data -0.425155 0.084115 -1.099222 0.263409 -0.729191 0.000954
data -0.424773 0.085259 -1.099222 0.263409 -0.729191 0.000954
data -0.424773 0.085259 -1.099222 0.263409 -0.729191 0.000954
data -0.424773 0.085259 -1.099222 0.263409 -0.719273 0.000954
data -0.424010 0.085641 -1.099222 0.263409 -0.717364 0.000954
data -0.423629 0.086785 -1.099222 0.263409 -0.717364 0.000954
data -0.423247 0.087548 -1.099222 0.263409 -0.710498 0.000954
data -0.422866 0.087930 -1.099222 0.263409 -0.702868 0.000954
data -0.422484 0.088693 -1.099222 0.263409 -0.702868 0.000954
data -0.422103 0.089074 -1.099222 0.263409 -0.696765 0.000954
data -0.422103 0.089837 -1.099222 0.263409 -0.693332 0.000954
data -0.421340 0.089837 -1.099222 0.263409 -0.693332 0.000954
data -0.420959 0.091363 -1.099222 0.263409 -0.684939 0.000954
data -0.420959 0.091363 -1.099222 0.263409 -0.684939 0.000954
data -0.420196 0.092126 -1.099222 0.263409 -0.680743 0.000954
data -0.420196 0.092889 -1.099222 0.263409 -0.676166 0.000954
data -0.419814 0.093270 -1.099222 0.263409 -0.673114 0.000954
data -0.419433 0.094034 -1.099222 0.263409 -0.673114 0.000954
data -0.419051 0.094416 -1.099222 0.263409 -0.667392 0.000954
data -0.418670 0.095179 -1.099222 0.263409 -0.662433 0.000954
data -0.418670 0.095179 -1.099222 0.263409 -0.662433 0.000954
data -0.418670 0.095179 -1.099222 0.263409 -0.662433 0.000954
data -0.417525 0.096704 -1.099222 0.263027 -0.653658 0.000954
data -0.417525 0.097467 -1.099222 0.263027 -0.650606 0.000954
data -0.417144 0.097849 -1.099222 0.263027 -0.648317 0.000954
data -0.416762 0.098230 -1.099222 0.263027 -0.645647 0.000954
data -0.415999 0.098993 -1.099222 0.262646 -0.640688 0.000954
data -0.415618 0.098993 -1.099222 0.262646 -0.640688 0.000954
data -0.415618 0.099756 -1.099222 0.262646 -0.637255 0.000954
data -0.415236 0.100138 -1.099222 0.262646 -0.633440 0.000954
data -0.414855 0.100519 -1.099222 0.262646 -0.631151 0.000954
data -0.414474 0.100901 -1.099222 0.262646 -0.628862 0.000954
data -0.414092 0.101664 -1.099222 0.262646 -0.628862 0.000954
data -0.414092 0.102045 -1.099222 0.263027 -0.624285 0.000954
data -0.413711 0.102808 -1.099222 0.262646 -0.620852 0.000954
data -0.413711 0.102808 -1.099222 0.262646 -0.620852 0.000954
data -0.413711 0.102808 -1.099222 0.262646 -0.620852 0.000954
data -0.412948 0.103952 -1.099222 0.263027 -0.616274 0.000954
data -0.412566 0.104715 -1.099222 0.262646 -0.613222 0.000954
data -0.412185 0.105097 -1.099222 0.262646 -0.610933 0.000954
data -0.411803 0.105478 -1.099222 0.263027 -0.609026 0.000954
data -0.411422 0.105860 -1.099222 0.263027 -0.607500 0.000954
data -0.411040 0.107004 -1.099222 0.263027 -0.607500 0.000954
data -0.411040 0.107004 -1.099222 0.263027 -0.603304 0.000954
data -0.410277 0.107386 -1.099222 0.263027 -0.602160 0.000954
data -0.409896 0.108149 -1.099222 0.263027 -0.599108 0.000954
data -0.409896 0.108530 -1.099222 0.263027 -0.597582 0.000954
data -0.409514 0.108912 -1.099222 0.262646 -0.595675 0.000954
data -0.409514 0.108912 -1.099222 0.262646 -0.595675 0.000954
data -0.408751 0.109674 -1.099222 0.262646 -0.592622 0.000954
data -0.408370 0.110437 -1.099222 0.262646 -0.589952 0.000954
data -0.408370 0.110437 -1.099222 0.262646 -0.589952 0.000954
data -0.407607 0.111200 -1.099222 0.262264 -0.588426 0.000954
data -0.407226 0.111582 -1.099222 0.262264 -0.586518 0.000954
data -0.406844 0.111963 -1.099222 0.262264 -0.586518 0.000954
data -0.406844 0.111963 -1.099222 0.261883 -0.583848 0.000954
data -0.406463 0.112345 -1.099222 0.261883 -0.582704 0.000954
data -0.406080 0.112345 -1.099222 0.261883 -0.582704 0.000954
data -0.406080 0.112345 -1.099222 0.261883 -0.582704 0.000954
data -0.406080 0.112345 -1.099222 0.261883 -0.582704 0.000954
data -0.404936 0.113489 -1.099222 0.261883 -0.582704 0.000954
data -0.404554 0.113871 -1.099222 0.261501 -0.576600 0.000954
data -0.404173 0.114252 -1.099222 0.261120 -0.575837 0.000954
data -0.403791 0.114634 -1.099222 0.261120 -0.574693 0.000954
data -0.403410 0.115015 -1.099222 0.261120 -0.574693 0.000954
data -0.403028 0.115396 -1.099222 0.260738 -0.572785 0.000954
data -0.403028 0.115396 -1.099222 0.260738 -0.572785 0.000954
data -0.403028 0.115396 -1.099222 0.260738 -0.572785 0.000954
data -0.402266 0.115396 -1.099222 0.260738 -0.572785 0.000954
data -0.402266 0.115396 -1.099222 0.260738 -0.572785 0.000954
data -0.401884 0.116541 -1.099222 0.259975 -0.569734 0.000954
data -0.401121 0.116922 -1.099222 0.259594 -0.568208 0.000954
data -0.400740 0.116922 -1.099222 0.259594 -0.568208 0.000954
data -0.400740 0.116922 -1.099222 0.259594 -0.568208 0.000954
data -0.400740 0.116922 -1.099222 0.259594 -0.568208 0.000954
data -0.399977 0.118067 -1.099222 0.259212 -0.566682 0.000954
data -0.399977 0.118067 -1.099222 0.259212 -0.566682 0.000954
data -0.399595 0.118830 -1.099222 0.258831 -0.565919 0.000954
data -0.399214 0.118830 -1.099222 0.258831 -0.565919 0.000954
data -0.398832 0.119211 -1.099222 0.258831 -0.565919 0.000954
data -0.398451 0.119211 -1.099222 0.258831 -0.565919 0.000572
data -0.398069 0.119211 -1.099222 0.258831 -0.565919 0.000572
data -0.398069 0.119974 -1.099222 0.258831 -0.565919 0.000572
data -0.397688 0.120356 -1.099222 0.258068 -0.567063 0.000954
data -0.397688 0.120356 -1.099222 0.258068 -0.567063 0.000954
data -0.397306 0.120737 -1.099222 0.257687 -0.567445 0.000572
data -0.396925 0.120737 -1.099222 0.257305 -0.568208 0.000954
data -0.396925 0.120737 -1.099222 0.257305 -0.568208 0.000954
data -0.396544 0.121119 -1.099222 0.257305 -0.568208 0.000954
data -0.396544 0.121119 -1.099222 0.256924 -0.568971 0.000954
data -0.395781 0.121500 -1.099222 0.256542 -0.569734 0.000954
data -0.395781 0.121500 -1.099222 0.256542 -0.569734 0.000954
data -0.395399 0.121881 -1.099222 0.256161 -0.571641 0.000954
data -0.395018 0.121881 -1.099222 0.255779 -0.572404 0.000954
data -0.395018 0.122263 -1.099222 0.255779 -0.573548 0.000954
data -0.394636 0.122263 -1.099222 0.255398 -0.574311 0.000572
data -0.394255 0.122644 -1.099222 0.255016 -0.575456 0.000954
data -0.394255 0.122644 -1.099222 0.255016 -0.575456 0.000954
data -0.393873 0.122644 -1.099222 0.255016 -0.575456 0.000954
data -0.393492 0.123026 -1.099222 0.253872 -0.579652 0.000954
data -0.393492 0.123026 -1.099222 0.253872 -0.579652 0.000954
data -0.393110 0.123026 -1.099222 0.253490 -0.581941 0.000954
data -0.393110 0.123026 -1.099222 0.252728 -0.583467 0.000954
data -0.392729 0.123407 -1.099222 0.252346 -0.585374 0.000954
data -0.392347 0.123407 -1.099222 0.251965 -0.587663 0.000954
data -0.392347 0.123407 -1.099222 0.251965 -0.587663 0.000954
data -0.391966 0.123407 -1.099222 0.251202 -0.591096 0.000954
data -0.391584 0.123789 -1.099222 0.250820 -0.594149 0.000954
data -0.391584 0.123789 -1.099222 0.250057 -0.596437 0.000954
data -0.391203 0.123789 -1.099222 0.249294 -0.599108 0.000954
data -0.391203 0.124170 -1.099222 0.249294 -0.599108 0.000954
data -0.390821 0.124170 -1.099222 0.248150 -0.605211 0.000954
data -0.390440 0.124170 -1.099222 0.247768 -0.608263 0.000954
data -0.390059 0.124170 -1.099222 0.247768 -0.608263 0.000954
data -0.390059 0.124552 -1.099222 0.246624 -0.614367 0.000572
data -0.389677 0.124552 -1.099222 0.245861 -0.616655 0.000954
data -0.389677 0.124552 -1.099222 0.245480 -0.619326 0.000954
data -0.389296 0.124552 -1.099222 0.244717 -0.626955 0.000572
data -0.389296 0.124552 -1.099222 0.244335 -0.630770 0.000954
data -0.388914 0.124552 -1.099222 0.243954 -0.634966 0.000954
data -0.388533 0.124552 -1.099222 0.243954 -0.634966 0.000954
data -0.388533 0.124552 -1.099222 0.243954 -0.634966 0.000954
data -0.388151 0.124552 -1.099222 0.242809 -0.647173 0.000572
data -0.387770 0.124552 -1.099222 0.242046 -0.655947 0.000572
data -0.387770 0.124552 -1.099222 0.241665 -0.661288 0.000572
data -0.387388 0.124552 -1.099222 0.241665 -0.666247 0.000954
data -0.387388 0.124552 -1.099222 0.241283 -0.672732 0.000954
data -0.387007 0.124552 -1.099222 0.240902 -0.672732 0.000954
data -0.387007 0.124552 -1.099222 0.240520 -0.687228 0.000954
data -0.386625 0.124552 -1.099222 0.240520 -0.687228 0.000954
data -0.386625 0.124552 -1.099222 0.240139 -0.696765 0.000954
data -0.386625 0.124552 -1.099222 0.240139 -0.702106 0.000572
data -0.386244 0.124552 -1.099222 0.239758 -0.707446 0.000954
data -0.386244 0.124552 -1.099222 0.239758 -0.718127 0.000954
data -0.385862 0.124552 -1.099222 0.239376 -0.728046 0.000954
data -0.385481 0.124552 -1.099222 0.239376 -0.736820 0.000954
data -0.385481 0.124552 -1.099222 0.239376 -0.736820 0.000954
data -0.385099 0.124933 -1.099222 0.238995 -0.736820 0.000954
data -0.385099 0.124933 -1.099222 0.238995 -0.760853 0.000954
data -0.385099 0.124933 -1.099222 0.238613 -0.767719 0.000954
data -0.384718 0.124933 -1.099222 0.238613 -0.776493 0.000954
data -0.384718 0.125315 -1.099222 0.237850 -0.785649 0.000954
data -0.384336 0.125315 -1.099222 0.237469 -0.794805 0.000954
data -0.383955 0.125315 -1.099222 0.236706 -0.810063 0.000954
data -0.383955 0.125315 -1.099222 0.236706 -0.810063 0.000954
data -0.383574 0.125696 -1.099222 0.236324 -0.826848 0.000954
data -0.383192 0.125696 -1.099222 0.235561 -0.839437 0.000954
data -0.383192 0.126078 -1.099222 0.235180 -0.849356 0.000954
data -0.382811 0.126078 -1.099222 0.234417 -0.858130 0.000954
data -0.382811 0.126078 -1.099222 0.234035 -0.867666 0.000954
data -0.382429 0.126459 -1.099222 0.233654 -0.877584 0.000954
data -0.382048 0.126459 -1.099222 0.233273 -0.889029 0.000954
data -0.381666 0.126459 -1.099222 0.233273 -0.889029 0.000954
data -0.381285 0.126459 -1.099222 0.231747 -0.918021 0.000954
data -0.380903 0.126459 -1.099222 0.231365 -0.927558 0.000954
data -0.380903 0.126841 -1.099222 0.230984 -0.939384 0.000954
data -0.380522 0.126841 -1.099222 0.230602 -0.948539 0.000954
data -0.380522 0.126841 -1.099222 0.230602 -0.948539 0.000954
data -0.379759 0.126841 -1.099222 0.230602 -0.948539 0.000954
data -0.378996 0.126841 -1.099604 0.229839 -0.972572 0.000954
data -0.378996 0.127222 -1.099222 0.229076 -0.972572 0.000954
data -0.378614 0.127222 -1.099222 0.229076 -0.992790 0.000954
data -0.378233 0.127604 -1.099222 0.228313 -1.016823 0.000954
data -0.377851 0.127604 -1.099222 0.228313 -1.016823 0.000954
data -0.377470 0.127604 -1.099222 0.227551 -1.038568 0.000954
data -0.377089 0.127604 -1.099222 0.227169 -1.049630 0.000954
data -0.376707 0.127985 -1.099222 0.226788 -1.061074 0.000954
data -0.376707 0.127985 -1.099222 0.226788 -1.061074 0.000954
data -0.375944 0.127985 -1.099222 0.226025 -1.082055 0.000954
data -0.375181 0.128366 -1.099604 0.225643 -1.098459 0.000954
data -0.374800 0.128366 -1.099222 0.225643 -1.108759 0.000954
data -0.374418 0.128366 -1.099604 0.225262 -1.108759 0.000954
data -0.374037 0.128366 -1.099604 0.224880 -1.130884 0.000954
data -0.373655 0.128366 -1.099604 0.224880 -1.140039 0.000954
data -0.372892 0.128748 -1.099604 0.224499 -1.161021 0.000954
data -0.372511 0.128748 -1.099604 0.224499 -1.171321 0.000954
data -0.372129 0.129129 -1.099604 0.224499 -1.182384 0.000954
data -0.371748 0.129129 -1.099604 0.224499 -1.191920 0.000954
data -0.371367 0.129129 -1.099604 0.224499 -1.191920 0.000954
data -0.370985 0.129129 -1.099604 0.224499 -1.212901 0.000954
data -0.370604 0.129129 -1.099604 0.224499 -1.212901 0.000954
data -0.369841 0.129511 -1.099604 0.224117 -1.230068 0.000954
data -0.369078 0.129511 -1.099604 0.224117 -1.230068 0.000954
data -0.368696 0.129511 -1.099604 0.224117 -1.259823 0.000954
data -0.368315 0.129892 -1.099604 0.224117 -1.273937 0.000954
data -0.367933 0.129892 -1.099604 0.223736 -1.285382 0.000954
data -0.367552 0.129892 -1.099604 0.223736 -1.296445 0.000954
data -0.366789 0.129892 -1.099604 0.223736 -1.307126 0.000954
data -0.366407 0.129892 -1.099604 0.223736 -1.307126 0.000954
data -0.366026 0.129892 -1.099604 0.223354 -1.329633 0.000954
data -0.366026 0.129892 -1.099604 0.223354 -1.329633 0.000954
data -0.365263 0.129892 -1.099604 0.222973 -1.349089 0.000954
data -0.364500 0.129892 -1.099604 0.222973 -1.349089 0.000954
data -0.364119 0.129892 -1.099604 0.222210 -1.370070 0.000954
data -0.363737 0.129892 -1.099604 0.222210 -1.385710 0.000572
data -0.362974 0.129892 -1.099604 0.221828 -1.396391 0.000954
data -0.362593 0.129892 -1.099604 0.221828 -1.407454 0.000954
data -0.362211 0.129892 -1.099604 0.221828 -1.421187 0.000954
data -0.362211 0.129892 -1.099604 0.221828 -1.421187 0.000954
data -0.361448 0.129892 -1.099604 0.221447 -1.440261 0.000954
data -0.360685 0.129892 -1.099604 0.221447 -1.454757 0.000954
data -0.360304 0.129892 -1.099604 0.221066 -1.467727 0.000954
data -0.359922 0.129892 -1.099604 0.221066 -1.476883 0.000954
data -0.359159 0.129892 -1.099604 0.221066 -1.476883 0.000954
data -0.359159 0.129892 -1.099604 0.221066 -1.476883 0.000954
data -0.358778 0.129892 -1.099604 0.221066 -1.501678 0.000954
data -0.358778 0.129892 -1.099604 0.221066 -1.501678 0.000954
data -0.357634 0.129892 -1.099604 0.220684 -1.525711 0.000954
data -0.356871 0.129892 -1.099604 0.220303 -1.549745 0.000954
data -0.356489 0.129892 -1.099604 0.220303 -1.560044 0.000954
data -0.356108 0.129892 -1.099604 0.220303 -1.570725 0.000954
data -0.355726 0.129892 -1.099604 0.219921 -1.582170 0.000954
data -0.354963 0.129892 -1.099604 0.219540 -1.594759 0.000954
data -0.354963 0.129892 -1.099604 0.219540 -1.594759 0.000954
data -0.353819 0.129892 -1.099604 0.219540 -1.594759 0.000954
data -0.353437 0.129892 -1.099604 0.219158 -1.622225 0.000954
data -0.353056 0.129892 -1.099604 0.219158 -1.647783 0.000954
data -0.352674 0.129892 -1.099604 0.218777 -1.659610 0.000954
data -0.351912 0.129892 -1.099604 0.218777 -1.674106 0.000954
data -0.351530 0.129892 -1.099604 0.218777 -1.674106 0.000954
data -0.351530 0.129892 -1.099604 0.218777 -1.674106 0.000954
data -0.351530 0.129892 -1.099604 0.218777 -1.674106 0.000954
data -0.351530 0.129892 -1.099604 0.218777 -1.674106 0.000954
data -0.350004 0.129892 -1.099604 0.218777 -1.674106 0.000954
data -0.349623 0.129892 -1.099604 0.218013 -1.733616 0.000572
data -0.348860 0.129892 -1.099604 0.218013 -1.733616 0.000572
data -0.348478 0.129892 -1.099604 0.217631 -1.781301 0.000954
data -0.348097 0.129892 -1.099604 0.217631 -1.781301 0.000954
data -0.347715 0.129892 -1.099604 0.217631 -1.800374 0.000954
data -0.347715 0.129892 -1.099604 0.217631 -1.800374 0.000954
data -0.346952 0.129892 -1.099604 0.217631 -1.800374 0.000954
data -0.346952 0.129892 -1.099604 0.217631 -1.832417 0.000954
data -0.346571 0.129892 -1.099604 0.217250 -1.860266 0.000572
data -0.346189 0.129892 -1.099604 0.217250 -1.873999 0.000954
data -0.345808 0.129892 -1.099604 0.217250 -1.886587 0.000954
data -0.345808 0.129892 -1.099604 0.217250 -1.886587 0.000954
data -0.345427 0.129892 -1.099604 0.217250 -1.886587 0.000954
data -0.344664 0.129892 -1.099604 0.216868 -1.927405 0.000954
data -0.344664 0.129892 -1.099604 0.216868 -1.927405 0.000954
data -0.344282 0.129892 -1.099604 0.216868 -1.948768 0.000954
data -0.343901 0.129892 -1.099604 0.216868 -1.964789 0.000954
data -0.343518 0.129892 -1.099985 0.216487 -1.977379 0.000954
data -0.343518 0.129892 -1.099985 0.216487 -1.977379 0.000954
data -0.343137 0.129892 -1.099985 0.216105 -2.001411 0.000954
data -0.342755 0.129892 -1.099985 0.216105 -2.014763 0.000954
data -0.342755 0.129892 -1.099985 0.216105 -2.014763 0.000954
data -0.342374 0.129892 -1.099985 0.215343 -2.036889 0.000954
data -0.341992 0.129892 -1.100367 0.214961 -2.055581 0.000572
data -0.341992 0.129892 -1.100367 0.214961 -2.055581 0.000572
data -0.341611 0.129892 -1.100367 0.214198 -2.078469 0.000954
data -0.341611 0.129892 -1.100367 0.213817 -2.090676 0.000954
data -0.341611 0.129892 -1.100367 0.213435 -2.101740 0.000954
data -0.341611 0.129892 -1.100367 0.213054 -2.113184 0.000954
data -0.341611 0.129892 -1.100367 0.211909 -2.113184 0.000954
data -0.341611 0.129892 -1.100367 0.211528 -2.143320 0.000572
data -0.341611 0.129892 -1.100367 0.210383 -2.155146 0.000572
data -0.341992 0.129892 -1.100367 0.210383 -2.155146 0.000572
data -0.341992 0.129892 -1.100367 0.208858 -2.176509 0.000954
data -0.341992 0.129892 -1.100367 0.208476 -2.185283 0.000954
data -0.342374 0.129892 -1.100367 0.206569 -2.201686 0.000954
data -0.342374 0.129892 -1.100367 0.206569 -2.201686 0.000954
data -0.342755 0.129892 -1.100367 0.206569 -2.201686 0.000954
data -0.343137 0.129892 -1.100367 0.203898 -2.232204 0.000954
data -0.343137 0.129892 -1.100367 0.203898 -2.232204 0.000954
data -0.343137 0.129892 -1.100367 0.202754 -2.246319 0.000954
data -0.343518 0.129892 -1.100367 0.201228 -2.260052 0.000954
data -0.343901 0.129892 -1.100367 0.200084 -2.260052 0.000954
data -0.343901 0.129892 -1.100367 0.198558 -2.286374 0.000954
data -0.343901 0.129892 -1.100367 0.198558 -2.286374 0.000954
data -0.344664 0.129892 -1.100367 0.198558 -2.286374 0.000954
data -0.345045 0.129892 -1.100367 0.195506 -2.306973 0.000954
data -0.345427 0.129892 -1.100367 0.194362 -2.314984 0.000954
data -0.345808 0.129892 -1.100367 0.193599 -2.323377 0.000954
data -0.346189 0.129892 -1.100367 0.192454 -2.331388 0.000954
data -0.346571 0.129892 -1.100367 0.191310 -2.338635 0.000572
data -0.347334 0.129892 -1.100367 0.191310 -2.338635 0.000572
data -0.347715 0.129892 -1.100367 0.188258 -2.361143 0.000954
data -0.348097 0.129892 -1.100367 0.187495 -2.367628 0.000954
data -0.348478 0.129892 -1.100367 0.186351 -2.374113 0.000954
data -0.348860 0.129892 -1.100367 0.185588 -2.382124 0.000954
data -0.349623 0.129892 -1.100367 0.185588 -2.382124 0.000954
data -0.350004 0.129892 -1.100367 0.184062 -2.395475 0.000954
data -0.350386 0.129892 -1.100367 0.183299 -2.402723 0.000954
data -0.350386 0.129892 -1.100367 0.183299 -2.402723 0.000954
data -0.351912 0.129892 -1.100367 0.181773 -2.402723 0.000954
data -0.351912 0.129892 -1.100367 0.181773 -2.415694 0.000954
data -0.353056 0.129892 -1.100367 0.180247 -2.415694 0.000954
data -0.353437 0.129892 -1.100367 0.180247 -2.431716 0.000954
data -0.353819 0.129892 -1.100367 0.179484 -2.438582 0.000954
data -0.354200 0.129892 -1.100367 0.179484 -2.442397 0.000954
data -0.354582 0.129892 -1.100367 0.179103 -2.450027 0.000954
data -0.354582 0.129511 -1.100367 0.179103 -2.450027 0.000954
data -0.354582 0.129511 -1.100367 0.179103 -2.450027 0.000954
data -0.356108 0.129511 -1.100367 0.178721 -2.462996 0.000954
data -0.356108 0.129511 -1.100367 0.178721 -2.462996 0.000954
data -0.357252 0.129511 -1.100367 0.178721 -2.477493 0.000954
data -0.357634 0.129511 -1.100367 0.178721 -2.477493 0.000954
data -0.357634 0.129511 -1.100367 0.178721 -2.481308 0.000954
data -0.358397 0.129129 -1.100367 0.178721 -2.486267 0.000954
data -0.358397 0.129129 -1.100367 0.178721 -2.486267 0.000954
data -0.359541 0.129129 -1.100367 0.178340 -2.491608 0.000954
data -0.359922 0.128748 -1.100367 0.178340 -2.491608 0.000954
data -0.359922 0.128748 -1.100367 0.178721 -2.495804 0.000954
data -0.360685 0.128748 -1.100367 0.178721 -2.496948 0.000954
data -0.361067 0.128366 -1.100367 0.178721 -2.496948 0.000954
data -0.361067 0.128366 -1.100367 0.178721 -2.498474 0.000954
data -0.361830 0.127985 -1.100367 0.178721 -2.498474 0.000954
data -0.361830 0.127985 -1.100367 0.178721 -2.498093 0.000954
data -0.362593 0.127985 -1.100367 0.178721 -2.497711 0.000954
data -0.362974 0.127985 -1.100367 0.178340 -2.496567 0.000954
data -0.363356 0.127604 -1.100367 0.178340 -2.495422 0.000954
data -0.363737 0.127604 -1.100367 0.178340 -2.493896 0.000954
data -0.363737 0.127604 -1.100367 0.178340 -2.493896 0.000954
data -0.364500 0.127604 -1.100367 0.178340 -2.491608 0.000954
data -0.364882 0.127604 -1.100367 0.178340 -2.488556 0.000954
data -0.365644 0.127604 -1.100367 0.178340 -2.488556 0.000954
data -0.366026 0.127604 -1.100367 0.178340 -2.483597 0.000954
data -0.366407 0.127604 -1.100367 0.178340 -2.483597 0.000954
data -0.366789 0.127604 -1.100367 0.178340 -2.476349 0.000954
data -0.367170 0.127604 -1.100367 0.177958 -2.471771 0.000954
data -0.367552 0.127604 -1.100367 0.177958 -2.468337 0.000954
data -0.367933 0.127604 -1.100367 0.177958 -2.463759 0.000954
data -0.368315 0.127604 -1.100367 0.177577 -2.458419 0.000954
data -0.368315 0.127604 -1.100367 0.177577 -2.458419 0.000954
data -0.369078 0.127604 -1.100367 0.177196 -2.450027 0.000954
data -0.369459 0.127604 -1.100367 0.176814 -2.441253 0.000954
data -0.370222 0.127604 -1.100367 0.176814 -2.434386 0.000954
data -0.370604 0.127604 -1.100367 0.176814 -2.428664 0.000954
data -0.370985 0.127604 -1.100367 0.176433 -2.428664 0.000954
data -0.371367 0.127985 -1.100367 0.176433 -2.414168 0.000954
data -0.371748 0.127985 -1.100367 0.176433 -2.407302 0.000954
data -0.371748 0.127985 -1.100367 0.176433 -2.407302 0.000954
data -0.371748 0.127985 -1.100367 0.176433 -2.407302 0.000954
data -0.372892 0.127985 -1.100367 0.176433 -2.407302 0.000954
data -0.373274 0.127985 -1.100367 0.175670 -2.373732 0.000954
data -0.373655 0.128366 -1.100367 0.175670 -2.364195 0.000954
data -0.374037 0.128366 -1.100367 0.175670 -2.354277 0.000954
data -0.374800 0.128366 -1.100367 0.175670 -2.344740 0.000954
data -0.375944 0.128366 -1.100367 0.175670 -2.344740 0.000954
data -0.375944 0.128748 -1.100367 0.175670 -2.315366 0.000954
data -0.376326 0.128748 -1.100367 0.175670 -2.310788 0.000954
data -0.376707 0.129129 -1.100367 0.176051 -2.293622 0.000954
data -0.377089 0.129129 -1.100367 0.176051 -2.283322 0.000954
data -0.377851 0.129511 -1.100367 0.176051 -2.271877 0.000954
data -0.378233 0.129511 -1.100367 0.176433 -2.259670 0.000954
data -0.378614 0.129892 -1.100367 0.176433 -2.259670 0.000954
data -0.379377 0.129892 -1.100367 0.176814 -2.225719 0.000954
data -0.380140 0.129892 -1.100367 0.177196 -2.209315 0.000954
data -0.380522 0.129892 -1.100367 0.177196 -2.197871 0.000954
data -0.380903 0.130274 -1.100367 0.177958 -2.177653 0.000954
data -0.381666 0.130274 -1.100367 0.177958 -2.166972 0.000954
data -0.382048 0.130274 -1.100367 0.178721 -2.153620 0.000954
data -0.383192 0.130655 -1.100367 0.179484 -2.118525 0.000954
data -0.383574 0.130655 -1.100367 0.179866 -2.106318 0.000954
data -0.383955 0.131037 -1.100367 0.180247 -2.091439 0.000954
data -0.384336 0.131037 -1.100367 0.181010 -2.075799 0.000954
data -0.384336 0.131037 -1.100367 0.181010 -2.075799 0.000954
data -0.385099 0.131037 -1.100367 0.181010 -2.075799 0.000954
data -0.385862 0.131418 -1.100367 0.181773 -2.031166 0.000954
data -0.385862 0.131418 -1.100367 0.181773 -2.031166 0.000954
data -0.386625 0.131418 -1.100367 0.181773 -2.031166 0.000954
data -0.387007 0.131800 -1.100367 0.183681 -1.983864 0.000954
data -0.387388 0.132181 -1.100367 0.184062 -1.968604 0.000954
data -0.387770 0.132181 -1.100748 0.184443 -1.954871 0.000954
data -0.387770 0.132181 -1.100748 0.184825 -1.942664 0.000954
data -0.387770 0.132181 -1.100748 0.184825 -1.942664 0.000954
data -0.388914 0.132563 -1.100748 0.185969 -1.918632 0.000954
data -0.388914 0.132563 -1.100748 0.185969 -1.918632 0.000954
data -0.389677 0.133326 -1.100748 0.186732 -1.871710 0.000954
data -0.389677 0.133707 -1.100748 0.187114 -1.858358 0.000954
data -0.390059 0.134089 -1.100748 0.187877 -1.844244 0.000954
data -0.390059 0.134089 -1.100748 0.188258 -1.830129 0.000954
data -0.390440 0.134851 -1.100748 0.188258 -1.830129 0.000954
data -0.390440 0.134851 -1.101130 0.189021 -1.801518 0.000954
data -0.390821 0.135614 -1.101130 0.189403 -1.776340 0.000954
data -0.390821 0.135996 -1.101130 0.189403 -1.776340 0.000954
data -0.390821 0.136377 -1.101130 0.190547 -1.745823 0.000954
data -0.390821 0.136377 -1.101130 0.190547 -1.745823 0.000954
data -0.391203 0.136759 -1.101130 0.190547 -1.745823 0.000954
data -0.391203 0.136759 -1.101130 0.190928 -1.722935 0.000954
data -0.391203 0.136759 -1.101130 0.190928 -1.722935 0.000954
data -0.391203 0.136759 -1.101130 0.190928 -1.722935 0.000954
data -0.391203 0.136759 -1.101130 0.190928 -1.722935 0.000954
data -0.391203 0.136759 -1.101130 0.190928 -1.722935 0.000954
data -0.391203 0.136759 -1.101130 0.190928 -1.722935 0.000954
data -0.391203 0.136759 -1.101130 0.190928 -1.722935 0.000954
data -0.391203 0.140574 -1.101130 0.190928 -1.722935 0.000954
data -0.391203 0.140955 -1.101130 0.193599 -1.587892 0.000954
data -0.391203 0.141336 -1.101130 0.193980 -1.572633 0.000954
data -0.390821 0.142099 -1.101130 0.193980 -1.561189 0.000954
data -0.390821 0.142862 -1.101130 0.193980 -1.561189 0.000954
data -0.390821 0.142862 -1.101130 0.194362 -1.539063 0.000954
data -0.390821 0.143625 -1.101130 0.195125 -1.526093 0.000954
data -0.390821 0.143625 -1.101130 0.195125 -1.526093 0.000954
data -0.390821 0.144770 -1.101130 0.195888 -1.493668 0.000954
data -0.390821 0.145533 -1.101130 0.196269 -1.481842 0.000954
data -0.390821 0.145914 -1.101130 0.196269 -1.469635 0.000954
data -0.390440 0.147058 -1.101130 0.196651 -1.445601 0.000954
data -0.390440 0.147821 -1.101130 0.197032 -1.431487 0.000954
data -0.390059 0.148203 -1.101130 0.197413 -1.416991 0.000572
data -0.390059 0.148966 -1.101130 0.198176 -1.405928 0.000954
data -0.390059 0.149347 -1.101130 0.198558 -1.394865 0.000954
data -0.389677 0.150110 -1.101130 0.198939 -1.394865 0.000954
data -0.389677 0.150492 -1.101130 0.198939 -1.370832 0.000954
data -0.389677 0.151255 -1.101130 0.199321 -1.358244 0.000954
data -0.389677 0.151255 -1.101130 0.199321 -1.358244 0.000954
data -0.389296 0.152781 -1.101130 0.200465 -1.331922 0.000954
data -0.389296 0.153162 -1.101130 0.200465 -1.331922 0.000954
data -0.389296 0.154306 -1.101130 0.201228 -1.310941 0.000572
data -0.388914 0.154688 -1.101130 0.201610 -1.300641 0.000572
data -0.388914 0.155451 -1.101130 0.201610 -1.291104 0.000954
data -0.388914 0.156214 -1.101130 0.201991 -1.280804 0.000572
data -0.388533 0.156978 -1.101130 0.201991 -1.269360 0.000954
data -0.388533 0.156978 -1.101130 0.201991 -1.269360 0.000954
data -0.388533 0.156978 -1.101130 0.201991 -1.269360 0.000954
data -0.387770 0.159648 -1.101130 0.203135 -1.245327 0.000954
data -0.387388 0.160411 -1.101130 0.203517 -1.226635 0.000954
data -0.387007 0.161555 -1.101130 0.203898 -1.214808 0.000954
data -0.387007 0.161555 -1.101130 0.203898 -1.214808 0.000954
data -0.386625 0.163081 -1.101130 0.204661 -1.196116 0.000954
data -0.386244 0.163463 -1.101130 0.204661 -1.187724 0.000954
data -0.386244 0.163463 -1.101130 0.204661 -1.187724 0.000954
data -0.385099 0.164989 -1.101130 0.204661 -1.187724 0.000954
data -0.384718 0.165751 -1.101130 0.206187 -1.156061 0.000954
data -0.383955 0.166514 -1.101130 0.206187 -1.156061 0.000954
data -0.383574 0.166896 -1.101130 0.206569 -1.137369 0.000954
data -0.383192 0.167659 -1.101130 0.206950 -1.129740 0.000954
data -0.382811 0.168422 -1.101130 0.206950 -1.122110 0.000954
data -0.382811 0.168422 -1.101130 0.206950 -1.122110 0.000954
data -0.381285 0.168422 -1.101130 0.206950 -1.122110 0.000954
data -0.381285 0.170711 -1.101130 0.207713 -1.098459 0.000954
data -0.380522 0.171855 -1.101130 0.207713 -1.084725 0.000954
data -0.379759 0.172999 -1.101130 0.207713 -1.084725 0.000954
data -0.379377 0.173762 -1.101130 0.208095 -1.069085 0.000954
data -0.378996 0.174525 -1.101130 0.208095 -1.060693 0.000954
data -0.378233 0.175288 -1.101130 0.208476 -1.054208 0.000954
data -0.378233 0.175288 -1.101130 0.208476 -1.054208 0.000954
data -0.377089 0.175288 -1.101130 0.208476 -1.054208 0.000954
data -0.377089 0.178340 -1.101130 0.208476 -1.054208 0.000954
data -0.377089 0.178340 -1.101130 0.208476 -1.054208 0.000954
data -0.377089 0.178340 -1.101130 0.208476 -1.054208 0.000954
data -0.374418 0.180629 -1.101130 0.208858 -1.007286 0.000954
data -0.373655 0.181392 -1.101130 0.208858 -1.000801 0.000954
data -0.373274 0.182155 -1.101130 0.208858 -0.993172 0.000572
data -0.373274 0.182155 -1.101130 0.208858 -0.993172 0.000572
data -0.371748 0.183681 -1.101130 0.208858 -0.981728 0.000954
data -0.370985 0.184443 -1.101130 0.208858 -0.972572 0.000954
data -0.370222 0.185206 -1.101130 0.208858 -0.965705 0.000954
data -0.369841 0.185969 -1.101130 0.208858 -0.960746 0.000954
data -0.369078 0.186732 -1.101130 0.208858 -0.953498 0.000954
data -0.368696 0.187495 -1.101130 0.208858 -0.947394 0.000954
data -0.367933 0.188640 -1.101130 0.208858 -0.940528 0.000954
data -0.367933 0.188640 -1.101130 0.208858 -0.940528 0.000954
data -0.366026 0.190928 -1.101130 0.208476 -0.923743 0.000954
data -0.365644 0.191691 -1.101130 0.208476 -0.918784 0.000954
data -0.364882 0.192454 -1.101130 0.208476 -0.913062 0.000954
data -0.364500 0.193217 -1.101130 0.208476 -0.907340 0.000954
data -0.363737 0.193980 -1.101130 0.208476 -0.903143 0.000954
data -0.362974 0.193980 -1.101130 0.208476 -0.903143 0.000954
data -0.362211 0.196269 -1.101130 0.208476 -0.893988 0.000954
data -0.361830 0.197032 -1.101130 0.208476 -0.887121 0.000954
data -0.361067 0.197795 -1.101130 0.208476 -0.877584 0.000954
data -0.360304 0.198176 -1.101130 0.208476 -0.877584 0.000954
data -0.359922 0.198939 -1.101130 0.208476 -0.868429 0.000954
data -0.359159 0.198939 -1.101130 0.208476 -0.868429 0.000954
data -0.358778 0.200847 -1.101130 0.208476 -0.868429 0.000954
data -0.357634 0.200847 -1.101130 0.208858 -0.859274 0.000954
data -0.357252 0.202373 -1.101130 0.208858 -0.846685 0.000954
data -0.357252 0.202373 -1.101130 0.208858 -0.846685 0.000954
data -0.356489 0.203898 -1.101130 0.208858 -0.846685 0.000954
data -0.355726 0.205043 -1.101130 0.208858 -0.833714 0.000954
data -0.355345 0.205043 -1.101130 0.208858 -0.833714 0.000954
data -0.354582 0.206187 -1.101130 0.208476 -0.825704 0.000954
data -0.354582 0.206187 -1.101130 0.208476 -0.825704 0.000954
data -0.354582 0.206187 -1.101130 0.208476 -0.825704 0.000954
data -0.352674 0.208476 -1.101130 0.208476 -0.814641 0.000954
data -0.352293 0.210002 -1.101130 0.208476 -0.807012 0.000954
data -0.351912 0.210765 -1.101130 0.208476 -0.803578 0.000954
data -0.351149 0.211528 -1.101130 0.208476 -0.799764 0.000572
data -0.350386 0.212672 -1.101130 0.208476 -0.795568 0.000572
data -0.350004 0.213054 -1.101130 0.208476 -0.792134 0.000954
data -0.350004 0.213054 -1.101130 0.208476 -0.792134 0.000954
data -0.348860 0.214580 -1.101130 0.208476 -0.784886 0.000954
data -0.348097 0.215724 -1.101130 0.208476 -0.779545 0.000954
data -0.347715 0.216105 -1.101130 0.208476 -0.776493 0.000954
data -0.346952 0.216868 -1.101130 0.208476 -0.772678 0.000954
data -0.346571 0.218013 -1.101130 0.208476 -0.768101 0.000954
data -0.346571 0.218013 -1.101130 0.208476 -0.768101 0.000954
data -0.345427 0.219158 -1.101130 0.208858 -0.762760 0.000954
data -0.345427 0.219158 -1.101130 0.208858 -0.762760 0.000954
data -0.344282 0.220684 -1.101130 0.208476 -0.755512 0.000954
data -0.343901 0.221447 -1.101130 0.208476 -0.751698 0.000954
data -0.343518 0.222210 -1.101130 0.208476 -0.749027 0.000954
data -0.342755 0.222973 -1.101130 0.208476 -0.745975 0.000572
data -0.342374 0.224117 -1.101130 0.208476 -0.741779 0.000954
data -0.342374 0.224117 -1.101130 0.208476 -0.741779 0.000954
data -0.341229 0.225643 -1.101130 0.208476 -0.737202 0.000954
data -0.341229 0.225643 -1.101130 0.208476 -0.737202 0.000954
data -0.341229 0.225643 -1.101130 0.208476 -0.737202 0.000954
data -0.340085 0.227551 -1.101130 0.208476 -0.728809 0.000954
data -0.340085 0.227551 -1.101130 0.208476 -0.728809 0.000954
data -0.338559 0.229839 -1.101130 0.208476 -0.728809 0.000954
data -0.338559 0.230221 -1.101130 0.208858 -0.719273 0.000954
data -0.337796 0.230984 -1.101130 0.208476 -0.716601 0.000954
data -0.337415 0.231747 -1.101130 0.208476 -0.713550 0.000954
data -0.337415 0.231747 -1.101130 0.208476 -0.713550 0.000954
data -0.336270 0.233273 -1.101130 0.208476 -0.713550 0.000954
data -0.335889 0.234035 -1.101130 0.208476 -0.705539 0.000954
data -0.335507 0.234798 -1.101130 0.208858 -0.702868 0.000954
data -0.335126 0.235561 -1.101130 0.208858 -0.700580 0.000954
data -0.334744 0.236324 -1.101130 0.208476 -0.697909 0.000954
data -0.334363 0.237087 -1.101130 0.208476 -0.696002 0.000954
data -0.333982 0.237850 -1.101130 0.208476 -0.693713 0.000954
data -0.333219 0.237850 -1.101130 0.208476 -0.693713 0.000954
data -0.332837 0.239758 -1.101130 0.208476 -0.689136 0.000954
data -0.332837 0.239758 -1.101130 0.208476 -0.689136 0.000954
data -0.332837 0.239758 -1.101130 0.208476 -0.689136 0.000954
data -0.331693 0.242046 -1.101130 0.208476 -0.681506 0.000954
data -0.331311 0.242809 -1.101130 0.208476 -0.679599 0.000954
data -0.330930 0.243572 -1.101130 0.208476 -0.679599 0.000954
data -0.330548 0.243572 -1.101130 0.208476 -0.677310 0.000954
data -0.330548 0.245098 -1.101130 0.208476 -0.677310 0.000954
data -0.329785 0.245861 -1.101130 0.208476 -0.677310 0.000954
data -0.329404 0.246624 -1.101130 0.208476 -0.668536 0.000954
data -0.329022 0.247387 -1.101130 0.208476 -0.666629 0.000954
data -0.328641 0.248150 -1.101130 0.208476 -0.664721 0.000954
data -0.328259 0.248913 -1.101130 0.208476 -0.662433 0.000954
data -0.327878 0.249676 -1.101130 0.208858 -0.662433 0.000954
data -0.327497 0.249676 -1.101130 0.208858 -0.660144 0.000954
data -0.327497 0.250820 -1.101130 0.208858 -0.660144 0.000954
data -0.327115 0.251583 -1.101130 0.208858 -0.656329 0.000954
data -0.326734 0.252728 -1.101130 0.208858 -0.652514 0.000954
data -0.326352 0.253490 -1.101130 0.208858 -0.652514 0.000954
data -0.326352 0.253872 -1.101130 0.208858 -0.649080 0.000954
data -0.325971 0.254635 -1.101130 0.208858 -0.647554 0.000954
data -0.325208 0.254635 -1.101130 0.208858 -0.647554 0.000954
data -0.325208 0.256542 -1.101130 0.208476 -0.643740 0.000954
data -0.324826 0.257305 -1.101130 0.208476 -0.641069 0.000954
data -0.324445 0.258068 -1.101130 0.208476 -0.639925 0.000954
data -0.324063 0.258831 -1.101130 0.208476 -0.639925 0.000954
data -0.324063 0.259594 -1.101130 0.208476 -0.636873 0.000954
data -0.323682 0.260357 -1.101130 0.208476 -0.634966 0.000954
data -0.323300 0.261120 -1.101130 0.208476 -0.634966 0.000954
data -0.322919 0.261883 -1.101130 0.208476 -0.630770 0.000954
data -0.322919 0.261883 -1.101130 0.208476 -0.630770 0.000954
data -0.322537 0.262646 -1.101130 0.208476 -0.629244 0.000954
data -0.322156 0.263409 -1.101130 0.208476 -0.626955 0.000954
data -0.321774 0.263790 -1.101130 0.208476 -0.625429 0.000954
data -0.321393 0.263790 -1.101130 0.208476 -0.625429 0.000954
data -0.321393 0.265316 -1.101130 0.208858 -0.622759 0.000954
data -0.321012 0.265697 -1.101130 0.208858 -0.621233 0.000954
data -0.321012 0.265697 -1.101130 0.208858 -0.621233 0.000954
data -0.320630 0.266842 -1.101130 0.208858 -0.618563 0.000954
data -0.320249 0.267986 -1.101130 0.208858 -0.617037 0.000572
data -0.319867 0.268368 -1.101130 0.208858 -0.615892 0.000954
data -0.319867 0.269131 -1.101130 0.208858 -0.615129 0.000954
data -0.319486 0.269512 -1.101130 0.208858 -0.613604 0.000954
data -0.319486 0.270275 -1.101130 0.208476 -0.612841 0.000954
data -0.319104 0.271038 -1.101130 0.208476 -0.611315 0.000954
data -0.319104 0.271038 -1.101130 0.208476 -0.611315 0.000954
data -0.318723 0.272182 -1.101130 0.208476 -0.609026 0.000954
data -0.318341 0.273327 -1.101130 0.208476 -0.607119 0.000954
data -0.318341 0.273327 -1.101130 0.208476 -0.607119 0.000954
data -0.317960 0.274090 -1.101130 0.208476 -0.605593 0.000954
data -0.317578 0.274853 -1.101130 0.208858 -0.604067 0.000954
data -0.317578 0.275616 -1.101130 0.208476 -0.603304 0.000954
data -0.317578 0.275616 -1.101130 0.208476 -0.603304 0.000954
data -0.317578 0.275616 -1.101130 0.208476 -0.603304 0.000954
data -0.317197 0.275616 -1.101130 0.208476 -0.603304 0.000954
data -0.316434 0.277905 -1.101130 0.208476 -0.599489 0.000954
data -0.316434 0.278667 -1.101130 0.208476 -0.596819 0.000954
data -0.316052 0.279049 -1.101130 0.208858 -0.596056 0.000954
data -0.315671 0.279812 -1.101130 0.208476 -0.594530 0.000954
data -0.315671 0.280193 -1.101130 0.208476 -0.593385 0.000954
data -0.315289 0.280575 -1.101130 0.208476 -0.592622 0.000954
data -0.315289 0.280575 -1.101130 0.208476 -0.592622 0.000954
data -0.314908 0.281720 -1.101130 0.208476 -0.592622 0.000954
data -0.314908 0.282102 -1.101130 0.208476 -0.589189 0.000954
data -0.314908 0.282865 -1.101130 0.208476 -0.588426 0.000954
data -0.314527 0.283246 -1.101130 0.208476 -0.588426 0.000954
data -0.314527 0.284009 -1.101130 0.208476 -0.586518 0.000954
data -0.314145 0.284772 -1.101130 0.208476 -0.586518 0.000954
data -0.313764 0.285153 -1.101130 0.208476 -0.584611 0.000954
data -0.313764 0.285153 -1.101130 0.208476 -0.584611 0.000954
data -0.313382 0.286679 -1.101130 0.208476 -0.581941 0.000954
data -0.313382 0.287061 -1.101130 0.208476 -0.581178 0.000954
data -0.313001 0.287824 -1.101130 0.208476 -0.580033 0.000954
data -0.313001 0.288205 -1.101130 0.208476 -0.578889 0.000954
data -0.312619 0.288968 -1.101130 0.208476 -0.577744 0.000954
data -0.312619 0.289350 -1.101130 0.208476 -0.576600 0.000954
data -0.312238 0.290112 -1.101130 0.208476 -0.575837 0.000954
data -0.311856 0.291257 -1.101130 0.208476 -0.573167 0.000954
data -0.311475 0.291638 -1.101130 0.208476 -0.572404 0.000954
data -0.311093 0.292401 -1.101130 0.208476 -0.571259 0.000954
data -0.311093 0.292783 -1.101130 0.208476 -0.571259 0.000954
data -0.310712 0.293164 -1.101130 0.208476 -0.568971 0.000954
data -0.310712 0.293927 -1.101130 0.208476 -0.567826 0.000954
data -0.310330 0.295072 -1.101130 0.208476 -0.567826 0.000954
data -0.310330 0.295072 -1.101130 0.208095 -0.564393 0.000954
data -0.309949 0.295453 -1.101130 0.208095 -0.564393 0.000954
data -0.309949 0.295835 -1.101130 0.208095 -0.562104 0.000954
data -0.309567 0.296216 -1.101130 0.208095 -0.560578 0.000954
data -0.309567 0.296597 -1.101130 0.208095 -0.559434 0.000954
data -0.309186 0.296979 -1.101130 0.208095 -0.557908 0.000954
data -0.309186 0.297360 -1.101130 0.208476 -0.556764 0.000954
data -0.308805 0.298505 -1.101130 0.208476 -0.556764 0.000954
data -0.308805 0.298886 -1.101130 0.208476 -0.554093 0.000954
data -0.308805 0.299268 -1.101130 0.208476 -0.552186 0.000954
data -0.308805 0.300031 -1.101130 0.208476 -0.552186 0.000954
data -0.308805 0.300031 -1.101130 0.208476 -0.549516 0.000954
data -0.308805 0.300412 -1.101130 0.208095 -0.548371 0.000954
data -0.308805 0.301175 -1.101130 0.208095 -0.546464 0.000954
data -0.308805 0.301557 -1.101130 0.208095 -0.544557 0.000954
data -0.308805 0.301557 -1.101130 0.208095 -0.544557 0.000954
data -0.308805 0.301557 -1.101130 0.208095 -0.544557 0.000954
data -0.308805 0.303464 -1.101130 0.208095 -0.539216 0.000954
data -0.308805 0.303845 -1.101130 0.208095 -0.537690 0.000954
data -0.308805 0.304227 -1.101130 0.207713 -0.536164 0.000954
data -0.308805 0.304990 -1.101130 0.208095 -0.534638 0.000954
data -0.308805 0.305371 -1.101130 0.207713 -0.532731 0.000954
data -0.308805 0.305753 -1.101130 0.207713 -0.531204 0.000954
data -0.308805 0.306516 -1.101130 0.207332 -0.528534 0.000954
data -0.308805 0.306516 -1.101130 0.207332 -0.528534 0.000954
data -0.308805 0.307279 -1.101130 0.207332 -0.525482 0.000954
data -0.308805 0.308042 -1.101130 0.206950 -0.523193 0.000954
data -0.308805 0.308423 -1.101130 0.206950 -0.521286 0.000954
data -0.308805 0.308423 -1.101130 0.206950 -0.521286 0.000954
data -0.308805 0.309567 -1.101130 0.206950 -0.518997 0.000954
data -0.308805 0.309567 -1.101130 0.206950 -0.518997 0.000954
data -0.308805 0.310330 -1.101130 0.206569 -0.514038 0.000954
data -0.308805 0.310712 -1.101130 0.206569 -0.512131 0.000954
data -0.308805 0.311475 -1.101130 0.206569 -0.510605 0.000954
data -0.308805 0.311856 -1.101130 0.206187 -0.508698 0.000954
data -0.308805 0.311856 -1.101130 0.206187 -0.508698 0.000954
data -0.308805 0.312619 -1.101130 0.206187 -0.508698 0.000954
data -0.308805 0.313001 -1.101130 0.206187 -0.503738 0.000954
data -0.308805 0.313001 -1.101130 0.206187 -0.503738 0.000954
data -0.308805 0.313764 -1.101130 0.206187 -0.503738 0.000954
data -0.308805 0.314145 -1.101130 0.205806 -0.497253 0.000954
data -0.308805 0.314908 -1.101130 0.205806 -0.495346 0.000954
data -0.308805 0.315289 -1.101130 0.205806 -0.493439 0.000954
data -0.308805 0.315671 -1.101130 0.205806 -0.491531 0.000954
data -0.308805 0.316434 -1.101130 0.206187 -0.489243 0.000954
data -0.308805 0.316434 -1.101130 0.206187 -0.489243 0.000954
data -0.308805 0.316434 -1.101130 0.206187 -0.489243 0.000954
data -0.308805 0.317960 -1.101130 0.205806 -0.489243 0.000954
data -0.308805 0.318723 -1.101130 0.205806 -0.480469 0.000954
data -0.308805 0.318723 -1.101130 0.205806 -0.480469 0.000954
data -0.308805 0.319486 -1.101130 0.206187 -0.476273 0.000954
data -0.308805 0.320249 -1.101130 0.205806 -0.473984 0.000954
data -0.308805 0.320630 -1.101130 0.206187 -0.471695 0.000954
data -0.308805 0.321393 -1.101130 0.206187 -0.469788 0.000954
data -0.308805 0.321393 -1.101130 0.206187 -0.469788 0.000954
data -0.308805 0.322156 -1.101130 0.206187 -0.464828 0.000954
data -0.308805 0.323300 -1.101130 0.206187 -0.464828 0.000954
data -0.308805 0.323300 -1.101130 0.206187 -0.460631 0.000954
data -0.308805 0.324063 -1.101130 0.206187 -0.458724 0.000954
data -0.308805 0.324826 -1.101130 0.206187 -0.455672 0.000954
data -0.308805 0.325208 -1.101130 0.206187 -0.453383 0.000954
data -0.308805 0.325208 -1.101130 0.206187 -0.453383 0.000954
data -0.308805 0.325208 -1.101130 0.206187 -0.453383 0.000954
data -0.308805 0.326734 -1.101130 0.205806 -0.445754 0.000954
data -0.308805 0.327497 -1.101130 0.205806 -0.443465 0.000954
data -0.308805 0.327878 -1.101130 0.205806 -0.440795 0.000954
data -0.308805 0.328259 -1.101130 0.205806 -0.438506 0.000954
data -0.308805 0.328641 -1.101130 0.205806 -0.438506 0.000954
data -0.308805 0.329022 -1.101130 0.205806 -0.433928 0.000954
data -0.308805 0.329022 -1.101130 0.205806 -0.433928 0.000954
data -0.308805 0.329785 -1.101130 0.205806 -0.433928 0.000954
data -0.308805 0.330167 -1.101130 0.205806 -0.428588 0.000954
data -0.308805 0.330930 -1.101130 0.205806 -0.422866 0.000954
data -0.308805 0.331693 -1.101130 0.205806 -0.419433 0.000954
data -0.308805 0.332074 -1.101130 0.205806 -0.416762 0.000954
data -0.308805 0.332837 -1.101130 0.205806 -0.414474 0.000954
data -0.308805 0.333600 -1.101130 0.205424 -0.409896 0.000954
data -0.308805 0.333600 -1.101130 0.205424 -0.409896 0.000954
data -0.308805 0.334363 -1.101130 0.205424 -0.409896 0.000954
data -0.308805 0.335126 -1.101130 0.205806 -0.403410 0.000954
data -0.309186 0.335507 -1.101130 0.205806 -0.400740 0.000954
data -0.309186 0.336270 -1.101130 0.205806 -0.398069 0.000954
data -0.309186 0.336652 -1.101130 0.205806 -0.398069 0.000954
data -0.309186 0.337415 -1.101130 0.205806 -0.391966 0.000954
data -0.309186 0.337796 -1.101130 0.205806 -0.390059 0.000954
data -0.309186 0.337796 -1.101130 0.205806 -0.390059 0.000954
data -0.309186 0.337796 -1.101130 0.205806 -0.390059 0.000954
data -0.309567 0.339322 -1.101130 0.206187 -0.382811 0.000954
data -0.309567 0.340085 -1.101130 0.206187 -0.378233 0.000954
data -0.309567 0.340466 -1.101130 0.206187 -0.375563 0.000954
data -0.309567 0.340848 -1.101130 0.206187 -0.372129 0.000954
data -0.309567 0.341611 -1.101130 0.206187 -0.369459 0.000954
data -0.309567 0.341611 -1.101130 0.206187 -0.369459 0.000954
data -0.309567 0.341611 -1.101130 0.206187 -0.369459 0.000954
data -0.309567 0.342755 -1.101130 0.206187 -0.361830 0.000954
data -0.309567 0.343518 -1.101130 0.206187 -0.356489 0.000954
data -0.309567 0.343901 -1.101130 0.206569 -0.353819 0.000954
data -0.309567 0.344282 -1.101130 0.206569 -0.350386 0.000954
data -0.309567 0.345045 -1.101130 0.206569 -0.343901 0.000954
data -0.309567 0.345045 -1.101130 0.206569 -0.343901 0.000954
data -0.309567 0.345808 -1.101130 0.206950 -0.337415 0.000954
data -0.309567 0.345808 -1.101130 0.206950 -0.337415 0.000954
data -0.309567 0.345808 -1.101130 0.206950 -0.337415 0.000954
data -0.309567 0.347334 -1.101130 0.207332 -0.329404 0.000954
data -0.309567 0.347715 -1.101130 0.207713 -0.323682 0.000954
data -0.309567 0.348097 -1.101130 0.207713 -0.319867 0.000954
data -0.309567 0.348860 -1.101130 0.208095 -0.316815 0.000954
data -0.309567 0.348860 -1.101130 0.208095 -0.316815 0.000954
data -0.309567 0.350004 -1.101130 0.208095 -0.308423 0.000954
data -0.309567 0.350004 -1.101130 0.208095 -0.308423 0.000954
data -0.309567 0.351530 -1.101130 0.208095 -0.303845 0.000954
data -0.309567 0.351912 -1.101130 0.208476 -0.301557 0.000954
data -0.309567 0.351912 -1.101130 0.208476 -0.301557 0.000954
data -0.309567 0.353056 -1.101130 0.208858 -0.291638 0.000954
data -0.309567 0.353437 -1.101130 0.208858 -0.288587 0.000954
data -0.309567 0.353437 -1.101130 0.208858 -0.288587 0.000954
data -0.309567 0.354963 -1.101130 0.209239 -0.282102 0.000954
data -0.309567 0.355345 -1.101130 0.209620 -0.277142 0.000954
data -0.309567 0.355726 -1.101130 0.210002 -0.273708 0.000954
data -0.309567 0.355726 -1.101130 0.210002 -0.273708 0.000954
data -0.309567 0.356871 -1.101130 0.210765 -0.267605 0.000954
data -0.309567 0.357252 -1.101130 0.211146 -0.263409 0.000954
data -0.309567 0.357252 -1.101130 0.211146 -0.263409 0.000954
data -0.309567 0.358015 -1.101130 0.211528 -0.263409 0.000954
data -0.309567 0.358778 -1.101130 0.211909 -0.252346 0.000954
data -0.309567 0.359159 -1.101130 0.211909 -0.249294 0.000954
data -0.309567 0.359541 -1.101130 0.211909 -0.244717 0.000954
data -0.309567 0.360304 -1.101130 0.212291 -0.244717 0.000954
data -0.309567 0.360685 -1.101130 0.212291 -0.241283 0.000954
data -0.309567 0.361067 -1.101130 0.212672 -0.234798 0.000954
data -0.309567 0.361067 -1.101130 0.212672 -0.234798 0.000954
data -0.309567 0.361830 -1.101130 0.212672 -0.234798 0.000954
data -0.309567 0.362211 -1.101130 0.214198 -0.223736 0.000954
data -0.309567 0.362593 -1.101130 0.214580 -0.220303 0.000954
data -0.309567 0.363356 -1.101130 0.214961 -0.220303 0.000954
data -0.309567 0.363737 -1.101130 0.215343 -0.213817 0.000954
data -0.309567 0.364119 -1.101130 0.216105 -0.210002 0.000954
data -0.309567 0.364500 -1.101130 0.216487 -0.206187 0.000954
data -0.309567 0.364500 -1.101130 0.216487 -0.206187 0.000954
data -0.309567 0.364500 -1.101130 0.216487 -0.206187 0.000954
data -0.309567 0.366026 -1.101130 0.217631 -0.197032 0.000954
data -0.309567 0.366789 -1.101130 0.218777 -0.191310 0.000954
data -0.309567 0.367552 -1.101130 0.219158 -0.187114 0.000954
data -0.309567 0.367933 -1.101130 0.219540 -0.183299 0.000954
data -0.309567 0.367933 -1.101130 0.219540 -0.183299 0.000954
data -0.309186 0.367933 -1.101130 0.219540 -0.183299 0.000954
data -0.309186 0.369841 -1.101130 0.221447 -0.172999 0.000954
data -0.309567 0.369841 -1.101130 0.221447 -0.172999 0.000954
data -0.309186 0.371367 -1.101130 0.222973 -0.165751 0.000954
data -0.309567 0.371748 -1.101130 0.224117 -0.160029 0.000954
data -0.309186 0.372129 -1.101130 0.224117 -0.160029 0.000954
data -0.309186 0.372511 -1.101130 0.225643 -0.153543 0.000954
data -0.309186 0.373274 -1.101130 0.226406 -0.150110 0.000954
data -0.309186 0.373274 -1.101130 0.226406 -0.150110 0.000954
data -0.309186 0.374418 -1.101130 0.228695 -0.140574 0.000954
data -0.309186 0.374800 -1.101130 0.229839 -0.135233 0.000954
data -0.309186 0.375563 -1.101130 0.230984 -0.131800 0.000954
data -0.309567 0.375944 -1.101130 0.231747 -0.128366 0.000954
data -0.309567 0.376326 -1.101130 0.232891 -0.124552 0.000954
data -0.309567 0.376707 -1.101130 0.234035 -0.121500 0.000954
data -0.309567 0.377470 -1.101130 0.235180 -0.116922 0.000954
data -0.309567 0.377470 -1.101130 0.235180 -0.116922 0.000954
data -0.309567 0.377470 -1.101130 0.235180 -0.116922 0.000954
data -0.309186 0.378614 -1.101130 0.237087 -0.116922 0.000954
data -0.309567 0.378996 -1.101130 0.238995 -0.103189 0.000954
data -0.309186 0.379377 -1.101130 0.240139 -0.099375 0.000954
data -0.309186 0.379759 -1.101130 0.241283 -0.096323 0.000954
data -0.309186 0.380140 -1.101130 0.242428 -0.092126 0.000954
data -0.309186 0.380140 -1.101130 0.242428 -0.092126 0.000954
data -0.309186 0.380140 -1.101130 0.242428 -0.092126 0.000954
data -0.309567 0.382048 -1.101130 0.246243 -0.083734 0.000954
data -0.309567 0.382811 -1.101130 0.247005 -0.083734 0.000954
data -0.309567 0.383192 -1.101130 0.248150 -0.073815 0.000954
data -0.309186 0.383955 -1.101130 0.248150 -0.073815 0.000954
data -0.309186 0.383955 -1.101130 0.248150 -0.073815 0.000954
data -0.309186 0.385099 -1.101130 0.251202 -0.063134 0.000954
data -0.309186 0.385099 -1.101130 0.251202 -0.063134 0.000954
data -0.309186 0.386244 -1.101130 0.251202 -0.063134 0.000954
data -0.309186 0.387007 -1.101130 0.255016 -0.050927 0.000954
data -0.309186 0.387007 -1.101130 0.255016 -0.050927 0.000954
data -0.309186 0.388151 -1.101130 0.256924 -0.045205 0.000954
data -0.309186 0.388533 -1.101130 0.258831 -0.039865 0.000954
data -0.309186 0.389296 -1.101130 0.259594 -0.036813 0.000954
data -0.309186 0.389677 -1.101130 0.261501 -0.032235 0.000954
data -0.309186 0.389677 -1.101130 0.261501 -0.032235 0.000954
data -0.309186 0.389677 -1.101130 0.261501 -0.032235 0.000954
data -0.309186 0.391584 -1.101130 0.264935 -0.020409 0.000954
data -0.309186 0.391966 -1.101130 0.266079 -0.016975 0.000954
data -0.309186 0.392729 -1.101130 0.266842 -0.013161 0.000954
data -0.309186 0.393110 -1.101130 0.268368 -0.008202 0.000954
data -0.309567 0.393492 -1.101130 0.269131 -0.005531 0.000954
data -0.309186 0.393873 -1.101130 0.270275 -0.002098 0.000954
data -0.309186 0.393873 -1.101130 0.270275 -0.002098 0.000954
data -0.309186 0.394636 -1.101130 0.272182 0.005150 0.000954
data -0.309186 0.395399 -1.101130 0.273708 0.011253 0.000954
data -0.309186 0.395781 -1.101130 0.274471 0.014687 0.000954
data -0.309186 0.396544 -1.101130 0.275616 0.014687 0.000954
data -0.309186 0.396925 -1.101130 0.275997 0.021172 0.000954
data -0.309186 0.397306 -1.101130 0.277142 0.025749 0.000954
data -0.309186 0.397306 -1.101130 0.277142 0.025749 0.000954
data -0.309186 0.397306 -1.101130 0.277142 0.025749 0.000954
data -0.309186 0.397306 -1.101130 0.277142 0.025749 0.000954
data -0.309186 0.399595 -1.101130 0.280193 0.037957 0.000954
data -0.309567 0.400358 -1.101130 0.282483 0.047112 0.000954
data -0.309186 0.401121 -1.101130 0.283246 0.051690 0.000954
data -0.309186 0.401503 -1.101130 0.283246 0.051690 0.000954
data -0.309186 0.402266 -1.101130 0.285535 0.058175 0.000954
data -0.309186 0.403410 -1.101130 0.285535 0.058175 0.000954
data -0.309186 0.403410 -1.101130 0.287442 0.066186 0.000954
data -0.309186 0.404173 -1.101130 0.289731 0.073815 0.000954
data -0.309186 0.404936 -1.101130 0.289731 0.073815 0.000954
data -0.309186 0.405317 -1.101130 0.291638 0.082208 0.000954
data -0.309186 0.405317 -1.101130 0.291638 0.082208 0.000954
data -0.309186 0.406080 -1.101130 0.293164 0.089456 0.000954
data -0.309186 0.406080 -1.101130 0.293164 0.089456 0.000954
data -0.309186 0.407226 -1.101130 0.293164 0.089456 0.000954
data -0.309186 0.407989 -1.101130 0.296216 0.103571 0.000954
data -0.309186 0.408370 -1.101130 0.296979 0.108149 0.000954
data -0.309186 0.408751 -1.101130 0.297742 0.111963 0.000954
data -0.309186 0.409133 -1.101130 0.298505 0.115396 0.000954
data -0.309186 0.409896 -1.101130 0.298505 0.115396 0.000954
data -0.309186 0.409896 -1.101130 0.300031 0.124170 0.000954
data -0.309186 0.410659 -1.101130 0.301938 0.131418 0.000954
data -0.309186 0.410659 -1.101130 0.301938 0.131418 0.000954
data -0.309186 0.411040 -1.101130 0.302701 0.135233 0.000954
data -0.309186 0.411040 -1.101130 0.302701 0.135233 0.000954
data -0.309567 0.411803 -1.101130 0.304608 0.144388 0.000954
data -0.309186 0.412185 -1.101130 0.306134 0.150492 0.000954
data -0.309186 0.412566 -1.101130 0.307279 0.154688 0.000954
data -0.309186 0.413329 -1.101130 0.308805 0.160029 0.000954
data -0.309186 0.413329 -1.101130 0.308805 0.160029 0.000954
data -0.309186 0.413329 -1.101130 0.308805 0.160029 0.000954
data -0.309186 0.414855 -1.101130 0.313001 0.174144 0.000954
data -0.309186 0.415236 -1.101130 0.314145 0.179103 0.000954
data -0.309186 0.415618 -1.101130 0.315289 0.183299 0.000954
data -0.309186 0.415999 -1.101130 0.316815 0.187877 0.000954
data -0.309186 0.416381 -1.101130 0.317960 0.193217 0.000954
data -0.309186 0.416762 -1.101130 0.318723 0.197032 0.000954
data -0.309186 0.416762 -1.101130 0.318723 0.197032 0.000954
data -0.309186 0.416762 -1.101130 0.318723 0.197032 0.000954
data -0.309186 0.416762 -1.101130 0.318723 0.197032 0.000954
data -0.309186 0.418670 -1.101130 0.318723 0.197032 0.000954
data -0.309186 0.418670 -1.101130 0.323300 0.219158 0.000572
data -0.309186 0.418670 -1.101130 0.323300 0.219158 0.000572
data -0.309186 0.419051 -1.101130 0.324063 0.222973 0.000954
data -0.309186 0.419814 -1.101130 0.326352 0.236324 0.000954
data -0.309186 0.419814 -1.101130 0.326352 0.236324 0.000954
data -0.309186 0.420577 -1.101130 0.328259 0.245098 0.000954
data -0.309186 0.420959 -1.101130 0.329404 0.250820 0.000954
data -0.309186 0.421340 -1.101130 0.330167 0.256161 0.000572
data -0.309567 0.421340 -1.101130 0.330167 0.256161 0.000572
data -0.309567 0.422103 -1.101130 0.330167 0.256161 0.000572
data -0.309567 0.422484 -1.101130 0.333982 0.271801 0.000572
data -0.309186 0.422866 -1.101130 0.333982 0.271801 0.000572
data -0.309186 0.422866 -1.101130 0.333982 0.271801 0.000572
data -0.309186 0.422866 -1.101130 0.337033 0.285535 0.000572
data -0.309186 0.423247 -1.101130 0.337415 0.288205 0.000572
data -0.309186 0.423247 -1.101130 0.337415 0.288205 0.000572
data -0.309186 0.424010 -1.101130 0.341229 0.302701 0.000572
data -0.309186 0.424010 -1.101130 0.342374 0.307279 0.000572
data -0.309186 0.424010 -1.101130 0.343518 0.311856 0.000572
data -0.309186 0.424010 -1.101130 0.343518 0.311856 0.000572
data -0.309186 0.424010 -1.101130 0.343518 0.311856 0.000572
data -0.309186 0.424392 -1.101130 0.346189 0.324063 0.000572
data -0.309567 0.424773 -1.101130 0.348478 0.332456 0.000572
data -0.309186 0.424773 -1.101130 0.349241 0.336652 0.000572
data -0.309567 0.425155 -1.101130 0.350386 0.341992 0.000572
data -0.309567 0.425155 -1.101130 0.351149 0.346952 0.000954
data -0.309567 0.425536 -1.101130 0.352293 0.351530 0.000572
data -0.309567 0.425536 -1.101130 0.352293 0.351530 0.000572
data -0.309567 0.425536 -1.101130 0.354200 0.359541 0.000572
data -0.309567 0.425918 -1.101130 0.354963 0.366026 0.000572
data -0.309567 0.425918 -1.101130 0.354963 0.366026 0.000572
data -0.309567 0.425918 -1.101130 0.356489 0.374800 0.000572
data -0.309567 0.425918 -1.101130 0.357634 0.374800 0.000572
data -0.309567 0.425918 -1.101130 0.358397 0.383192 0.000572
data -0.309567 0.425918 -1.101130 0.358397 0.383192 0.000572
data -0.309567 0.425918 -1.101130 0.358397 0.383192 0.000572
data -0.309567 0.425918 -1.101130 0.358397 0.383192 0.000572
data -0.309567 0.425918 -1.101130 0.362974 0.400358 0.000572
data -0.309567 0.425918 -1.101130 0.364119 0.404173 0.000572
data -0.309567 0.425918 -1.101130 0.364882 0.407989 0.000572
data -0.309567 0.425918 -1.101130 0.366026 0.407989 0.000572
data -0.309567 0.425918 -1.101130 0.367170 0.415999 0.000572
data -0.309567 0.425918 -1.101130 0.368315 0.422866 0.000572
data -0.309567 0.425918 -1.101130 0.368315 0.422866 0.000572
data -0.309567 0.425918 -1.101130 0.369459 0.425536 0.000572
data -0.309567 0.425918 -1.101130 0.370604 0.431640 0.000572
data -0.309567 0.425918 -1.101130 0.370985 0.431640 0.000572
data -0.309567 0.425918 -1.101130 0.371748 0.437362 0.000572
data -0.309567 0.425918 -1.101130 0.372129 0.441176 0.000572
data -0.309567 0.425918 -1.101130 0.372129 0.441176 0.000572
data -0.309567 0.425918 -1.101130 0.372892 0.444610 0.000954
data -0.309567 0.425918 -1.101130 0.374037 0.450332 0.000572
data -0.309567 0.425918 -1.101130 0.374800 0.450332 0.000572
data -0.309567 0.425918 -1.101130 0.375563 0.456817 0.000572
data -0.309567 0.425918 -1.101130 0.376326 0.459487 0.000572
data -0.309567 0.425918 -1.101130 0.376707 0.462157 0.000572
data -0.309567 0.425918 -1.101130 0.377089 0.465209 0.000572
data -0.309567 0.425918 -1.101130 0.377470 0.465209 0.000572
data -0.309567 0.425918 -1.101130 0.377851 0.469788 0.000572
data -0.309567 0.425918 -1.101130 0.377851 0.469788 0.000572
data -0.309567 0.425918 -1.101130 0.378233 0.473984 0.000572
data -0.309567 0.425918 -1.101130 0.378233 0.473984 0.000572
data -0.309567 0.425918 -1.101130 0.378614 0.477417 0.000572
data -0.309567 0.425918 -1.101130 0.378614 0.477417 0.000572
data -0.309567 0.425918 -1.101130 0.378614 0.481613 0.000572
data -0.309567 0.425918 -1.101130 0.378996 0.483139 0.000572
data -0.309567 0.425918 -1.101130 0.378996 0.483139 0.000572
data -0.309567 0.425918 -1.101130 0.378996 0.483139 0.000572
data -0.309567 0.425918 -1.101130 0.378996 0.486191 0.000572
data -0.309567 0.425918 -1.101130 0.378996 0.488480 0.000572
data -0.309567 0.425918 -1.101130 0.378996 0.488480 0.000572
data -0.309567 0.425918 -1.101130 0.378996 0.490005 0.000572
data -0.309567 0.425918 -1.101130 0.378996 0.490005 0.000572
data -0.309567 0.425918 -1.101130 0.378614 0.491531 0.000572
data -0.309567 0.425918 -1.101130 0.378614 0.491531 0.000572
data -0.309567 0.425918 -1.101130 0.378614 0.491531 0.000572
data -0.309567 0.425918 -1.101130 0.378614 0.491531 0.000572
data -0.309567 0.425918 -1.101130 0.378614 0.491531 0.000572
data -0.309567 0.425918 -1.101130 0.378614 0.491531 0.000572
data -0.309567 0.425536 -1.101130 0.377470 0.493820 0.000572
data -0.309567 0.425536 -1.101130 0.377470 0.494583 0.000572
data -0.309567 0.425536 -1.101130 0.377089 0.494202 0.000572
data -0.309567 0.425536 -1.101130 0.377089 0.494202 0.000572
data -0.309567 0.425536 -1.101130 0.376326 0.493820 0.000572
data -0.309567 0.425536 -1.101130 0.375944 0.493439 0.000954
data -0.309567 0.425536 -1.101130 0.375563 0.493439 0.000954
data -0.309567 0.425536 -1.101130 0.375563 0.493057 0.000572
data -0.309567 0.425536 -1.101130 0.375181 0.492294 0.000954
data -0.309567 0.425536 -1.101130 0.375181 0.491913 0.000572
data -0.309567 0.425536 -1.101130 0.374800 0.490768 0.000954
data -0.309567 0.425536 -1.101130 0.374800 0.490768 0.000954
data -0.309567 0.425536 -1.101130 0.374418 0.489243 0.000572
data -0.309567 0.425536 -1.101130 0.374037 0.488098 0.000572
data -0.309567 0.425536 -1.101130 0.373655 0.486191 0.000954
data -0.309567 0.425536 -1.101130 0.373655 0.486191 0.000954
data -0.309567 0.425536 -1.101130 0.372892 0.485046 0.000954
data -0.309567 0.425536 -1.101130 0.372129 0.482758 0.000954
data -0.309567 0.425536 -1.101130 0.372129 0.482758 0.000954
data -0.309567 0.425536 -1.101130 0.371748 0.480087 0.000954
data -0.309567 0.425536 -1.101130 0.370985 0.477417 0.000954
data -0.309567 0.425536 -1.101130 0.370222 0.475510 0.000572
data -0.309567 0.425536 -1.101130 0.369841 0.472839 0.000572
data -0.309567 0.425536 -1.101130 0.369078 0.470551 0.000954
data -0.309567 0.425536 -1.101130 0.368696 0.468261 0.000954
data -0.309567 0.425536 -1.101130 0.367933 0.466353 0.000954
data -0.309567 0.425536 -1.101130 0.367933 0.466353 0.000954
data -0.309567 0.425536 -1.101130 0.367170 0.461776 0.000572
data -0.309567 0.425536 -1.101130 0.367170 0.461776 0.000572
data -0.309567 0.425536 -1.101130 0.366026 0.461776 0.000572
data -0.309567 0.425536 -1.101130 0.365263 0.452621 0.000954
data -0.309567 0.425536 -1.101130 0.364882 0.449950 0.000572
data -0.309567 0.425536 -1.101130 0.364119 0.446898 0.000954
data -0.309567 0.425536 -1.101130 0.363356 0.441939 0.000954
data -0.309567 0.425536 -1.101130 0.363356 0.441939 0.000954
data -0.309567 0.425536 -1.101130 0.363356 0.441939 0.000954
data -0.309567 0.425536 -1.101130 0.361448 0.433547 0.000954
data -0.309567 0.425536 -1.101130 0.360685 0.430495 0.000954
data -0.309567 0.425536 -1.101130 0.359922 0.427825 0.000954
data -0.309567 0.425536 -1.101130 0.359159 0.424010 0.000954
data -0.309949 0.425536 -1.101130 0.358397 0.420959 0.000954
data -0.309949 0.425536 -1.101130 0.357634 0.416762 0.000954
data -0.309949 0.425536 -1.101130 0.357634 0.416762 0.000954
data -0.309949 0.425536 -1.101130 0.355726 0.407226 0.000954
data -0.309949 0.425536 -1.101130 0.355726 0.407226 0.000954
data -0.309949 0.425536 -1.101130 0.354963 0.402266 0.000954
data -0.309567 0.425536 -1.101130 0.354200 0.397688 0.000954
data -0.309949 0.425536 -1.101130 0.353056 0.393873 0.000954
data -0.309567 0.425536 -1.101130 0.352674 0.389677 0.000954
data -0.309567 0.425536 -1.101130 0.352674 0.389677 0.000954
data -0.309567 0.425536 -1.101130 0.350767 0.382048 0.000954
data -0.309567 0.425536 -1.101130 0.350004 0.376707 0.000954
data -0.309567 0.425536 -1.101130 0.348860 0.372892 0.000954
data -0.309567 0.425536 -1.101130 0.348097 0.368696 0.000954
data -0.309567 0.425536 -1.101130 0.347334 0.364500 0.000954
data -0.309567 0.425536 -1.101130 0.346189 0.360304 0.000954
data -0.309567 0.425536 -1.101130 0.345427 0.356489 0.000954
data -0.309567 0.425536 -1.101130 0.345427 0.356489 0.000954
data -0.309567 0.425536 -1.101130 0.343901 0.348860 0.000954
data -0.309567 0.425536 -1.101130 0.342755 0.342374 0.000954
data -0.309567 0.425536 -1.101130 0.342755 0.342374 0.000954
data -0.309567 0.425536 -1.101130 0.342755 0.342374 0.000954
data -0.309567 0.425536 -1.101130 0.340848 0.333219 0.000954
data -0.309567 0.425536 -1.101130 0.339322 0.325971 0.000954
data -0.309567 0.425536 -1.101130 0.338178 0.317960 0.000954
data -0.309567 0.425536 -1.101130 0.338178 0.317960 0.000954
data -0.309567 0.425536 -1.101130 0.337033 0.311475 0.000954
data -0.309567 0.425536 -1.101130 0.336270 0.305371 0.000954
data -0.309567 0.425536 -1.101130 0.335507 0.301175 0.000954
data -0.309567 0.425536 -1.101130 0.335126 0.296216 0.000954
data -0.309567 0.425536 -1.101130 0.334363 0.292401 0.000954
data -0.309567 0.425536 -1.101130 0.333982 0.288205 0.000954
data -0.309567 0.425536 -1.101130 0.333219 0.281339 0.000954
data -0.309567 0.425536 -1.101130 0.332456 0.276379 0.000954
data -0.309567 0.425536 -1.101130 0.332456 0.276379 0.000954
data -0.309567 0.425536 -1.101130 0.332456 0.276379 0.000954
data -0.309567 0.425536 -1.101130 0.330930 0.270657 0.000954
data -0.309567 0.425536 -1.101130 0.330548 0.261883 0.000954
data -0.309567 0.425536 -1.101130 0.329785 0.257687 0.000954
data -0.309567 0.425536 -1.101130 0.329404 0.253109 0.000954
data -0.309567 0.425536 -1.101130 0.329404 0.253109 0.000954
data -0.309567 0.425536 -1.101130 0.328641 0.244717 0.000954
data -0.309567 0.425536 -1.101130 0.327878 0.238995 0.000954
data -0.309567 0.425536 -1.101130 0.327115 0.235180 0.000954
data -0.309567 0.425536 -1.101130 0.326734 0.230984 0.000954
data -0.309567 0.425536 -1.101130 0.325971 0.226406 0.000954
data -0.309567 0.425536 -1.101130 0.325208 0.221828 0.000954
data -0.309186 0.425536 -1.101130 0.324445 0.217631 0.000954
data -0.309186 0.425536 -1.101130 0.324445 0.217631 0.000954
data -0.309186 0.425536 -1.101130 0.322919 0.209239 0.000954
data -0.309186 0.425536 -1.101130 0.322919 0.209239 0.000954
data -0.309186 0.425536 -1.101130 0.321393 0.199702 0.000954
data -0.309186 0.425536 -1.101130 0.320249 0.194362 0.000954
data -0.309186 0.425536 -1.101130 0.319486 0.190928 0.000954
data -0.309186 0.425536 -1.101130 0.318723 0.187114 0.000954
data -0.309186 0.425536 -1.101130 0.318723 0.187114 0.000954
data -0.309186 0.425536 -1.101130 0.317197 0.187114 0.000954
data -0.309186 0.425536 -1.101130 0.316052 0.172236 0.000954
data -0.309186 0.425536 -1.101130 0.314908 0.167277 0.000954
data -0.309186 0.425536 -1.101130 0.314908 0.167277 0.000954
data -0.309186 0.425536 -1.101130 0.313764 0.158885 0.000572
data -0.309186 0.425536 -1.101130 0.313382 0.158885 0.000572
data -0.309186 0.425536 -1.101130 0.312619 0.150873 0.000954
data -0.309186 0.425536 -1.101130 0.312619 0.150873 0.000954
data -0.309186 0.425536 -1.101130 0.312619 0.150873 0.000954
data -0.309186 0.425536 -1.101130 0.311475 0.139811 0.000954
data -0.309186 0.425536 -1.101130 0.310712 0.132563 0.000572
data -0.309186 0.425536 -1.101130 0.310712 0.132563 0.000572
data -0.309186 0.425536 -1.101130 0.310712 0.132563 0.000572
data -0.309186 0.425536 -1.101130 0.309949 0.121500 0.000954
data -0.309186 0.425536 -1.101130 0.309567 0.117685 0.000954
data -0.309186 0.425536 -1.101130 0.309567 0.117685 0.000954
data -0.309186 0.425536 -1.101130 0.309567 0.117685 0.000954
data -0.309186 0.425536 -1.101130 0.309567 0.117685 0.000954
data -0.309186 0.425536 -1.101130 0.308805 0.102045 0.000954
data -0.309186 0.425918 -1.101130 0.308805 0.098230 0.000954
data -0.309186 0.425918 -1.101130 0.308805 0.094416 0.000954
data -0.309186 0.425918 -1.101130 0.308805 0.094416 0.000954
data -0.309186 0.425918 -1.101130 0.308805 0.086785 0.000954
data -0.309186 0.425918 -1.101130 0.308805 0.086785 0.000954
data -0.309186 0.425918 -1.101130 0.308805 0.082589 0.000954
data -0.309186 0.425918 -1.101130 0.308805 0.082589 0.000954
data -0.309186 0.425918 -1.101130 0.308805 0.073815 0.000954
data -0.309186 0.425918 -1.101130 0.308805 0.067330 0.000572
data -0.309186 0.425918 -1.101130 0.308805 0.064279 0.000572
data -0.309186 0.425918 -1.101130 0.308805 0.064279 0.000572
data -0.309186 0.425918 -1.101130 0.308805 0.053216 0.000954
data -0.309186 0.425918 -1.101130 0.308805 0.053216 0.000954
data -0.309186 0.426299 -1.101130 0.308805 0.049783 0.000954
data -0.309186 0.426299 -1.101130 0.308805 0.044824 0.000954
data -0.309186 0.426299 -1.101130 0.308805 0.041390 0.000954
data -0.309186 0.426299 -1.101130 0.309186 0.037194 0.000954
data -0.309186 0.426299 -1.101130 0.309186 0.033761 0.000954
data -0.309186 0.426299 -1.101130 0.309186 0.030327 0.000954
data -0.309186 0.426299 -1.101130 0.309186 0.030327 0.000954
data -0.309186 0.426681 -1.101130 0.309186 0.021935 0.000954
data -0.309186 0.426681 -1.101130 0.309186 0.021935 0.000954
data -0.309186 0.426681 -1.101130 0.309186 0.015068 0.000954
data -0.309186 0.427062 -1.101130 0.308805 0.015068 0.000954
data -0.309186 0.427062 -1.101130 0.309186 0.008965 0.000572
data -0.309186 0.427444 -1.101130 0.308805 0.005913 0.000954
data -0.309186 0.427444 -1.101130 0.308805 0.005913 0.000954
data -0.309186 0.427444 -1.101130 0.308805 0.005913 0.000954
data -0.309186 0.427825 -1.101130 0.308805 -0.002098 0.000954
data -0.309186 0.427825 -1.101130 0.308805 -0.007820 0.000954
data -0.309186 0.427825 -1.101130 0.308805 -0.007820 0.000954
data -0.309186 0.428206 -1.101130 0.308805 -0.011635 0.000572
data -0.309186 0.428206 -1.101130 0.308805 -0.016975 0.000954
data -0.309186 0.428588 -1.101130 0.308805 -0.016975 0.000954
data -0.309186 0.428588 -1.101130 0.308805 -0.022697 0.000954
data -0.309186 0.428969 -1.101130 0.308805 -0.028801 0.000954
data -0.309186 0.428969 -1.101130 0.308805 -0.028801 0.000954
data -0.309186 0.429351 -1.101130 0.308805 -0.030708 0.000954
data -0.309186 0.429351 -1.101130 0.308805 -0.034905 0.000954
data -0.309186 0.429732 -1.101130 0.308805 -0.037194 0.000572
data -0.309186 0.429732 -1.101130 0.308805 -0.037194 0.000572
data -0.309186 0.430114 -1.101130 0.308805 -0.042535 0.000954
data -0.309186 0.430114 -1.101130 0.308805 -0.042535 0.000954
data -0.309186 0.430114 -1.101130 0.308805 -0.042535 0.000954
data -0.309186 0.430495 -1.101130 0.308805 -0.042535 0.000954
data -0.309186 0.430877 -1.101130 0.308805 -0.053216 0.000954
data -0.309186 0.431258 -1.101130 0.308805 -0.053216 0.000954
data -0.309186 0.431258 -1.101130 0.308805 -0.058175 0.000954
data -0.309186 0.431640 -1.101130 0.308423 -0.060464 0.000954
data -0.309186 0.431640 -1.101130 0.308805 -0.063134 0.000954
data -0.309186 0.431640 -1.101130 0.308805 -0.063134 0.000954
data -0.309186 0.432403 -1.101130 0.308805 -0.067330 0.000954
data -0.309186 0.432784 -1.101130 0.308805 -0.071527 0.000954
data -0.309186 0.432784 -1.101130 0.308805 -0.073815 0.000954
data -0.309186 0.433166 -1.101130 0.308805 -0.076104 0.000954
data -0.309186 0.433547 -1.101130 0.308805 -0.078012 0.000954
data -0.309186 0.433928 -1.101130 0.308805 -0.081063 0.000954
data -0.309186 0.434310 -1.101130 0.308805 -0.084496 0.000954
data -0.309186 0.434310 -1.101130 0.308805 -0.084496 0.000954
data -0.309186 0.435073 -1.101130 0.308805 -0.084496 0.000954
data -0.309186 0.435073 -1.101130 0.308805 -0.089456 0.000954
data -0.309186 0.435454 -1.101130 0.308805 -0.091744 0.000954
data -0.309186 0.435836 -1.101130 0.308805 -0.094034 0.000954
data -0.309186 0.436217 -1.101130 0.308805 -0.096323 0.000572
data -0.309186 0.436599 -1.101130 0.308423 -0.098230 0.000954
data -0.309186 0.436980 -1.101130 0.308423 -0.099756 0.000954
data -0.309186 0.436980 -1.101130 0.308423 -0.099756 0.000954
data -0.309186 0.437743 -1.101130 0.308423 -0.099756 0.000954
data -0.309186 0.438125 -1.101130 0.308423 -0.106241 0.000954
data -0.309186 0.438506 -1.101130 0.308423 -0.108149 0.000954
data -0.309186 0.438888 -1.101130 0.308423 -0.110056 0.000954
data -0.309186 0.439269 -1.101130 0.308423 -0.111582 0.000954
data -0.309186 0.439651 -1.101130 0.308805 -0.113489 0.000954
data -0.309186 0.440032 -1.101130 0.308805 -0.113489 0.000954
data -0.309186 0.440032 -1.101130 0.308805 -0.115396 0.000954
data -0.309186 0.440413 -1.101130 0.308805 -0.118830 0.000954
data -0.309186 0.441176 -1.101130 0.308805 -0.121119 0.000572
data -0.309186 0.441558 -1.101130 0.308423 -0.123026 0.000954
data -0.309186 0.441939 -1.101130 0.308423 -0.124933 0.000954
data -0.309186 0.442321 -1.101130 0.308423 -0.126841 0.000954
data -0.309186 0.442702 -1.101130 0.308423 -0.128748 0.000954
data -0.309186 0.442702 -1.101130 0.308423 -0.128748 0.000954
data -0.309186 0.443465 -1.101130 0.308423 -0.128748 0.000954
data -0.309186 0.443847 -1.101130 0.308423 -0.128748 0.000954
data -0.309186 0.444228 -1.101130 0.308423 -0.136377 0.000954
data -0.309186 0.444228 -1.101130 0.308423 -0.136377 0.000954
data -0.309186 0.444991 -1.101130 0.308805 -0.138666 0.000954
data -0.309186 0.445373 -1.101130 0.308805 -0.140955 0.000954
data -0.309186 0.445754 -1.101130 0.308805 -0.142862 0.000954
data -0.309186 0.445754 -1.101130 0.308805 -0.142862 0.000954
data -0.309186 0.446898 -1.101130 0.308805 -0.146296 0.000954
data -0.309186 0.447661 -1.101130 0.308805 -0.148584 0.000954
data -0.309186 0.448424 -1.101130 0.308423 -0.150110 0.000954
data -0.309186 0.448806 -1.101130 0.308423 -0.152018 0.000954
data -0.309186 0.449569 -1.101130 0.308423 -0.152018 0.000954
data -0.309186 0.449569 -1.101130 0.308423 -0.153543 0.000954
data -0.309186 0.450713 -1.101130 0.308042 -0.156978 0.000572
data -0.309186 0.451476 -1.101130 0.308042 -0.159266 0.000954
data -0.309186 0.451476 -1.101130 0.308042 -0.159266 0.000954
data -0.309186 0.452239 -1.101130 0.308042 -0.161174 0.000954
data -0.309186 0.452621 -1.101130 0.308042 -0.162700 0.000954
data -0.309186 0.453383 -1.101130 0.308042 -0.162700 0.000954
data -0.309186 0.453765 -1.101130 0.308042 -0.165370 0.000954
data -0.309186 0.454146 -1.101130 0.308042 -0.166896 0.000954
data -0.309186 0.454909 -1.101130 0.308042 -0.168422 0.000954
data -0.309186 0.456054 -1.101130 0.308423 -0.168422 0.000954
data -0.309186 0.456054 -1.101130 0.308423 -0.171092 0.000954
data -0.309186 0.456817 -1.101130 0.308042 -0.171855 0.000954
data -0.309186 0.457198 -1.101130 0.308042 -0.174144 0.000954
data -0.309186 0.457580 -1.101130 0.308042 -0.175288 0.000954
data -0.309186 0.458343 -1.101130 0.308042 -0.175288 0.000954
data -0.309186 0.458724 -1.101130 0.308042 -0.178340 0.000954
data -0.309186 0.459487 -1.101130 0.308042 -0.178340 0.000954
data -0.309186 0.459487 -1.101130 0.308042 -0.178340 0.000954
data -0.309186 0.459487 -1.101130 0.308423 -0.182155 0.000954
data -0.309186 0.460631 -1.101130 0.308042 -0.182918 0.000954
data -0.309186 0.461394 -1.101130 0.308423 -0.185588 0.000954
data -0.309186 0.461776 -1.101130 0.308423 -0.185588 0.000954
data -0.309186 0.462157 -1.101130 0.308423 -0.187877 0.000954
data -0.309186 0.462920 -1.101130 0.308423 -0.188640 0.000954
data -0.309186 0.464065 -1.101130 0.308423 -0.191310 0.000954
data -0.309186 0.464065 -1.101130 0.308423 -0.191310 0.000954
data -0.309186 0.464065 -1.101130 0.308423 -0.191310 0.000954
data -0.309186 0.465590 -1.101130 0.308042 -0.193980 0.000954
data -0.309186 0.466353 -1.101130 0.308042 -0.195125 0.000954
data -0.309186 0.467116 -1.101130 0.308042 -0.195125 0.000954
data -0.309186 0.467116 -1.101130 0.308042 -0.196269 0.000954
data -0.309186 0.468261 -1.101130 0.308042 -0.197795 0.000954
data -0.309186 0.469025 -1.101130 0.308042 -0.199321 0.000954
data -0.309186 0.469025 -1.101130 0.308042 -0.199321 0.000954
data -0.309186 0.469025 -1.101130 0.308042 -0.199321 0.000954
data -0.309186 0.471695 -1.101130 0.308042 -0.203135 0.000954
data -0.309186 0.472076 -1.101130 0.308042 -0.204661 0.000954
data -0.309186 0.472839 -1.101130 0.308042 -0.205806 0.000572
data -0.309186 0.473221 -1.101130 0.308042 -0.206569 0.000954
data -0.309186 0.473221 -1.101130 0.308042 -0.206569 0.000954
data -0.309186 0.475128 -1.101130 0.308042 -0.209239 0.000954
data -0.309186 0.475510 -1.101130 0.308042 -0.210765 0.000954
data -0.309186 0.475891 -1.101130 0.308042 -0.211528 0.000954
data -0.309186 0.476654 -1.101130 0.308042 -0.212291 0.000954
data -0.309186 0.477036 -1.101130 0.308423 -0.213435 0.000954
data -0.309186 0.477417 -1.101130 0.308423 -0.214198 0.000954
data -0.309186 0.478180 -1.101130 0.308423 -0.214961 0.000954
data -0.309186 0.478180 -1.101130 0.308423 -0.214961 0.000954
data -0.309186 0.479706 -1.101130 0.308423 -0.214961 0.000954
data -0.309186 0.480469 -1.101130 0.308423 -0.216868 0.000954
data -0.309186 0.481232 -1.101130 0.308423 -0.218013 0.000954
data -0.309186 0.481995 -1.101130 0.308423 -0.219540 0.000954
data -0.309186 0.482376 -1.101130 0.308423 -0.219921 0.000954
data -0.309186 0.483521 -1.101130 0.308042 -0.221447 0.000954
data -0.309186 0.484283 -1.101130 0.308042 -0.222591 0.000954
data -0.309186 0.484283 -1.101130 0.308042 -0.222591 0.000954
data -0.309186 0.485809 -1.101130 0.308042 -0.222591 0.000954
data -0.309186 0.486191 -1.101130 0.307660 -0.224499 0.000954
data -0.309186 0.486954 -1.101130 0.307660 -0.225262 0.000954
data -0.309186 0.488098 -1.101130 0.307660 -0.226406 0.000954
data -0.309186 0.488480 -1.101130 0.307660 -0.227169 0.000954
data -0.309186 0.489624 -1.101130 0.307660 -0.227169 0.000954
data -0.309186 0.490005 -1.101130 0.307660 -0.228695 0.000954
data -0.309186 0.491531 -1.101130 0.307660 -0.228695 0.000954
data -0.309186 0.491531 -1.101130 0.307279 -0.230602 0.000954
data -0.309186 0.491531 -1.101130 0.307279 -0.230602 0.000954
data -0.309186 0.492676 -1.101130 0.307660 -0.232128 0.000954
data -0.309186 0.493439 -1.101130 0.307660 -0.232891 0.000954
data -0.309186 0.493820 -1.101130 0.307660 -0.232891 0.000954
data -0.309186 0.494583 -1.101130 0.308042 -0.233654 0.000954
data -0.309186 0.494965 -1.101130 0.308042 -0.235561 0.000954
data -0.309186 0.494965 -1.101130 0.308042 -0.235561 0.000954
data -0.309186 0.496490 -1.101130 0.308042 -0.237087 0.000572
data -0.309186 0.497253 -1.101130 0.308042 -0.238232 0.000954
data -0.309186 0.497635 -1.101130 0.308042 -0.238613 0.000954
data -0.309186 0.498398 -1.101130 0.308042 -0.239376 0.000954
data -0.309186 0.499161 -1.101130 0.308042 -0.239376 0.000954
data -0.309186 0.499924 -1.101130 0.308042 -0.240902 0.000954
data -0.309186 0.500687 -1.101130 0.308042 -0.241665 0.000954
data -0.309186 0.502213 -1.101130 0.308042 -0.242809 0.000572
data -0.309186 0.503357 -1.101130 0.307660 -0.242809 0.000572
data -0.309186 0.504120 -1.101130 0.307660 -0.243572 0.000954
data -0.309186 0.504883 -1.101130 0.307660 -0.244335 0.000954
data -0.309186 0.505646 -1.101130 0.307660 -0.245098 0.000954
data -0.309186 0.506409 -1.101130 0.307660 -0.245861 0.000954
data -0.309186 0.507553 -1.101130 0.307279 -0.246624 0.000954
data -0.309186 0.508698 -1.101130 0.307279 -0.247768 0.000954
data -0.309186 0.509079 -1.101130 0.307279 -0.248150 0.000954
data -0.309186 0.509842 -1.101130 0.307279 -0.248531 0.000572
data -0.309186 0.510605 -1.101130 0.307279 -0.248913 0.000954
data -0.309186 0.510986 -1.101130 0.307660 -0.248913 0.000954
data -0.309186 0.511749 -1.101130 0.307660 -0.250057 0.000954
data -0.309186 0.512512 -1.101130 0.307660 -0.250820 0.000954
data -0.309186 0.512512 -1.101130 0.307660 -0.250820 0.000954
data -0.309186 0.512512 -1.101130 0.307660 -0.250820 0.000954
data -0.309186 0.514801 -1.101130 0.307660 -0.252346 0.000954
data -0.309186 0.514801 -1.101130 0.307660 -0.252346 0.000954
data -0.309186 0.514801 -1.101130 0.307660 -0.252346 0.000954
data -0.309186 0.517090 -1.101130 0.307660 -0.254635 0.000954
data -0.309186 0.517853 -1.101130 0.307279 -0.255398 0.000954
data -0.309186 0.518616 -1.101130 0.307279 -0.256161 0.000954
data -0.309186 0.520142 -1.101130 0.307279 -0.256161 0.000954
data -0.309186 0.520905 -1.101130 0.307279 -0.257305 0.000954
data -0.309186 0.521667 -1.101130 0.306897 -0.257687 0.000954
data -0.309186 0.522430 -1.101130 0.306897 -0.258450 0.000954
data -0.309186 0.523193 -1.101130 0.306897 -0.258450 0.000954
data -0.309186 0.523956 -1.101130 0.306516 -0.259212 0.000954
data -0.309186 0.524719 -1.101130 0.306516 -0.259975 0.000954
data -0.309186 0.525864 -1.101130 0.306134 -0.260357 0.000572
data -0.309186 0.525864 -1.101130 0.306134 -0.260357 0.000572
data -0.309186 0.527008 -1.101130 0.306134 -0.260738 0.000572
data -0.309186 0.527008 -1.101130 0.306134 -0.260738 0.000572
data -0.309186 0.528534 -1.101130 0.306134 -0.260738 0.000572
data -0.309186 0.529297 -1.101130 0.306134 -0.262264 0.000572
data -0.309186 0.529297 -1.101130 0.306134 -0.262264 0.000572
data -0.309186 0.530441 -1.101130 0.305753 -0.263027 0.000954
data -0.309186 0.530441 -1.101130 0.305753 -0.263027 0.000954
data -0.309186 0.532350 -1.101130 0.305753 -0.263027 0.000954
data -0.309186 0.533494 -1.101130 0.304990 -0.264172 0.000954
data -0.309186 0.534257 -1.101130 0.304990 -0.264553 0.000954
data -0.309186 0.535020 -1.101130 0.304608 -0.264553 0.000954
data -0.309186 0.535020 -1.101130 0.304608 -0.264935 0.000954
data -0.309186 0.536546 -1.101130 0.304608 -0.264935 0.000954
data -0.309186 0.537690 -1.101130 0.304227 -0.265697 0.000954
data -0.309186 0.537690 -1.101130 0.304227 -0.265697 0.000572
data -0.309186 0.539216 -1.101130 0.303464 -0.266079 0.000954
data -0.309186 0.540360 -1.101130 0.303082 -0.266079 0.000572
data -0.309186 0.541505 -1.101130 0.302701 -0.266079 0.000572
data -0.309186 0.541886 -1.101130 0.302320 -0.266460 0.000954
data -0.309186 0.542649 -1.101130 0.301938 -0.266460 0.000954
data -0.309186 0.544175 -1.101130 0.301175 -0.266460 0.000954
data -0.309186 0.544175 -1.101130 0.301175 -0.266460 0.000954
data -0.309186 0.544175 -1.101130 0.301175 -0.266460 0.000954
data -0.309186 0.546464 -1.101130 0.300412 -0.266842 0.000954
data -0.309186 0.547227 -1.101130 0.300031 -0.266842 0.000954
data -0.309186 0.547990 -1.101130 0.299649 -0.266842 0.000954
data -0.309186 0.549134 -1.101130 0.299649 -0.266842 0.000954
data -0.309186 0.549516 -1.101130 0.298886 -0.266842 0.000954
data -0.309186 0.550660 -1.101130 0.298123 -0.266842 0.000954
data -0.309186 0.550660 -1.101130 0.298123 -0.266842 0.000954
data -0.309186 0.552186 -1.101130 0.297360 -0.266842 0.000954
data -0.309186 0.553330 -1.101130 0.296597 -0.266842 0.000954
data -0.309186 0.554475 -1.101130 0.295453 -0.266842 0.000954
data -0.309186 0.555238 -1.101130 0.294690 -0.266842 0.000954
data -0.309186 0.556001 -1.101130 0.294309 -0.266842 0.000954
data -0.309186 0.557145 -1.101130 0.293546 -0.266842 0.000954
data -0.309186 0.557908 -1.101130 0.292783 -0.266842 0.000954
data -0.309186 0.557908 -1.101130 0.292783 -0.266842 0.000954
data -0.309186 0.559815 -1.101130 0.292783 -0.266842 0.000954
data -0.309186 0.560578 -1.101130 0.290875 -0.266842 0.000954
data -0.309186 0.561341 -1.101130 0.290494 -0.266842 0.000954
data -0.309186 0.562486 -1.101130 0.290494 -0.266842 0.000954
data -0.309186 0.562867 -1.101130 0.289350 -0.266842 0.000954
data -0.309186 0.564012 -1.101130 0.289350 -0.266842 0.000954
data -0.309186 0.564775 -1.101130 0.288587 -0.266842 0.000954
data -0.309186 0.565919 -1.101130 0.287824 -0.266842 0.000572
data -0.309186 0.565919 -1.101130 0.287824 -0.266842 0.000572
data -0.309186 0.567063 -1.101130 0.287824 -0.266842 0.000572
data -0.309186 0.568208 -1.101130 0.287442 -0.266842 0.000954
data -0.309186 0.568971 -1.101130 0.286298 -0.266842 0.000572
data -0.309186 0.569734 -1.101130 0.285916 -0.266842 0.000954
data -0.309186 0.570878 -1.101130 0.285535 -0.266842 0.000572
data -0.309186 0.570878 -1.101130 0.285535 -0.266842 0.000572
data -0.309186 0.570878 -1.101130 0.285535 -0.266842 0.000572
data -0.309186 0.572785 -1.101130 0.285535 -0.266842 0.000572
data -0.309186 0.573930 -1.101130 0.284390 -0.266842 0.000954
data -0.309186 0.574693 -1.101130 0.284390 -0.266842 0.000954
data -0.309186 0.575074 -1.101130 0.284390 -0.266460 0.000572
data -0.309186 0.575074 -1.101130 0.284390 -0.266460 0.000572
data -0.309186 0.576600 -1.101130 0.284390 -0.266842 0.000954
data -0.309186 0.578126 -1.101130 0.284390 -0.266842 0.000954
data -0.309567 0.578889 -1.101130 0.284390 -0.266842 0.000954
data -0.309567 0.578889 -1.101130 0.284390 -0.266842 0.000954
data -0.309567 0.580796 -1.101130 0.284390 -0.266842 0.000954
data -0.309567 0.581559 -1.101130 0.284390 -0.266842 0.000954
data -0.309567 0.581941 -1.101130 0.284390 -0.267223 0.000954
data -0.309567 0.583085 -1.101130 0.284390 -0.267223 0.000954
data -0.309567 0.584611 -1.101130 0.284390 -0.266842 0.000954
data -0.309567 0.584611 -1.101130 0.284390 -0.266842 0.000954
data -0.309567 0.585374 -1.101130 0.284390 -0.266842 0.000954
data -0.309567 0.586137 -1.101130 0.284390 -0.266842 0.000954
data -0.309567 0.587281 -1.101130 0.284390 -0.266842 0.000954
data -0.309567 0.587663 -1.101130 0.284390 -0.266842 0.000954
data -0.309567 0.588807 -1.101130 0.284390 -0.266842 0.000954
data -0.309567 0.589189 -1.101130 0.284390 -0.266842 0.000954
data -0.309567 0.589952 -1.101130 0.284390 -0.266842 0.000954
data -0.309567 0.589952 -1.101130 0.284390 -0.266842 0.000954
data -0.309567 0.589952 -1.101130 0.284390 -0.266842 0.000954
data -0.309567 0.591859 -1.101130 0.284772 -0.266842 0.000954
data -0.309567 0.592622 -1.101130 0.284772 -0.266842 0.000954
data -0.309567 0.593385 -1.101130 0.284772 -0.266842 0.000572
data -0.309567 0.594149 -1.101130 0.284772 -0.267223 0.000954
data -0.309567 0.594530 -1.101130 0.284772 -0.267223 0.000954
data -0.309567 0.594530 -1.101130 0.284772 -0.267223 0.000954
data -0.309567 0.594530 -1.101130 0.284772 -0.267223 0.000954
data -0.309567 0.597200 -1.101130 0.284772 -0.267223 0.000954
data -0.309567 0.597963 -1.101130 0.284772 -0.267223 0.000954
data -0.309567 0.598345 -1.101130 0.284772 -0.267223 0.000954
data -0.309567 0.599108 -1.101130 0.284772 -0.267223 0.000954
data -0.309567 0.599871 -1.101130 0.284772 -0.267223 0.000954
data -0.309567 0.600634 -1.101130 0.284772 -0.267223 0.000954
data -0.309567 0.602541 -1.101130 0.284772 -0.267223 0.000954
data -0.309567 0.602541 -1.101130 0.284772 -0.266842 0.000954
data -0.309567 0.602541 -1.101130 0.284772 -0.266842 0.000954
data -0.309567 0.604067 -1.101130 0.284772 -0.266842 0.000954
data -0.309567 0.604067 -1.101130 0.284772 -0.266842 0.000954
data -0.309567 0.605211 -1.101130 0.284390 -0.267223 0.000954
data -0.309567 0.605974 -1.101130 0.284390 -0.267223 0.000954
data -0.309567 0.606356 -1.101130 0.284390 -0.267223 0.000954
data -0.309567 0.606356 -1.101130 0.284390 -0.267223 0.000954
data -0.309567 0.607500 -1.101130 0.284390 -0.267223 0.000954
data -0.309567 0.608263 -1.101130 0.284390 -0.267223 0.000954
data -0.309567 0.608644 -1.101130 0.284390 -0.267223 0.000954
data -0.309567 0.609026 -1.101130 0.284390 -0.267223 0.000954
data -0.309567 0.609789 -1.101130 0.284772 -0.267223 0.000954
data -0.309567 0.610552 -1.101130 0.284772 -0.267223 0.000954
data -0.309567 0.610933 -1.101130 0.284772 -0.267223 0.000954
data -0.309567 0.611315 -1.101130 0.284772 -0.267223 0.000954
data -0.309567 0.612078 -1.101130 0.284772 -0.267223 0.000954
data -0.309567 0.612078 -1.101130 0.284772 -0.267223 0.000954
data -0.309567 0.613604 -1.101130 0.284772 -0.267223 0.000954
data -0.309567 0.614367 -1.101130 0.284390 -0.267223 0.000954
data -0.309567 0.614748 -1.101130 0.284009 -0.266842 0.000954
data -0.309567 0.615511 -1.101130 0.284009 -0.266842 0.000954
data -0.309567 0.615892 -1.101130 0.284009 -0.266842 0.000954
data -0.309567 0.616655 -1.101130 0.283628 -0.266842 0.000954
data -0.309567 0.617800 -1.101130 0.283628 -0.266842 0.000954
data -0.309567 0.618181 -1.101130 0.283246 -0.266842 0.000954
data -0.309567 0.618563 -1.101130 0.283246 -0.266842 0.000954
data -0.309567 0.618944 -1.101130 0.282865 -0.266842 0.000954
data -0.309567 0.619707 -1.101130 0.282865 -0.266842 0.000954
data -0.309567 0.619707 -1.101130 0.282865 -0.266842 0.000954
data -0.309567 0.620470 -1.101130 0.282102 -0.266842 0.000954
data -0.309567 0.620470 -1.101130 0.282102 -0.266842 0.000954
data -0.309567 0.621233 -1.101130 0.281339 -0.267223 0.000954
data -0.309567 0.621996 -1.101130 0.281339 -0.266842 0.000954
data -0.309567 0.622377 -1.101130 0.280956 -0.266842 0.000954
data -0.309567 0.622377 -1.101130 0.280956 -0.266842 0.000954
data -0.309567 0.622759 -1.101130 0.280575 -0.267223 0.000954
data -0.309567 0.623140 -1.101130 0.280193 -0.267223 0.000954
data -0.309567 0.623140 -1.101130 0.280193 -0.267223 0.000954
data -0.309567 0.623903 -1.101130 0.279430 -0.267223 0.000954
data -0.309567 0.624285 -1.101130 0.279049 -0.267223 0.000954
data -0.309567 0.624666 -1.101130 0.278667 -0.267223 0.000954
data -0.309567 0.625048 -1.101130 0.277905 -0.267223 0.000572
data -0.309567 0.625429 -1.101130 0.277523 -0.267223 0.000572
data -0.309567 0.625811 -1.101130 0.277142 -0.267223 0.000954
data -0.309567 0.626192 -1.101130 0.276760 -0.267223 0.000954
data -0.309567 0.626192 -1.101130 0.276760 -0.267223 0.000954
data -0.309567 0.626955 -1.101130 0.275616 -0.267223 0.000954
data -0.309567 0.627718 -1.101130 0.274853 -0.267223 0.000954
data -0.309567 0.628099 -1.101130 0.273708 -0.267223 0.000954
data -0.309567 0.628481 -1.101130 0.273708 -0.267223 0.000954
data -0.309186 0.628862 -1.101130 0.272564 -0.267223 0.000954
data -0.309186 0.629244 -1.101130 0.271420 -0.267223 0.000954
data -0.309186 0.629244 -1.101130 0.271420 -0.267223 0.000954
data -0.309186 0.629244 -1.101130 0.271420 -0.267223 0.000954
data -0.309186 0.630388 -1.101130 0.268749 -0.267605 0.000954
data -0.309186 0.630388 -1.101130 0.268749 -0.267605 0.000954
data -0.309186 0.631151 -1.101130 0.266460 -0.267605 0.000954
data -0.309186 0.631533 -1.101130 0.265697 -0.267605 0.000954
data -0.309186 0.631914 -1.101130 0.264553 -0.267605 0.000954
data -0.309186 0.632296 -1.101130 0.263409 -0.267986 0.000954
data -0.309186 0.633059 -1.101130 0.261883 -0.267986 0.000954
data -0.309186 0.633440 -1.101130 0.261883 -0.267986 0.000954
data -0.309186 0.633440 -1.101130 0.259975 -0.268368 0.000954
data -0.309186 0.633821 -1.101130 0.258831 -0.268749 0.000954
data -0.309186 0.633821 -1.101130 0.257305 -0.269131 0.000954
data -0.309186 0.634203 -1.101130 0.256161 -0.269131 0.000954
data -0.309186 0.634203 -1.101130 0.255398 -0.269512 0.000954
data -0.309186 0.634203 -1.101130 0.255398 -0.269512 0.000954
data -0.309186 0.634203 -1.101130 0.255398 -0.269512 0.000954
data -0.309186 0.634203 -1.101130 0.255398 -0.269512 0.000954
data -0.309186 0.635347 -1.101130 0.250057 -0.271038 0.000954
data -0.309186 0.635347 -1.101130 0.248913 -0.271420 0.000954
data -0.309186 0.635729 -1.101130 0.247387 -0.272182 0.000954
data -0.309186 0.635729 -1.101130 0.245861 -0.272564 0.000954
data -0.309186 0.635729 -1.101130 0.244717 -0.273327 0.000954
data -0.309186 0.636110 -1.101130 0.243191 -0.273708 0.000954
data -0.309186 0.636110 -1.101130 0.243191 -0.273708 0.000954
data -0.309186 0.636110 -1.101130 0.243191 -0.273708 0.000954
data -0.309186 0.636492 -1.101130 0.238613 -0.275234 0.000954
data -0.309186 0.636873 -1.101130 0.236706 -0.276760 0.000954
data -0.309186 0.636873 -1.101130 0.235561 -0.277142 0.000954
data -0.309186 0.636873 -1.101130 0.234035 -0.277905 0.000954
data -0.308805 0.636873 -1.101130 0.232891 -0.278667 0.000954
data -0.308805 0.636873 -1.101130 0.232891 -0.278667 0.000954
data -0.308805 0.636873 -1.101130 0.232891 -0.278667 0.000954
data -0.308423 0.637255 -1.101130 0.228695 -0.280956 0.000954
data -0.308423 0.637255 -1.101130 0.225643 -0.282483 0.000572
data -0.308042 0.637255 -1.101130 0.225643 -0.282483 0.000572
data -0.308042 0.637255 -1.101130 0.222973 -0.284390 0.000954
data -0.307660 0.637255 -1.101130 0.222973 -0.284390 0.000954
data -0.307660 0.637255 -1.101130 0.219921 -0.285916 0.000954
data -0.307660 0.637255 -1.101130 0.219921 -0.285916 0.000954
data -0.306897 0.637255 -1.101130 0.215343 -0.288968 0.000954
data -0.306516 0.637255 -1.101130 0.213817 -0.289731 0.000954
data -0.306516 0.637255 -1.101130 0.211909 -0.290494 0.000954
data -0.306134 0.637255 -1.101130 0.210383 -0.291257 0.000954
data -0.306134 0.637255 -1.101130 0.208858 -0.292020 0.000954
data -0.305753 0.637255 -1.101130 0.208858 -0.292020 0.000954
data -0.304990 0.637255 -1.101130 0.206950 -0.293164 0.000954
data -0.304990 0.637255 -1.101130 0.203898 -0.295072 0.000954
data -0.304608 0.637255 -1.101130 0.201991 -0.296216 0.000954
data -0.304227 0.637255 -1.101130 0.200084 -0.297742 0.000954
data -0.304227 0.637255 -1.101130 0.198558 -0.298505 0.000954
data -0.303845 0.637255 -1.101130 0.196269 -0.300031 0.000954
data -0.303845 0.637255 -1.101130 0.196269 -0.300031 0.000954
data -0.303464 0.637255 -1.101130 0.193217 -0.301175 0.000954
data -0.302701 0.637255 -1.101130 0.189403 -0.301175 0.000954
data -0.302701 0.637255 -1.101130 0.189403 -0.304990 0.000954
data -0.302320 0.637255 -1.101130 0.186351 -0.306516 0.000954
data -0.301938 0.637255 -1.101130 0.184062 -0.308423 0.000954
data -0.301938 0.637255 -1.101130 0.182155 -0.309949 0.000954
data -0.301557 0.637255 -1.101130 0.180247 -0.311475 0.000572
data -0.301557 0.637255 -1.101130 0.178721 -0.313382 0.000954
data -0.300794 0.637255 -1.101130 0.178721 -0.313382 0.000954
data -0.300412 0.637255 -1.101130 0.174144 -0.317578 0.000954
data -0.300031 0.637255 -1.101130 0.171092 -0.320249 0.000572
data -0.299649 0.637255 -1.101130 0.171092 -0.320249 0.000572
data -0.299649 0.637255 -1.100748 0.166896 -0.324445 0.000954
data -0.299268 0.636873 -1.100748 0.164607 -0.326734 0.000954
data -0.298886 0.636873 -1.100748 0.161937 -0.329404 0.000954
data -0.298505 0.636873 -1.100748 0.161937 -0.329404 0.000954
data -0.298123 0.636873 -1.100748 0.156978 -0.335126 0.000954
data -0.298123 0.636873 -1.100748 0.156978 -0.335126 0.000954
data -0.297360 0.636873 -1.100748 0.156978 -0.335126 0.000954
data -0.296979 0.636873 -1.100748 0.150873 -0.342755 0.000954
data -0.296979 0.636873 -1.100748 0.150873 -0.342755 0.000954
data -0.296216 0.636873 -1.100748 0.145533 -0.350004 0.000572
data -0.295835 0.636873 -1.100748 0.141718 -0.354963 0.000572
data -0.295453 0.636873 -1.100748 0.141718 -0.354963 0.000572
data -0.295072 0.636492 -1.100748 0.134851 -0.364500 0.000954
data -0.295072 0.636492 -1.100367 0.132944 -0.367170 0.000954
data -0.294690 0.636492 -1.100367 0.132944 -0.367170 0.000954
data -0.294309 0.636492 -1.100367 0.127222 -0.372129 0.000954
data -0.293927 0.636492 -1.100367 0.124933 -0.380522 0.000572
data -0.293546 0.636492 -1.100367 0.122263 -0.385099 0.000572
data -0.293164 0.636492 -1.100367 0.119211 -0.390440 0.000572
data -0.292783 0.636110 -1.100367 0.116922 -0.395018 0.000572
data -0.292401 0.636110 -1.100367 0.114252 -0.399595 0.000954
data -0.292401 0.636110 -1.100367 0.114252 -0.399595 0.000954
data -0.291638 0.636110 -1.099985 0.109674 -0.408370 0.000954
data -0.291257 0.635729 -1.099985 0.105860 -0.416381 0.000954
data -0.290875 0.635729 -1.099985 0.103189 -0.422484 0.000572
data -0.290494 0.635347 -1.099985 0.100901 -0.428206 0.000572
data -0.290112 0.635347 -1.099985 0.098612 -0.433928 0.000572
data -0.290112 0.635347 -1.099985 0.098612 -0.433928 0.000572
data -0.289731 0.634584 -1.099985 0.091744 -0.433928 0.000572
data -0.289350 0.634584 -1.099985 0.091744 -0.451858 0.000954
data -0.289350 0.634584 -1.099985 0.091744 -0.451858 0.000954
data -0.288587 0.634203 -1.099604 0.085259 -0.469025 0.000954
data -0.288587 0.633821 -1.099604 0.082589 -0.476273 0.000954
data -0.288205 0.633821 -1.099604 0.080300 -0.482758 0.000954
data -0.287824 0.633821 -1.099604 0.078012 -0.489243 0.000954
data -0.287442 0.633440 -1.099604 0.075341 -0.497635 0.000954
data -0.287061 0.633059 -1.099604 0.075341 -0.497635 0.000954
data -0.287061 0.632677 -1.099604 0.069619 -0.512512 0.000954
data -0.286679 0.632677 -1.099604 0.069619 -0.516327 0.000572
data -0.286298 0.632677 -1.099604 0.065804 -0.528915 0.000572
data -0.286298 0.632296 -1.099604 0.063516 -0.537309 0.000954
data -0.285916 0.632296 -1.099604 0.061990 -0.544557 0.000954
data -0.285535 0.632296 -1.099604 0.059701 -0.552949 0.000954
data -0.285153 0.631914 -1.099604 0.056268 -0.566300 0.000954
data -0.285153 0.631914 -1.099604 0.056268 -0.566300 0.000954
data -0.284772 0.631533 -1.099604 0.056268 -0.566300 0.000954
data -0.284772 0.631533 -1.099604 0.056268 -0.566300 0.000954
data -0.284772 0.631533 -1.099604 0.053979 -0.576219 0.000954
data -0.283628 0.630770 -1.099604 0.046731 -0.609026 0.000572
data -0.283246 0.630388 -1.099604 0.044824 -0.618563 0.000572
data -0.282865 0.630388 -1.099604 0.043298 -0.628099 0.000572
data -0.282865 0.630388 -1.099604 0.043298 -0.628099 0.000572
data -0.282102 0.630007 -1.099604 0.038339 -0.647554 0.000572
data -0.281720 0.629625 -1.099604 0.036813 -0.662433 0.000572
data -0.281339 0.629244 -1.099222 0.034524 -0.673877 0.000572
data -0.280956 0.628862 -1.099222 0.032617 -0.684176 0.000572
data -0.280956 0.628862 -1.099222 0.032617 -0.684176 0.000572
data -0.280575 0.628481 -1.099222 0.029564 -0.700198 0.000572
data -0.280193 0.628099 -1.099222 0.029564 -0.700198 0.000572
data -0.279430 0.628099 -1.099222 0.026894 -0.715457 0.000572
data -0.279430 0.627718 -1.099222 0.023079 -0.737583 0.000572
data -0.279049 0.627718 -1.099222 0.021935 -0.737583 0.000572
data -0.278667 0.627337 -1.099222 0.019646 -0.758183 0.000572
data -0.278286 0.626955 -1.099222 0.018120 -0.769627 0.000572
data -0.277905 0.626574 -1.099222 0.016212 -0.781453 0.000572
data -0.277142 0.626574 -1.099222 0.014305 -0.793279 0.000572
data -0.276760 0.626192 -1.099222 0.012398 -0.805104 0.000572
data -0.276379 0.625811 -1.099222 0.008965 -0.825322 0.000572
data -0.275997 0.625429 -1.099222 0.006676 -0.838292 0.000954
data -0.275616 0.625048 -1.099222 0.004768 -0.849737 0.000954
data -0.274853 0.625048 -1.099222 0.002480 -0.849737 0.000954
data -0.274853 0.624666 -1.099222 0.000954 -0.871099 0.000572
data -0.274471 0.624666 -1.099222 -0.000954 -0.882162 0.000572
data -0.273708 0.624666 -1.099222 -0.000954 -0.882162 0.000572
data -0.272945 0.623522 -1.099222 -0.006294 -0.916114 0.000572
data -0.272564 0.623140 -1.099222 -0.008583 -0.930228 0.000572
data -0.272564 0.623140 -1.099222 -0.008583 -0.930228 0.000572
data -0.272564 0.623140 -1.099222 -0.008583 -0.930228 0.000572
data -0.272564 0.623140 -1.099222 -0.008583 -0.930228 0.000572
data -0.271038 0.621996 -1.099222 -0.012779 -0.958076 0.000572
data -0.270657 0.621614 -1.099222 -0.017357 -0.983635 0.000572
data -0.269894 0.621233 -1.099222 -0.017357 -0.983635 0.000572
data -0.269894 0.621233 -1.099222 -0.017357 -0.983635 0.000572
data -0.269131 0.620470 -1.099222 -0.023079 -1.015678 0.000572
data -0.269131 0.620470 -1.099222 -0.023079 -1.015678 0.000572
data -0.268368 0.619707 -1.099222 -0.027275 -1.041619 0.000572
data -0.267605 0.619326 -1.099222 -0.029564 -1.041619 0.000572
data -0.267223 0.618944 -1.099222 -0.030708 -1.065652 0.000572
data -0.266842 0.618563 -1.099222 -0.032617 -1.077859 0.000572
data -0.266842 0.618563 -1.099222 -0.032617 -1.077859 0.000572
data -0.265697 0.617800 -1.099222 -0.032617 -1.077859 0.000572
data -0.265316 0.617418 -1.099222 -0.038339 -1.104181 0.000572
data -0.264935 0.617037 -1.099222 -0.039865 -1.126307 0.000572
data -0.264172 0.616655 -1.099222 -0.041772 -1.137751 0.000572
data -0.263790 0.616274 -1.099222 -0.043679 -1.149958 0.000572
data -0.263409 0.615892 -1.099222 -0.045205 -1.149958 0.000572
data -0.262646 0.615129 -1.099222 -0.045205 -1.161021 0.000572
data -0.262646 0.615129 -1.099222 -0.047494 -1.177806 0.000572
data -0.261883 0.614367 -1.099222 -0.049783 -1.177806 0.000572
data -0.261883 0.614367 -1.099222 -0.049783 -1.204127 0.000572
data -0.260738 0.613222 -1.099222 -0.052453 -1.208323 0.000572
data -0.259975 0.612841 -1.099222 -0.053597 -1.229305 0.000572
data -0.259594 0.612459 -1.099222 -0.054742 -1.239223 0.000954
data -0.259212 0.612078 -1.099222 -0.056268 -1.252575 0.000954
data -0.259212 0.612078 -1.099222 -0.056268 -1.252575 0.000954
data -0.257687 0.610933 -1.099222 -0.058175 -1.252575 0.000954
data -0.257305 0.610933 -1.099222 -0.058938 -1.273937 0.000572
data -0.256924 0.609789 -1.099222 -0.060845 -1.273937 0.000572
data -0.256924 0.609407 -1.099222 -0.061990 -1.308652 0.000954
data -0.256161 0.609026 -1.099222 -0.061990 -1.308652 0.000954
data -0.255779 0.608263 -1.099222 -0.064279 -1.333447 0.000954
data -0.255779 0.608263 -1.099222 -0.064279 -1.333447 0.000954
data -0.254635 0.607119 -1.099222 -0.067330 -1.361296 0.000572
data -0.254253 0.606356 -1.099222 -0.067330 -1.361296 0.000572
data -0.253872 0.606356 -1.099222 -0.068475 -1.371977 0.000572
data -0.253872 0.605211 -1.099222 -0.068475 -1.371977 0.000572
data -0.253109 0.604830 -1.099222 -0.070382 -1.371977 0.000572
data -0.252728 0.604448 -1.099222 -0.072671 -1.413177 0.000954
data -0.252346 0.603685 -1.099222 -0.073815 -1.424239 0.000954
data -0.251583 0.603304 -1.099222 -0.074578 -1.436828 0.000954
data -0.250820 0.601778 -1.099222 -0.076867 -1.459716 0.000954
data -0.250439 0.601397 -1.099222 -0.078393 -1.471924 0.000954
data -0.250057 0.600634 -1.099222 -0.079156 -1.482605 0.000954
data -0.249676 0.599871 -1.099222 -0.080300 -1.493668 0.000954
data -0.249294 0.599871 -1.099222 -0.080300 -1.493668 0.000954
data -0.248913 0.598726 -1.099222 -0.081826 -1.516174 0.000954
data -0.248913 0.598726 -1.099222 -0.081826 -1.516174 0.000954
data -0.247768 0.597582 -1.099222 -0.083734 -1.537538 0.000572
data -0.247387 0.596819 -1.099222 -0.083734 -1.537538 0.000572
data -0.247005 0.596437 -1.099222 -0.084496 -1.552796 0.000954
data -0.246243 0.595293 -1.099222 -0.086404 -1.552796 0.000954
data -0.245861 0.594912 -1.099222 -0.087167 -1.585984 0.000954
data -0.245480 0.594149 -1.099222 -0.088311 -1.597048 0.000954
data -0.245098 0.593767 -1.099222 -0.089074 -1.606585 0.000572
data -0.244717 0.593003 -1.099222 -0.090219 -1.619936 0.000954
data -0.243954 0.591477 -1.099222 -0.090219 -1.619936 0.000954
data -0.243572 0.591096 -1.099222 -0.092507 -1.649691 0.000954
data -0.243572 0.591096 -1.099222 -0.092507 -1.649691 0.000954
data -0.242428 0.589952 -1.099222 -0.094034 -1.666858 0.000954
data -0.242046 0.589189 -1.099222 -0.095560 -1.683261 0.000954
data -0.241665 0.588426 -1.099222 -0.096704 -1.683261 0.000954
data -0.241283 0.588044 -1.099222 -0.097849 -1.703860 0.000954
data -0.241283 0.588044 -1.099222 -0.097849 -1.703860 0.000954
data -0.241283 0.588044 -1.099222 -0.097849 -1.703860 0.000954
data -0.239758 0.585755 -1.099222 -0.097849 -1.703860 0.000954
data -0.239376 0.584992 -1.099222 -0.102808 -1.748875 0.000954
data -0.238995 0.584229 -1.099222 -0.103952 -1.759937 0.000954
data -0.238613 0.583848 -1.099222 -0.104715 -1.759937 0.000954
data -0.238232 0.583467 -1.099222 -0.105860 -1.778248 0.000954
data -0.237850 0.582322 -1.099222 -0.107004 -1.790837 0.000572
data -0.237850 0.582322 -1.099222 -0.107004 -1.790837 0.000572
data -0.236706 0.581178 -1.099222 -0.108912 -1.790837 0.000572
data -0.236324 0.580415 -1.099222 -0.110437 -1.822499 0.000572
data -0.235561 0.579652 -1.099222 -0.111200 -1.832417 0.000572
data -0.235180 0.578889 -1.099222 -0.112345 -1.842717 0.000954
data -0.234798 0.578126 -1.099222 -0.113489 -1.853399 0.000572
data -0.234798 0.578126 -1.099222 -0.113489 -1.853399 0.000572
data -0.233654 0.576982 -1.099222 -0.114634 -1.867132 0.000954
data -0.233654 0.576982 -1.099222 -0.114634 -1.867132 0.000954
data -0.232510 0.575456 -1.099222 -0.117304 -1.888494 0.000954
data -0.232128 0.575074 -1.099222 -0.118067 -1.901464 0.000572
data -0.231747 0.574311 -1.099222 -0.118448 -1.910621 0.000954
data -0.231365 0.573548 -1.099222 -0.119593 -1.919394 0.000954
data -0.230602 0.572785 -1.099222 -0.120737 -1.929694 0.000954
data -0.230221 0.572404 -1.099222 -0.121119 -1.937324 0.000954
data -0.229839 0.571641 -1.099222 -0.122263 -1.946860 0.000954
data -0.229839 0.571641 -1.099222 -0.122263 -1.946860 0.000954
data -0.229076 0.570115 -1.099222 -0.123789 -1.963264 0.000954
data -0.228313 0.569352 -1.099222 -0.124933 -1.974327 0.000572
data -0.227932 0.568589 -1.099222 -0.124933 -1.974327 0.000572
data -0.227169 0.567826 -1.099222 -0.126459 -1.991875 0.000572
data -0.226788 0.567063 -1.099222 -0.126459 -1.991875 0.000572
data -0.226406 0.566300 -1.099222 -0.127985 -2.010185 0.000954
data -0.226406 0.566300 -1.099222 -0.127985 -2.010185 0.000954
data -0.225262 0.564775 -1.099222 -0.129511 -2.025826 0.000572
data -0.224880 0.564393 -1.099222 -0.130274 -2.031930 0.000954
data -0.224117 0.563249 -1.099222 -0.131037 -2.031930 0.000954
data -0.223736 0.562486 -1.099222 -0.131800 -2.051766 0.000954
data -0.223354 0.561723 -1.099222 -0.131800 -2.051766 0.000954
data -0.222973 0.560960 -1.099222 -0.132944 -2.067407 0.000572
data -0.222591 0.560197 -1.099222 -0.133707 -2.075418 0.000954
data -0.221828 0.560197 -1.099222 -0.133707 -2.075418 0.000954
data -0.221066 0.557908 -1.099222 -0.134851 -2.099833 0.000954
data -0.220684 0.557527 -1.099222 -0.135233 -2.106318 0.000954
data -0.219921 0.556382 -1.099222 -0.135614 -2.115473 0.000572
data -0.219540 0.555619 -1.099222 -0.135996 -2.123102 0.000954
data -0.219540 0.555619 -1.099222 -0.135996 -2.123102 0.000954
data -0.219540 0.555619 -1.099222 -0.135996 -2.123102 0.000954
data -0.218394 0.553330 -1.099222 -0.136759 -2.141031 0.000954
data -0.217250 0.551805 -1.099222 -0.136759 -2.141031 0.000954
data -0.217250 0.551805 -1.099222 -0.136759 -2.141031 0.000954
data -0.217250 0.551805 -1.099222 -0.136759 -2.141031 0.000954
data -0.216105 0.549134 -1.099222 -0.137903 -2.166972 0.000954
data -0.215724 0.548753 -1.099222 -0.138666 -2.183375 0.000572
data -0.215343 0.547990 -1.099222 -0.138666 -2.189479 0.000954
data -0.214961 0.546845 -1.099222 -0.138666 -2.196345 0.000954
data -0.214580 0.546845 -1.099222 -0.138666 -2.196345 0.000954
data -0.214580 0.546845 -1.099222 -0.138666 -2.196345 0.000954
data -0.213817 0.544557 -1.099222 -0.139048 -2.214274 0.000954
data -0.213435 0.543031 -1.099222 -0.139429 -2.224575 0.000572
data -0.213054 0.542268 -1.099222 -0.139811 -2.231441 0.000572
data -0.212672 0.541505 -1.099222 -0.139811 -2.237545 0.000954
data -0.212291 0.540360 -1.099222 -0.140192 -2.245174 0.000954
data -0.211909 0.539598 -1.099222 -0.140574 -2.250515 0.000954
data -0.211528 0.537690 -1.099222 -0.140955 -2.263485 0.000954
data -0.211528 0.537690 -1.099222 -0.140955 -2.263485 0.000954
data -0.211146 0.536927 -1.099222 -0.140955 -2.268063 0.000954
data -0.210765 0.535783 -1.099222 -0.141336 -2.268063 0.000954
data -0.210383 0.534638 -1.099222 -0.141336 -2.283322 0.000954
data -0.210383 0.533875 -1.099222 -0.141336 -2.289426 0.000954
data -0.210002 0.533113 -1.099222 -0.141718 -2.294385 0.000954
data -0.210002 0.531968 -1.099222 -0.141718 -2.300107 0.000954
data -0.210002 0.531968 -1.099222 -0.141718 -2.300107 0.000954
data -0.210002 0.531968 -1.099222 -0.141718 -2.300107 0.000954
data -0.209239 0.529297 -1.099222 -0.141718 -2.315366 0.000954
data -0.208858 0.527771 -1.099222 -0.141718 -2.325665 0.000954
data -0.208858 0.526627 -1.099222 -0.141718 -2.331006 0.000954
data -0.208476 0.525864 -1.099222 -0.141336 -2.336728 0.000954
data -0.208476 0.524719 -1.099222 -0.141336 -2.342069 0.000954
data -0.208476 0.523956 -1.099222 -0.141336 -2.347410 0.000572
data -0.208476 0.523956 -1.099222 -0.141336 -2.347410 0.000572
data -0.208095 0.521286 -1.099222 -0.141336 -2.347410 0.000572
data -0.208095 0.520142 -1.099222 -0.141336 -2.347410 0.000572
data -0.208095 0.518997 -1.099222 -0.141336 -2.363050 0.000954
data -0.208095 0.518234 -1.099222 -0.141336 -2.373732 0.000572
data -0.208095 0.517471 -1.099222 -0.140955 -2.382505 0.000954
data -0.208095 0.516327 -1.099222 -0.140955 -2.387465 0.000572
data -0.208095 0.516327 -1.099222 -0.140955 -2.387465 0.000572
data -0.208095 0.514038 -1.099222 -0.140955 -2.387465 0.000572
data -0.208095 0.513275 -1.099222 -0.140574 -2.401197 0.000572
data -0.207713 0.512131 -1.099222 -0.140574 -2.409591 0.000954
data -0.207713 0.510986 -1.099222 -0.140574 -2.409591 0.000954
data -0.207713 0.510223 -1.099222 -0.140574 -2.420272 0.000954
data -0.207713 0.509460 -1.099222 -0.140192 -2.425231 0.000954
data -0.207713 0.508316 -1.099222 -0.140192 -2.429809 0.000954
data -0.207713 0.508316 -1.099222 -0.140192 -2.429809 0.000954
data -0.207713 0.508316 -1.099222 -0.140192 -2.429809 0.000954
data -0.207332 0.505264 -1.099222 -0.139811 -2.443160 0.000572
data -0.207332 0.504120 -1.099222 -0.139811 -2.451934 0.000954
data -0.207332 0.502594 -1.099222 -0.139811 -2.451934 0.000954
data -0.207332 0.501831 -1.099222 -0.139429 -2.461852 0.000954
data -0.207332 0.501068 -1.099222 -0.139429 -2.466811 0.000954
data -0.207332 0.499924 -1.099222 -0.139048 -2.472153 0.000954
data -0.207332 0.499924 -1.099222 -0.139048 -2.472153 0.000954
data -0.207332 0.499924 -1.099222 -0.139048 -2.472153 0.000954
data -0.207332 0.499924 -1.099222 -0.139048 -2.472153 0.000954
data -0.207332 0.496872 -1.099222 -0.138285 -2.487793 0.000954
data -0.207332 0.494583 -1.099222 -0.137522 -2.498093 0.000954
data -0.207332 0.493439 -1.099222 -0.137140 -2.503433 0.000954
data -0.207332 0.492294 -1.099222 -0.136759 -2.508011 0.000954
data -0.207713 0.491531 -1.099222 -0.136377 -2.512207 0.000954
data -0.207713 0.490005 -1.099222 -0.135996 -2.519073 0.000572
data -0.207713 0.490005 -1.099222 -0.135996 -2.519073 0.000572
data -0.207713 0.487335 -1.099222 -0.135233 -2.528992 0.000954
data -0.208095 0.485809 -1.099222 -0.134470 -2.528992 0.000954
data -0.208095 0.485046 -1.099222 -0.134089 -2.540437 0.000954
data -0.208476 0.484283 -1.099222 -0.133707 -2.545014 0.000954
data -0.208476 0.483139 -1.099222 -0.133326 -2.548829 0.000572
data -0.208476 0.483139 -1.099222 -0.133326 -2.548829 0.000572
data -0.208858 0.483139 -1.099222 -0.133326 -2.548829 0.000572
data -0.209239 0.479706 -1.099222 -0.133326 -2.548829 0.000572
data -0.209620 0.478561 -1.099222 -0.132181 -2.561418 0.000572
data -0.210002 0.477417 -1.099222 -0.131800 -2.571336 0.000954
data -0.210383 0.476654 -1.099222 -0.131418 -2.575532 0.000572
data -0.210765 0.476654 -1.099222 -0.131418 -2.575532 0.000572
data -0.211146 0.474365 -1.099222 -0.131037 -2.581254 0.000954
data -0.211909 0.474365 -1.099222 -0.131037 -2.581254 0.000954
data -0.211909 0.472076 -1.099222 -0.130655 -2.591935 0.000954
data -0.212291 0.470932 -1.099222 -0.130655 -2.594606 0.000954
data -0.212672 0.469788 -1.099222 -0.130274 -2.600328 0.000954
data -0.213435 0.468642 -1.099222 -0.130274 -2.604525 0.000572
data -0.213817 0.467879 -1.099222 -0.129892 -2.607958 0.000954
data -0.214198 0.466735 -1.099222 -0.129892 -2.611773 0.000954
data -0.214580 0.465590 -1.099222 -0.129511 -2.615587 0.000954
data -0.215724 0.465590 -1.099222 -0.129511 -2.615587 0.000954
data -0.216105 0.462920 -1.099222 -0.129129 -2.623217 0.000954
data -0.216487 0.461776 -1.099222 -0.128748 -2.628557 0.000572
data -0.216868 0.461013 -1.099222 -0.128748 -2.632372 0.000954
data -0.217631 0.459868 -1.099222 -0.128366 -2.636187 0.000954
data -0.218013 0.458724 -1.099222 -0.128366 -2.640001 0.000954
data -0.218777 0.457580 -1.099222 -0.127985 -2.644197 0.000954
data -0.219158 0.456817 -1.099222 -0.127985 -2.647631 0.000954
data -0.219158 0.456817 -1.099222 -0.127985 -2.647631 0.000954
data -0.219158 0.456817 -1.099222 -0.127985 -2.647631 0.000572
data -0.220684 0.453383 -1.099222 -0.127985 -2.647631 0.000572
data -0.221447 0.452239 -1.099222 -0.126459 -2.663272 0.000954
data -0.222210 0.451095 -1.099222 -0.126078 -2.663272 0.000954
data -0.222591 0.450332 -1.099222 -0.125696 -2.669375 0.000954
data -0.223354 0.450332 -1.099222 -0.125696 -2.669375 0.000954
data -0.224117 0.447661 -1.099222 -0.124933 -2.676623 0.000954
data -0.224117 0.447661 -1.099222 -0.124933 -2.676623 0.000954
data -0.225262 0.445754 -1.099222 -0.123789 -2.683871 0.000954
data -0.225643 0.444228 -1.099222 -0.123026 -2.688449 0.000954
data -0.226406 0.443465 -1.099222 -0.122263 -2.692264 0.000954
data -0.227169 0.442321 -1.099222 -0.121119 -2.692264 0.000954
data -0.227551 0.441176 -1.099222 -0.120737 -2.699512 0.000954
data -0.227551 0.441176 -1.099222 -0.120737 -2.699512 0.000954
data -0.228695 0.439269 -1.099222 -0.119211 -2.706378 0.000572
data -0.228695 0.439269 -1.099222 -0.119211 -2.706378 0.000572
data -0.230221 0.436980 -1.099222 -0.117685 -2.713626 0.000954
data -0.230221 0.436980 -1.099222 -0.117685 -2.713626 0.000954
data -0.231365 0.434691 -1.099222 -0.117685 -2.713626 0.000954
data -0.232128 0.433928 -1.099222 -0.115778 -2.720875 0.000954
data -0.232510 0.433166 -1.099222 -0.113871 -2.726597 0.000954
data -0.233273 0.431640 -1.099222 -0.113108 -2.730412 0.000954
data -0.233273 0.431640 -1.099222 -0.113108 -2.730412 0.000954
data -0.233273 0.431640 -1.099222 -0.113108 -2.730412 0.000954
data -0.235561 0.428206 -1.099222 -0.109674 -2.741474 0.000954
data -0.235943 0.427444 -1.099222 -0.108530 -2.744907 0.000954
data -0.236706 0.426299 -1.099222 -0.107767 -2.748341 0.000954
data -0.237469 0.425536 -1.099222 -0.107004 -2.751011 0.000954
data -0.238232 0.424392 -1.099222 -0.105860 -2.754444 0.000954
data -0.238613 0.423247 -1.099222 -0.105097 -2.757114 0.000954
data -0.238613 0.423247 -1.099222 -0.105097 -2.757114 0.000954
data -0.240520 0.420577 -1.099222 -0.102808 -2.765125 0.000572
data -0.241283 0.419433 -1.099222 -0.101664 -2.765125 0.000572
data -0.242046 0.417907 -1.099222 -0.101664 -2.770084 0.000954
data -0.242809 0.417525 -1.099222 -0.100138 -2.770084 0.000954
data -0.243191 0.416762 -1.099222 -0.098612 -2.776188 0.000572
data -0.243572 0.415618 -1.099222 -0.098230 -2.778858 0.000954
data -0.244717 0.414092 -1.099222 -0.095560 -2.784581 0.000954
data -0.245861 0.414092 -1.099222 -0.095560 -2.784581 0.000954
data -0.246243 0.412185 -1.099222 -0.093652 -2.789159 0.000954
data -0.247005 0.411040 -1.099222 -0.092889 -2.791448 0.000954
data -0.247768 0.410277 -1.099222 -0.091744 -2.794118 0.000954
data -0.248531 0.409133 -1.099222 -0.090600 -2.796788 0.000954
data -0.249294 0.408370 -1.099222 -0.089074 -2.799459 0.000954
data -0.250057 0.407226 -1.099222 -0.087930 -2.802129 0.000954
data -0.251202 0.407226 -1.099222 -0.087930 -2.802129 0.000954
data -0.251583 0.405317 -1.099222 -0.087930 -2.802129 0.000954
data -0.252346 0.404173 -1.099222 -0.083734 -2.810140 0.000954
data -0.253109 0.403028 -1.099222 -0.082589 -2.812810 0.000572
data -0.253872 0.402266 -1.099222 -0.081063 -2.815099 0.000954
data -0.254253 0.401121 -1.099222 -0.079537 -2.817769 0.000954
data -0.255016 0.399977 -1.099222 -0.078012 -2.820439 0.000954
data -0.255779 0.399214 -1.099222 -0.076486 -2.822728 0.000954
data -0.255779 0.399214 -1.099222 -0.076486 -2.822728 0.000954
data -0.257305 0.397688 -1.099222 -0.074197 -2.826543 0.000954
data -0.258068 0.396162 -1.099222 -0.072671 -2.829595 0.000954
data -0.258831 0.395399 -1.099222 -0.071145 -2.831502 0.000954
data -0.259212 0.394636 -1.099222 -0.070001 -2.833409 0.000954
data -0.260357 0.394636 -1.099222 -0.070001 -2.833409 0.000954
data -0.260357 0.394636 -1.099222 -0.070001 -2.833409 0.000954
data -0.261120 0.392347 -1.099222 -0.066567 -2.838368 0.000954
data -0.261120 0.392347 -1.099222 -0.066567 -2.838368 0.000954
data -0.262646 0.390059 -1.099222 -0.063134 -2.843328 0.000954
data -0.263409 0.388914 -1.099222 -0.061227 -2.845999 0.000954
data -0.264172 0.387770 -1.099222 -0.059319 -2.848288 0.000954
data -0.264935 0.387007 -1.099222 -0.058175 -2.849813 0.000954
data -0.265316 0.386244 -1.099222 -0.056649 -2.851721 0.000954
data -0.266079 0.385481 -1.099222 -0.055123 -2.853628 0.000954
data -0.266079 0.385481 -1.099222 -0.055123 -2.853628 0.000954
data -0.267605 0.385481 -1.099222 -0.055123 -2.853628 0.000954
data -0.268368 0.382429 -1.099222 -0.055123 -2.853628 0.000954
data -0.268749 0.381285 -1.099222 -0.050927 -2.858206 0.000954
data -0.269512 0.380522 -1.099222 -0.046731 -2.863165 0.000572
data -0.270275 0.379377 -1.099222 -0.044442 -2.865072 0.000954
data -0.270275 0.379377 -1.099222 -0.044442 -2.865072 0.000954
data -0.270275 0.379377 -1.099222 -0.044442 -2.865072 0.000954
data -0.272564 0.377470 -1.099222 -0.041390 -2.868887 0.000954
data -0.272564 0.376326 -1.099222 -0.038720 -2.871176 0.000954
data -0.273708 0.375181 -1.099222 -0.036431 -2.873465 0.000954
data -0.274471 0.374418 -1.099222 -0.034524 -2.874990 0.000954
data -0.274853 0.373274 -1.099222 -0.034524 -2.874990 0.000954
data -0.275616 0.372892 -1.099222 -0.031472 -2.877661 0.000954
data -0.275997 0.372892 -1.099222 -0.031472 -2.877661 0.000954
data -0.276760 0.370604 -1.099222 -0.027275 -2.880331 0.000954
data -0.278286 0.370604 -1.099222 -0.027275 -2.880331 0.000954
data -0.278286 0.369078 -1.099222 -0.023079 -2.880331 0.000954
data -0.278667 0.368696 -1.099222 -0.021935 -2.883764 0.000954
data -0.279430 0.367552 -1.099222 -0.019646 -2.885672 0.000954
data -0.280193 0.366789 -1.099222 -0.017738 -2.886816 0.000572
data -0.280193 0.366789 -1.099222 -0.017738 -2.886816 0.000572
data -0.280956 0.365644 -1.099222 -0.015068 -2.887960 0.000572
data -0.282102 0.364500 -1.099222 -0.012779 -2.889105 0.000572
data -0.282865 0.364500 -1.099222 -0.012779 -2.889105 0.000572
data -0.282865 0.362974 -1.099222 -0.008965 -2.890249 0.000572
data -0.284009 0.362593 -1.099222 -0.007820 -2.890631 0.000954
data -0.285153 0.360685 -1.099222 -0.002098 -2.891775 0.000954
data -0.285535 0.359922 -1.099222 -0.000191 -2.892157 0.000954
data -0.286298 0.359159 -1.099222 0.002098 -2.892157 0.000954
data -0.287061 0.358397 -1.099222 0.004005 -2.892157 0.000572
data -0.287061 0.358397 -1.099222 0.004005 -2.892157 0.000572
data -0.287824 0.356871 -1.099222 0.004005 -2.892157 0.000572
data -0.288587 0.355726 -1.099222 0.009346 -2.892157 0.000572
data -0.289350 0.355345 -1.099222 0.009346 -2.892157 0.000572
data -0.289731 0.354582 -1.099222 0.012016 -2.891775 0.000954
data -0.290112 0.353819 -1.099222 0.013924 -2.891775 0.000954
data -0.290494 0.353437 -1.099222 0.015068 -2.891394 0.000954
data -0.291257 0.352293 -1.099222 0.017357 -2.891012 0.000954
data -0.291638 0.351912 -1.099222 0.019264 -2.891012 0.000954
data -0.291638 0.351912 -1.099222 0.019264 -2.891012 0.000954
data -0.292401 0.350767 -1.099222 0.022316 -2.891012 0.000572
data -0.293164 0.349623 -1.099222 0.024605 -2.890631 0.000954
data -0.293546 0.349241 -1.099222 0.026131 -2.890631 0.000954
data -0.293927 0.348478 -1.099222 0.027657 -2.890249 0.000954
data -0.294309 0.348097 -1.099222 0.029182 -2.889486 0.000572
data -0.295072 0.347334 -1.099222 0.030708 -2.889486 0.000572
data -0.295835 0.346189 -1.099222 0.030708 -2.889105 0.000954
data -0.295835 0.346189 -1.099222 0.033761 -2.887197 0.000954
data -0.296216 0.345427 -1.099222 0.034524 -2.886816 0.000954
data -0.296597 0.345045 -1.099222 0.036813 -2.884527 0.000954
data -0.296979 0.344664 -1.099222 0.037957 -2.882620 0.000954
data -0.297360 0.343901 -1.099222 0.039483 -2.881094 0.000954
data -0.297742 0.343518 -1.099222 0.040627 -2.878805 0.000954
data -0.298123 0.343137 -1.099222 0.041772 -2.876516 0.000572
data -0.298886 0.341992 -1.099222 0.041772 -2.876516 0.000572
data -0.299268 0.341611 -1.099222 0.044442 -2.871176 0.000572
data -0.299268 0.341229 -1.099222 0.045968 -2.867361 0.000954
data -0.300031 0.340466 -1.099222 0.047112 -2.863165 0.000954
data -0.300031 0.340085 -1.099222 0.048257 -2.863165 0.000954
data -0.300412 0.339704 -1.099222 0.049020 -2.856298 0.000954
data -0.300794 0.339322 -1.099222 0.049783 -2.852102 0.000572
data -0.300794 0.339322 -1.099222 0.049783 -2.852102 0.000572
data -0.301938 0.338178 -1.099222 0.051309 -2.852102 0.000572
data -0.301938 0.337415 -1.099222 0.051690 -2.834935 0.000572
data -0.302320 0.337033 -1.099222 0.052072 -2.829595 0.000572
data -0.302320 0.337033 -1.099222 0.052072 -2.829595 0.000572
data -0.303082 0.336270 -1.099222 0.052835 -2.815480 0.000572
data -0.303082 0.336270 -1.099222 0.052835 -2.815480 0.000572
data -0.303464 0.335126 -1.099222 0.052835 -2.803273 0.000572
data -0.303845 0.334363 -1.099222 0.052835 -2.788396 0.000572
data -0.303845 0.334363 -1.099222 0.052835 -2.788396 0.000572
data -0.304227 0.333600 -1.099222 0.052835 -2.788396 0.000572
data -0.304608 0.332837 -1.099222 0.052835 -2.769321 0.000572
data -0.304990 0.332456 -1.099222 0.052835 -2.760166 0.000954
data -0.304990 0.332074 -1.099222 0.052835 -2.751774 0.000954
data -0.305371 0.331311 -1.099222 0.052835 -2.742237 0.000954
data -0.305753 0.330930 -1.099222 0.052835 -2.742237 0.000954
data -0.305753 0.330930 -1.099222 0.052835 -2.731556 0.000954
data -0.306134 0.329785 -1.099222 0.052835 -2.731556 0.000954
data -0.306516 0.329404 -1.099222 0.052835 -2.712100 0.000954
data -0.306516 0.328641 -1.099222 0.052835 -2.686160 0.000954
data -0.306897 0.327878 -1.099222 0.052835 -2.672046 0.000572
data -0.306897 0.327878 -1.099222 0.052835 -2.672046 0.000572
data -0.307279 0.327115 -1.099222 0.052835 -2.659457 0.000572
data -0.307279 0.326352 -1.099222 0.052835 -2.640001 0.000954
data -0.307279 0.326352 -1.099222 0.052835 -2.640001 0.000954
data -0.307660 0.325589 -1.099222 0.052835 -2.617113 0.000954
data -0.308042 0.324826 -1.099222 0.052835 -2.599947 0.000954
data -0.308042 0.324063 -1.099222 0.052835 -2.585450 0.000954
data -0.308423 0.323682 -1.099222 0.052835 -2.574006 0.000954
data -0.308423 0.323300 -1.099222 0.053216 -2.561418 0.000954
data -0.308423 0.322537 -1.099222 0.053216 -2.547303 0.000954
data -0.309186 0.322537 -1.099222 0.053216 -2.547303 0.000954
data -0.309186 0.321774 -1.099222 0.053216 -2.518311 0.000954
data -0.309186 0.321012 -1.099222 0.053216 -2.505341 0.000572
data -0.309567 0.320630 -1.099222 0.053216 -2.485504 0.000954
data -0.309949 0.320249 -1.099222 0.053216 -2.485504 0.000954
data -0.309949 0.319867 -1.099222 0.053216 -2.460326 0.000954
data -0.309949 0.319867 -1.099222 0.053216 -2.460326 0.000954
data -0.310330 0.318723 -1.099222 0.053216 -2.460326 0.000954
data -0.310712 0.318723 -1.099222 0.053216 -2.423705 0.000954
data -0.310712 0.318723 -1.099222 0.053216 -2.423705 0.000572
data -0.311093 0.317578 -1.099222 0.053216 -2.423705 0.000572
data -0.311475 0.317197 -1.099222 0.053216 -2.423705 0.000572
data -0.311856 0.316815 -1.099222 0.053216 -2.348555 0.000954
data -0.312238 0.316815 -1.099222 0.053216 -2.331769 0.000954
data -0.312238 0.316815 -1.099222 0.053216 -2.331769 0.000954
data -0.312619 0.316052 -1.099222 0.053597 -2.308118 0.000572
data -0.312619 0.316052 -1.099222 0.053597 -2.308118 0.000572
data -0.313382 0.315671 -1.099222 0.053597 -2.308118 0.000572
data -0.313382 0.315289 -1.099222 0.053597 -2.265392 0.000572
data -0.313764 0.315289 -1.099222 0.053597 -2.236782 0.000954
data -0.314145 0.314908 -1.099222 0.053597 -2.219234 0.000572
data -0.314145 0.314908 -1.099222 0.053597 -2.204356 0.000954
data -0.314527 0.314527 -1.099222 0.053597 -2.187953 0.000572
data -0.314908 0.314527 -1.099222 0.053597 -2.174220 0.000954
data -0.315289 0.314145 -1.099222 0.053597 -2.174220 0.000954
data -0.315289 0.314145 -1.099222 0.053979 -2.174220 0.000954
data -0.315289 0.314145 -1.099222 0.053979 -2.128443 0.000954
data -0.315671 0.314145 -1.099222 0.053979 -2.121576 0.000954
data -0.316052 0.313764 -1.099222 0.053979 -2.091439 0.000954
data -0.316434 0.313764 -1.099222 0.053979 -2.091439 0.000954
data -0.316815 0.313764 -1.099222 0.053979 -2.061685 0.000954
data -0.316815 0.313764 -1.099222 0.053979 -2.045663 0.000572
data -0.316815 0.313764 -1.099222 0.053979 -2.045663 0.000572
data -0.317197 0.313764 -1.099222 0.054360 -2.045663 0.000572
data -0.317578 0.313764 -1.099222 0.053979 -1.989586 0.000954
data -0.317960 0.313764 -1.099222 0.053979 -1.975471 0.000572
data -0.317960 0.313764 -1.099222 0.053979 -1.960212 0.000954
data -0.318341 0.314145 -1.099222 0.053979 -1.941901 0.000954
data -0.318723 0.314145 -1.099222 0.053979 -1.926261 0.000954
data -0.318723 0.314145 -1.099222 0.053979 -1.912528 0.000954
data -0.319104 0.314145 -1.099222 0.053979 -1.912528 0.000954
data -0.319104 0.314145 -1.099604 0.053979 -1.876287 0.000572
data -0.319486 0.314145 -1.099604 0.053979 -1.867132 0.000954
data -0.319486 0.314145 -1.099604 0.053979 -1.867132 0.000954
data -0.319486 0.314527 -1.099604 0.053979 -1.835469 0.000954
data -0.319867 0.314527 -1.099604 0.053979 -1.813725 0.000572
data -0.320249 0.314908 -1.099604 0.053979 -1.799611 0.000954
data -0.320249 0.314908 -1.099604 0.053979 -1.799611 0.000954
data -0.320249 0.314908 -1.099604 0.053979 -1.763752 0.000954
data -0.320630 0.315289 -1.099604 0.053979 -1.753834 0.000954
data -0.321012 0.315289 -1.099604 0.053979 -1.734760 0.000954
data -0.321012 0.315671 -1.099604 0.053979 -1.720264 0.000572
data -0.321012 0.315671 -1.099985 0.053979 -1.706531 0.000572
data -0.321393 0.315671 -1.099985 0.053979 -1.706531 0.000572
data -0.321393 0.316052 -1.099985 0.053979 -1.706531 0.000572
data -0.321393 0.316434 -1.099985 0.053597 -1.658847 0.000954
data -0.321393 0.316815 -1.099985 0.053597 -1.638628 0.000954
data -0.321774 0.316815 -1.099985 0.053597 -1.638628 0.000954
data -0.321774 0.317197 -1.099985 0.053597 -1.638628 0.000954
data -0.321774 0.317578 -1.099985 0.053597 -1.611925 0.000954
data -0.321774 0.317578 -1.099985 0.053216 -1.586747 0.000954
data -0.321774 0.317960 -1.099985 0.053597 -1.574159 0.000954
data -0.322156 0.318341 -1.099985 0.053597 -1.544404 0.000954
data -0.322156 0.318723 -1.099985 0.053597 -1.532960 0.000954
data -0.322156 0.318723 -1.099985 0.053597 -1.522278 0.000954
data -0.322537 0.319104 -1.099985 0.053597 -1.511215 0.000954
data -0.322537 0.319104 -1.099985 0.053597 -1.499008 0.000954
data -0.322537 0.319104 -1.099985 0.053216 -1.486038 0.000954
data -0.322919 0.319486 -1.099985 0.053216 -1.473831 0.000954
data -0.322919 0.319486 -1.099985 0.053216 -1.463149 0.000954
data -0.322919 0.319867 -1.099985 0.053216 -1.439498 0.000572
data -0.322919 0.319867 -1.099985 0.053216 -1.439498 0.000572
data -0.322919 0.319867 -1.099985 0.053216 -1.439498 0.000572
data -0.322919 0.320630 -1.099985 0.053216 -1.418899 0.000954
data -0.322919 0.321012 -1.099985 0.053216 -1.395628 0.000954
data -0.322919 0.321012 -1.099985 0.053216 -1.385328 0.000954
data -0.322919 0.321012 -1.099985 0.053216 -1.385328 0.000954
data -0.322919 0.321393 -1.099985 0.052835 -1.360914 0.000954
data -0.322919 0.321774 -1.099985 0.053216 -1.348326 0.000954
data -0.322919 0.321774 -1.099985 0.052835 -1.339170 0.000954
data -0.322919 0.322156 -1.099985 0.053216 -1.329633 0.000572
data -0.322919 0.322156 -1.099985 0.053216 -1.329633 0.000572
data -0.322919 0.322537 -1.099985 0.053216 -1.308270 0.000572
data -0.322919 0.322537 -1.099985 0.053216 -1.308270 0.000572
data -0.322919 0.322919 -1.099985 0.053216 -1.295300 0.000954
data -0.322919 0.323300 -1.099985 0.053216 -1.295300 0.000954
data -0.322919 0.323300 -1.099985 0.053216 -1.271267 0.000954
data -0.322919 0.323682 -1.099985 0.053216 -1.271267 0.000954
data -0.322919 0.323682 -1.099985 0.053216 -1.249905 0.000954
data -0.322919 0.324063 -1.099985 0.053597 -1.240368 0.000954
data -0.322919 0.324063 -1.099985 0.053597 -1.231976 0.000954
data -0.322919 0.324063 -1.099985 0.053597 -1.231976 0.000954
data -0.322919 0.324445 -1.099985 0.053597 -1.213283 0.000954
data -0.322919 0.324445 -1.099985 0.053597 -1.213283 0.000954
data -0.322919 0.324826 -1.099985 0.053597 -1.196498 0.000954
data -0.322919 0.325208 -1.099985 0.053597 -1.183528 0.000954
data -0.322919 0.325208 -1.099985 0.053979 -1.175517 0.000572
data -0.322919 0.325589 -1.099985 0.053979 -1.167888 0.000954
data -0.322919 0.325589 -1.099985 0.053979 -1.167888 0.000954
data -0.322919 0.325971 -1.099985 0.053979 -1.156444 0.000954
data -0.322919 0.325971 -1.099985 0.053979 -1.144617 0.000954
data -0.322919 0.325971 -1.099985 0.053979 -1.144617 0.000954
data -0.322919 0.326352 -1.099985 0.053979 -1.124781 0.000954
data -0.322919 0.326352 -1.099985 0.053979 -1.124781 0.000954
data -0.322919 0.326352 -1.099985 0.053979 -1.124781 0.000954
data -0.322919 0.326734 -1.099985 0.053979 -1.104563 0.000954
data -0.322919 0.326734 -1.099985 0.053979 -1.104563 0.000954
data -0.322919 0.327115 -1.099985 0.053979 -1.091592 0.000954
data -0.322919 0.327115 -1.099985 0.053979 -1.084725 0.000954
data -0.322919 0.327115 -1.099985 0.053979 -1.084725 0.000954
data -0.322919 0.327497 -1.099985 0.053979 -1.084725 0.000954
data -0.322919 0.327878 -1.100367 0.053979 -1.063745 0.000954
data -0.322919 0.327878 -1.100367 0.054360 -1.055734 0.000954
data -0.322919 0.328259 -1.100367 0.054360 -1.049249 0.000954
data -0.322919 0.328259 -1.100367 0.054360 -1.042001 0.000954
data -0.322537 0.328259 -1.100367 0.054360 -1.036279 0.000954
data -0.322537 0.328259 -1.100367 0.054360 -1.030174 0.000954
data -0.322537 0.328259 -1.100367 0.054360 -1.030174 0.000954
data -0.322919 0.328641 -1.100367 0.054742 -1.013771 0.000954
data -0.322919 0.328641 -1.100367 0.054742 -1.013771 0.000954
data -0.322537 0.329022 -1.100748 0.054742 -1.005760 0.000954
data -0.322537 0.329022 -1.100748 0.055123 -0.997749 0.000954
data -0.322537 0.329404 -1.100748 0.055123 -0.991646 0.000954
data -0.322537 0.329404 -1.100748 0.055123 -0.986305 0.000954
data -0.322537 0.329785 -1.100748 0.055123 -0.975243 0.000954
data -0.322537 0.329785 -1.100748 0.055123 -0.975243 0.000954
data -0.322537 0.330167 -1.100748 0.055505 -0.966468 0.000954
data -0.322537 0.330167 -1.100748 0.055505 -0.961127 0.000954
data -0.322537 0.330167 -1.100748 0.055505 -0.955787 0.000954
data -0.322537 0.330167 -1.100748 0.055505 -0.951209 0.000572
data -0.322537 0.330167 -1.100748 0.055505 -0.945868 0.000954
data -0.322537 0.330167 -1.100748 0.055886 -0.940528 0.000954
data -0.322537 0.330167 -1.100748 0.055886 -0.940528 0.000954
data -0.322537 0.330167 -1.100748 0.055886 -0.940528 0.000954
data -0.322537 0.330167 -1.100748 0.055886 -0.930610 0.000954
data -0.322537 0.330167 -1.100748 0.055886 -0.930610 0.000954
data -0.322537 0.330167 -1.100748 0.055886 -0.930610 0.000954
data -0.322537 0.330167 -1.100748 0.056268 -0.918403 0.000954
data -0.322537 0.330167 -1.100748 0.056649 -0.909629 0.000572
data -0.322537 0.330167 -1.100748 0.056649 -0.909629 0.000572
data -0.322537 0.330167 -1.100748 0.056649 -0.904669 0.000954
data -0.322537 0.330167 -1.100748 0.056649 -0.904669 0.000954
data -0.322537 0.330167 -1.100748 0.056649 -0.895895 0.000954
data -0.322537 0.330167 -1.100748 0.056649 -0.889410 0.000954
data -0.322537 0.330167 -1.100748 0.056649 -0.889410 0.000954
data -0.322537 0.330167 -1.100748 0.056649 -0.882925 0.000954
data -0.322537 0.330167 -1.100748 0.056649 -0.879110 0.000954
data -0.322537 0.330167 -1.100748 0.057031 -0.876440 0.000954
data -0.322537 0.330167 -1.100748 0.057031 -0.876440 0.000954
data -0.322537 0.330167 -1.100748 0.057031 -0.873770 0.000954
data -0.322537 0.330167 -1.100748 0.057031 -0.868429 0.000954
data -0.322537 0.330167 -1.100748 0.057031 -0.868429 0.000954
data -0.322537 0.330167 -1.100748 0.057031 -0.864233 0.000954
data -0.322537 0.330167 -1.100748 0.057031 -0.861181 0.000954
data -0.322537 0.330167 -1.100748 0.057031 -0.861181 0.000954
data -0.322537 0.330167 -1.100748 0.057412 -0.859655 0.000954
data -0.322537 0.330167 -1.100748 0.057412 -0.859655 0.000954
data -0.322537 0.330167 -1.100748 0.057412 -0.855078 0.000954
data -0.322537 0.330167 -1.100748 0.057412 -0.855078 0.000954
data -0.322537 0.330167 -1.100748 0.057412 -0.852789 0.000954
data -0.322537 0.330167 -1.100748 0.057031 -0.852407 0.000954
data -0.322919 0.330167 -1.100748 0.057031 -0.852407 0.000954
data -0.322537 0.330167 -1.100748 0.057031 -0.851645 0.000954
data -0.322919 0.330167 -1.100748 0.057031 -0.851645 0.000954
data -0.322919 0.330167 -1.100748 0.057031 -0.851645 0.000954
data -0.322919 0.330167 -1.100748 0.057412 -0.852789 0.000954
data -0.322919 0.330167 -1.100748 0.057412 -0.853552 0.000954
data -0.322919 0.330167 -1.100748 0.057412 -0.854315 0.000954
data -0.322919 0.330167 -1.100748 0.057412 -0.855841 0.000954
data -0.322919 0.330167 -1.100748 0.057412 -0.856985 0.000954
data -0.322919 0.330167 -1.100748 0.057412 -0.856985 0.000954
data -0.322919 0.330167 -1.100748 0.057412 -0.856985 0.000954
data -0.322919 0.330167 -1.100748 0.057412 -0.856985 0.000954
data -0.322919 0.330167 -1.100748 0.057412 -0.858511 0.000954
data -0.322919 0.330167 -1.100748 0.057412 -0.858511 0.000954
data -0.322919 0.330167 -1.100748 0.057794 -0.869955 0.000954
data -0.322919 0.330167 -1.100748 0.057794 -0.873770 0.000954
data -0.323300 0.330167 -1.100748 0.057794 -0.873770 0.000954
data -0.323300 0.330167 -1.100748 0.057794 -0.880255 0.000954
data -0.323300 0.330167 -1.100748 0.057794 -0.880255 0.000954
data -0.323300 0.330167 -1.100748 0.057794 -0.880255 0.000954
data -0.323682 0.330167 -1.100748 0.058175 -0.893988 0.000954
data -0.323682 0.330167 -1.100748 0.058175 -0.898947 0.000954
data -0.323682 0.330167 -1.100748 0.058175 -0.898947 0.000954
data -0.323682 0.330167 -1.100748 0.058557 -0.907340 0.000572
data -0.323682 0.330167 -1.100748 0.058557 -0.913444 0.000954
data -0.324063 0.330167 -1.100748 0.058938 -0.919929 0.000954
data -0.324063 0.330167 -1.100748 0.058938 -0.919929 0.000954
data -0.324063 0.330167 -1.100748 0.059701 -0.931754 0.000954
data -0.324063 0.330167 -1.100748 0.060082 -0.931754 0.000954
data -0.324063 0.330167 -1.100748 0.060464 -0.948920 0.000954
data -0.324063 0.330167 -1.100748 0.060845 -0.955787 0.000954
data -0.324445 0.330167 -1.100748 0.061227 -0.966086 0.000954
data -0.324445 0.330167 -1.100748 0.061227 -0.972572 0.000954
data -0.324445 0.330167 -1.100748 0.061608 -0.980583 0.000954
data -0.324445 0.330167 -1.100748 0.061608 -0.980583 0.000954
data -0.324826 0.330548 -1.100748 0.061608 -0.980583 0.000954
data -0.324826 0.330548 -1.100748 0.062371 -1.009575 0.000954
data -0.324826 0.330548 -1.100748 0.062753 -1.019112 0.000954
data -0.324826 0.330548 -1.100748 0.062753 -1.019112 0.000954
data -0.324826 0.330548 -1.100748 0.063516 -1.030174 0.000954
data -0.324826 0.330548 -1.100748 0.063897 -1.044290 0.000954
data -0.324826 0.330548 -1.100748 0.063897 -1.044290 0.000954
data -0.324826 0.330930 -1.100748 0.065042 -1.070230 0.000954
data -0.324826 0.330930 -1.100748 0.066186 -1.086251 0.000954
data -0.324826 0.331311 -1.100748 0.066567 -1.095789 0.000954
data -0.324826 0.331311 -1.101130 0.066949 -1.106470 0.000954
data -0.324826 0.331311 -1.100748 0.067712 -1.119059 0.000572
data -0.324826 0.331693 -1.100748 0.068475 -1.130121 0.000572
data -0.324826 0.331693 -1.100748 0.068856 -1.140039 0.000572
data -0.324826 0.331693 -1.100748 0.068856 -1.140039 0.000572
data -0.324826 0.332074 -1.101130 0.070001 -1.161021 0.000954
data -0.324826 0.332074 -1.101130 0.071145 -1.178569 0.000954
data -0.324826 0.332074 -1.101130 0.071145 -1.178569 0.000954
data -0.324826 0.332074 -1.101130 0.072671 -1.193065 0.000572
data -0.324826 0.332456 -1.101130 0.073434 -1.211375 0.000954
data -0.324445 0.332456 -1.101130 0.074197 -1.222820 0.000954
data -0.324445 0.332837 -1.101130 0.076104 -1.246853 0.000954
data -0.324445 0.332837 -1.101130 0.076104 -1.246853 0.000954
data -0.324445 0.332837 -1.101130 0.076867 -1.256771 0.000954
data -0.324445 0.333219 -1.101130 0.078393 -1.274319 0.000954
data -0.324445 0.333600 -1.101130 0.079156 -1.285001 0.000954
data -0.324445 0.333600 -1.101130 0.079919 -1.296063 0.000954
data -0.324445 0.333982 -1.101130 0.081063 -1.296063 0.000954
data -0.324445 0.333982 -1.101130 0.081445 -1.319333 0.000954
data -0.324445 0.334363 -1.101130 0.083352 -1.338788 0.000572
data -0.324445 0.334363 -1.101130 0.083352 -1.338788 0.000572
data -0.324445 0.334744 -1.101130 0.084496 -1.352522 0.000954
data -0.324445 0.334744 -1.101130 0.084496 -1.360151 0.000954
data -0.324445 0.335126 -1.101130 0.086022 -1.384947 0.000954
data -0.324445 0.335126 -1.101130 0.086785 -1.396009 0.000954
data -0.324445 0.335507 -1.101130 0.087548 -1.406692 0.000954
data -0.324445 0.335507 -1.101130 0.087548 -1.406692 0.000954
data -0.324445 0.335507 -1.101130 0.087548 -1.406692 0.000954
data -0.324445 0.336270 -1.101130 0.089456 -1.406692 0.000954
data -0.324445 0.336652 -1.101130 0.090219 -1.466582 0.000954
data -0.324445 0.336652 -1.101511 0.090600 -1.477646 0.000954
data -0.324445 0.337033 -1.101511 0.091363 -1.490997 0.000954
data -0.324063 0.337415 -1.101511 0.091744 -1.490997 0.000954
data -0.324063 0.337415 -1.101511 0.091744 -1.514648 0.000954
data -0.324063 0.337796 -1.101511 0.092507 -1.534486 0.000954
data -0.324063 0.337796 -1.101511 0.092507 -1.534486 0.000954
data -0.323682 0.337796 -1.101511 0.092507 -1.534486 0.000954
data -0.323682 0.338178 -1.101511 0.092507 -1.534486 0.000954
data -0.323682 0.338178 -1.101511 0.092507 -1.534486 0.000954
data -0.322537 0.338178 -1.101511 0.093270 -1.572251 0.000954
data -0.322537 0.338941 -1.101511 0.093270 -1.602388 0.000954
data -0.322156 0.338941 -1.101511 0.093270 -1.616503 0.000954
data -0.322156 0.338941 -1.101511 0.093270 -1.616503 0.000954
data -0.321774 0.339322 -1.101511 0.093270 -1.640154 0.000954
data -0.321393 0.339704 -1.101511 0.092889 -1.640154 0.000954
data -0.321012 0.339704 -1.101511 0.092889 -1.667239 0.000954
data -0.321012 0.340085 -1.101511 0.092507 -1.679828 0.000954
data -0.320630 0.340085 -1.101511 0.092507 -1.692416 0.000954
data -0.320249 0.340466 -1.101511 0.092126 -1.706149 0.000572
data -0.319867 0.340466 -1.101511 0.092126 -1.717212 0.000954
data -0.319867 0.340466 -1.101511 0.092126 -1.717212 0.000954
data -0.319486 0.340848 -1.101511 0.092126 -1.717212 0.000954
data -0.319104 0.341229 -1.101892 0.090981 -1.756886 0.000954
data -0.318723 0.341229 -1.101511 0.090981 -1.767567 0.000954
data -0.318341 0.341229 -1.101511 0.090600 -1.782826 0.000954
data -0.318341 0.341611 -1.101892 0.090219 -1.793508 0.000954
data -0.318341 0.341611 -1.101892 0.090219 -1.793508 0.000954
data -0.317960 0.341611 -1.101892 0.090219 -1.793508 0.000954
data -0.317960 0.341611 -1.101892 0.089837 -1.815251 0.000954
data -0.317578 0.341992 -1.101892 0.089837 -1.815251 0.000954
data -0.317197 0.341992 -1.101892 0.088693 -1.854544 0.000954
data -0.317197 0.342374 -1.101892 0.088693 -1.865606 0.000954
data -0.317197 0.342374 -1.101892 0.088311 -1.876669 0.000954
data -0.316815 0.342374 -1.101892 0.087930 -1.889639 0.000572
data -0.316815 0.342755 -1.101892 0.087548 -1.900702 0.000954
data -0.316434 0.342755 -1.101892 0.087167 -1.911384 0.000572
data -0.316434 0.342755 -1.101892 0.087167 -1.911384 0.000572
data -0.316434 0.342755 -1.101892 0.086022 -1.933509 0.000572
data -0.316052 0.342755 -1.101892 0.085641 -1.948768 0.000572
data -0.316052 0.343137 -1.101892 0.085259 -1.959830 0.000954
data -0.316052 0.343137 -1.101892 0.085259 -1.959830 0.000954
data -0.315671 0.343137 -1.101892 0.084115 -1.979668 0.000954
data -0.315671 0.343137 -1.101892 0.083734 -1.989586 0.000954
data -0.315671 0.343137 -1.101892 0.083734 -1.989586 0.000954
data -0.315671 0.343137 -1.101892 0.083734 -1.989586 0.000954
data -0.315671 0.343137 -1.101892 0.082971 -2.016289 0.000954
data -0.316052 0.343137 -1.101892 0.082208 -2.034600 0.000954
data -0.316052 0.343137 -1.101892 0.081445 -2.045281 0.000572
data -0.316052 0.343137 -1.101892 0.081063 -2.055200 0.000954
data -0.316052 0.343137 -1.101892 0.080682 -2.065118 0.000954
data -0.316052 0.343137 -1.101892 0.079919 -2.075036 0.000954
data -0.316052 0.343137 -1.101892 0.079919 -2.075036 0.000954
data -0.316052 0.343137 -1.101892 0.079919 -2.075036 0.000954
data -0.316052 0.343137 -1.101892 0.079919 -2.075036 0.000954
data -0.316052 0.343137 -1.101892 0.078012 -2.112803 0.000954
data -0.316052 0.343137 -1.101892 0.076486 -2.130732 0.000954
data -0.316052 0.343137 -1.101892 0.076486 -2.130732 0.000954
data -0.316052 0.343137 -1.101892 0.075341 -2.147898 0.000954
data -0.316052 0.343137 -1.101892 0.074960 -2.157817 0.000954
data -0.316052 0.343137 -1.101892 0.074960 -2.157817 0.000954
data -0.316052 0.343137 -1.101892 0.073815 -2.178416 0.000954
data -0.316052 0.343137 -1.101892 0.073815 -2.178416 0.000954
data -0.316052 0.343137 -1.101892 0.073815 -2.178416 0.000954
data -0.316052 0.343137 -1.101892 0.071145 -2.210460 0.000572
data -0.316434 0.343137 -1.101892 0.070764 -2.220379 0.000572
data -0.316434 0.343137 -1.101892 0.070001 -2.227627 0.000954
data -0.316434 0.343137 -1.101892 0.070001 -2.227627 0.000954
data -0.316434 0.343137 -1.101892 0.068856 -2.236782 0.000954
data -0.316434 0.343137 -1.101892 0.067330 -2.236782 0.000954
data -0.316434 0.343137 -1.101892 0.066567 -2.262722 0.000954
data -0.316815 0.343137 -1.101892 0.066186 -2.269970 0.000954
data -0.316815 0.343137 -1.101892 0.065423 -2.277218 0.000954
data -0.316815 0.343137 -1.101892 0.064279 -2.287900 0.000954
data -0.316815 0.343137 -1.101892 0.064279 -2.287900 0.000954
data -0.316815 0.343137 -1.101892 0.064279 -2.287900 0.000954
data -0.316815 0.343137 -1.101892 0.064279 -2.287900 0.000954
data -0.316815 0.343137 -1.101892 0.064279 -2.287900 0.000954
data -0.317960 0.343137 -1.101892 0.060464 -2.314984 0.000954
data -0.317960 0.343137 -1.101892 0.059319 -2.327573 0.000954
data -0.318341 0.343137 -1.101892 0.058557 -2.334439 0.000572
data -0.318723 0.343137 -1.101892 0.057794 -2.340924 0.000572
data -0.318723 0.343137 -1.101892 0.056649 -2.345884 0.000572
data -0.319104 0.343137 -1.101892 0.055886 -2.350843 0.000954
data -0.319104 0.343137 -1.101892 0.055886 -2.350843 0.000954
data -0.319867 0.343137 -1.101892 0.054360 -2.360762 0.000954
data -0.319867 0.343137 -1.101892 0.054360 -2.360762 0.000954
data -0.320249 0.343137 -1.101892 0.054360 -2.360762 0.000954
data -0.320630 0.343137 -1.101892 0.051309 -2.376020 0.000954
data -0.320630 0.343137 -1.101892 0.051309 -2.376020 0.000954
data -0.321393 0.342755 -1.101892 0.049401 -2.384413 0.000572
data -0.321393 0.342755 -1.101892 0.049401 -2.384413 0.000572
data -0.321393 0.342755 -1.101892 0.049401 -2.384413 0.000572
data -0.322537 0.342755 -1.101892 0.046731 -2.393568 0.000572
data -0.322919 0.342755 -1.101892 0.046731 -2.393568 0.000572
data -0.323300 0.342755 -1.101892 0.046731 -2.393568 0.000572
data -0.323300 0.342755 -1.101892 0.044442 -2.399290 0.000954
data -0.323682 0.342755 -1.101511 0.043679 -2.400053 0.000954
data -0.324063 0.342755 -1.101511 0.043298 -2.400816 0.000572
data -0.324445 0.342755 -1.101511 0.043298 -2.400816 0.000572
data -0.324445 0.342755 -1.101511 0.043298 -2.400816 0.000572
data -0.324445 0.342755 -1.101511 0.043298 -2.400816 0.000572
data -0.324826 0.342374 -1.101511 0.041009 -2.401197 0.000954
data -0.325589 0.342374 -1.101511 0.041009 -2.401197 0.000954
data -0.325589 0.342374 -1.101511 0.039102 -2.398909 0.000954
data -0.325971 0.342374 -1.101511 0.038720 -2.397383 0.000954
data -0.326352 0.342374 -1.101511 0.037957 -2.395475 0.000954
data -0.326352 0.342374 -1.101511 0.037957 -2.395475 0.000954
data -0.326734 0.342374 -1.101511 0.037957 -2.395475 0.000954
data -0.327115 0.341992 -1.101511 0.036813 -2.388227 0.000954
data -0.327115 0.341992 -1.101511 0.036813 -2.385939 0.000954
data -0.327497 0.341611 -1.101511 0.036431 -2.382124 0.000954
data -0.327878 0.341611 -1.101511 0.036050 -2.379072 0.000954
data -0.327878 0.341611 -1.101511 0.036050 -2.379072 0.000954
data -0.328259 0.341611 -1.101511 0.035668 -2.371443 0.000954
data -0.328259 0.341611 -1.101511 0.035668 -2.371443 0.000954
data -0.329022 0.341229 -1.101511 0.035287 -2.363432 0.000954
data -0.329022 0.341229 -1.101511 0.034905 -2.356565 0.000954
data -0.329404 0.340848 -1.101511 0.034905 -2.350462 0.000954
data -0.329785 0.340848 -1.101511 0.034524 -2.345503 0.000954
data -0.330167 0.340848 -1.101511 0.034142 -2.340161 0.000954
data -0.330167 0.340848 -1.101511 0.034142 -2.332913 0.000954
data -0.330930 0.340848 -1.101511 0.033761 -2.318036 0.000954
data -0.330930 0.340848 -1.101511 0.033761 -2.318036 0.000954
data -0.331311 0.340848 -1.101511 0.033761 -2.311933 0.000954
data -0.331693 0.340848 -1.101511 0.033380 -2.299726 0.000954
data -0.332074 0.340848 -1.101511 0.032998 -2.291333 0.000954
data -0.332456 0.340848 -1.101511 0.032617 -2.283322 0.000954
data -0.332837 0.340848 -1.101511 0.032617 -2.274166 0.000954
data -0.333219 0.340848 -1.101511 0.032235 -2.265774 0.000954
data -0.333600 0.340848 -1.101511 0.032235 -2.256237 0.000954
data -0.334363 0.340848 -1.101511 0.032235 -2.256237 0.000954
data -0.334363 0.340848 -1.101511 0.031472 -2.232586 0.000954
data -0.334744 0.340848 -1.101511 0.031472 -2.221905 0.000954
data -0.335126 0.340848 -1.101511 0.031472 -2.212749 0.000954
data -0.335889 0.340848 -1.101511 0.031090 -2.202067 0.000954
data -0.336270 0.340848 -1.101511 0.031090 -2.191386 0.000572
data -0.336652 0.340848 -1.101511 0.031090 -2.179942 0.000954
data -0.336652 0.340848 -1.101511 0.031090 -2.179942 0.000954
data -0.336652 0.340848 -1.101511 0.031090 -2.179942 0.000954
data -0.337796 0.340848 -1.101511 0.030708 -2.150187 0.000954
data -0.338559 0.340848 -1.101511 0.030708 -2.129206 0.000572
data -0.339322 0.340848 -1.101511 0.030708 -2.115473 0.000954
data -0.339704 0.340848 -1.101511 0.030708 -2.103647 0.000954
data -0.340085 0.340848 -1.101511 0.031090 -2.089532 0.000954
data -0.340848 0.340848 -1.101511 0.031090 -2.077325 0.000954
data -0.341611 0.340848 -1.101511 0.031090 -2.054055 0.000572
data -0.341611 0.340848 -1.101511 0.031090 -2.054055 0.000572
data -0.342374 0.341229 -1.101511 0.031472 -2.039559 0.000954
data -0.343137 0.341229 -1.101511 0.031472 -2.039559 0.000954
data -0.343518 0.341229 -1.101511 0.031854 -2.013618 0.000954
data -0.344282 0.341229 -1.101511 0.031854 -1.992638 0.000954
data -0.344664 0.341229 -1.101511 0.032235 -1.978523 0.000954
data -0.345427 0.341611 -1.101511 0.032617 -1.963645 0.000954
data -0.345427 0.341611 -1.101511 0.032617 -1.963645 0.000954
data -0.346571 0.341611 -1.101511 0.032617 -1.963645 0.000954
data -0.347334 0.341992 -1.101511 0.034142 -1.928931 0.000954
data -0.347715 0.341992 -1.101511 0.034524 -1.900702 0.000954
data -0.348097 0.342374 -1.101511 0.034905 -1.885443 0.000572
data -0.348860 0.342755 -1.101511 0.035668 -1.868658 0.000954
data -0.349241 0.343137 -1.101511 0.035668 -1.868658 0.000954
data -0.350004 0.343137 -1.101892 0.036813 -1.840428 0.000954
data -0.350004 0.343137 -1.101892 0.036813 -1.840428 0.000954
data -0.350767 0.343518 -1.101892 0.037957 -1.840428 0.000954
data -0.351149 0.343901 -1.101892 0.038720 -1.791982 0.000954
data -0.351530 0.343901 -1.101892 0.039102 -1.777866 0.000572
data -0.351912 0.344282 -1.101892 0.039865 -1.763371 0.000954
data -0.352674 0.344282 -1.101892 0.040627 -1.748112 0.000954
data -0.352674 0.344664 -1.101892 0.041390 -1.735905 0.000954
data -0.353056 0.345045 -1.101892 0.042535 -1.720264 0.000954
data -0.353056 0.345045 -1.101892 0.042535 -1.720264 0.000954
data -0.353819 0.345427 -1.101892 0.044442 -1.692798 0.000954
data -0.354200 0.345427 -1.101892 0.045205 -1.674487 0.000954
data -0.354582 0.345808 -1.102274 0.046350 -1.661517 0.000954
data -0.354963 0.345808 -1.102274 0.047112 -1.647020 0.000954
data -0.355345 0.346189 -1.102274 0.048257 -1.633287 0.000954
data -0.355726 0.346571 -1.102274 0.049401 -1.618792 0.000954
data -0.355726 0.346952 -1.102274 0.050546 -1.604296 0.000572
data -0.355726 0.346952 -1.102274 0.050546 -1.604296 0.000572
data -0.356489 0.347715 -1.102655 0.052835 -1.578355 0.000954
data -0.356489 0.347715 -1.102655 0.052835 -1.578355 0.000954
data -0.356489 0.347715 -1.102655 0.052835 -1.578355 0.000954
data -0.356871 0.348860 -1.103037 0.055123 -1.578355 0.000954
data -0.357252 0.349241 -1.103037 0.056649 -1.521515 0.000954
data -0.357252 0.349241 -1.103037 0.057794 -1.508545 0.000954
data -0.357634 0.349241 -1.103037 0.057794 -1.508545 0.000954
data -0.357634 0.350386 -1.103418 0.060845 -1.478409 0.000954
data -0.357634 0.350767 -1.103800 0.061990 -1.458190 0.000572
data -0.357634 0.351149 -1.103800 0.062753 -1.458190 0.000572
data -0.357634 0.351530 -1.104181 0.063516 -1.436828 0.000954
data -0.357634 0.351912 -1.104181 0.064279 -1.425384 0.000954
data -0.357634 0.352293 -1.104563 0.065423 -1.412414 0.000954
data -0.357634 0.352293 -1.104563 0.066186 -1.399824 0.000954
data -0.357252 0.352293 -1.104563 0.066186 -1.399824 0.000954
data -0.357252 0.353056 -1.105326 0.067712 -1.377317 0.000572
data -0.357252 0.353437 -1.105326 0.068856 -1.359770 0.000954
data -0.357252 0.353819 -1.105707 0.069619 -1.349852 0.000572
data -0.357252 0.354200 -1.106089 0.069619 -1.349852 0.000572
data -0.357252 0.354200 -1.106089 0.070764 -1.328107 0.000954
data -0.357252 0.354582 -1.106470 0.071527 -1.317426 0.000954
data -0.357252 0.354582 -1.106470 0.071527 -1.317426 0.000954
data -0.357252 0.354963 -1.106852 0.071527 -1.317426 0.000954
data -0.357252 0.355345 -1.107233 0.073815 -1.281185 0.000572
data -0.357252 0.355726 -1.107615 0.074960 -1.269360 0.000954
data -0.357252 0.356108 -1.107615 0.075723 -1.258297 0.000954
data -0.357252 0.356489 -1.107996 0.076486 -1.249142 0.000572
data -0.357252 0.356871 -1.107996 0.076867 -1.238842 0.000954
data -0.357252 0.357252 -1.108377 0.077630 -1.229305 0.000954
data -0.357252 0.357252 -1.108377 0.077630 -1.229305 0.000954
data -0.357252 0.357634 -1.108377 0.078774 -1.213283 0.000954
data -0.357252 0.358397 -1.108759 0.079537 -1.203364 0.000954
data -0.357252 0.358397 -1.109140 0.080682 -1.189250 0.000954
data -0.357252 0.358778 -1.109140 0.081445 -1.177806 0.000954
data -0.357252 0.359159 -1.109522 0.081826 -1.177806 0.000954
data -0.357252 0.359541 -1.109522 0.082589 -1.161784 0.000954
data -0.357252 0.359922 -1.109903 0.083352 -1.151484 0.000954
data -0.357252 0.359922 -1.109903 0.083352 -1.151484 0.000954
data -0.357252 0.360304 -1.110285 0.084115 -1.135080 0.000954
data -0.356871 0.360685 -1.110666 0.084878 -1.123255 0.000954
data -0.356871 0.360685 -1.111048 0.084878 -1.123255 0.000954
data -0.356871 0.361067 -1.111429 0.086022 -1.108377 0.000954
data -0.356871 0.361067 -1.111811 0.086404 -1.096933 0.000572
data -0.356489 0.361448 -1.112192 0.086785 -1.089303 0.000572
data -0.356489 0.361448 -1.112574 0.087167 -1.081292 0.000954
data -0.356489 0.361448 -1.112574 0.087167 -1.081292 0.000954
data -0.355726 0.361830 -1.113337 0.087930 -1.067178 0.000954
data -0.355726 0.361830 -1.113337 0.087930 -1.067178 0.000954
data -0.355345 0.362211 -1.114100 0.088311 -1.052300 0.000954
data -0.354963 0.362593 -1.114481 0.088311 -1.043145 0.000954
data -0.354582 0.362593 -1.114862 0.088311 -1.031701 0.000954
data -0.354200 0.362974 -1.115244 0.088311 -1.024834 0.000954
data -0.353819 0.363737 -1.116007 0.088311 -1.024834 0.000954
data -0.353819 0.363737 -1.116007 0.088311 -1.024834 0.000954
data -0.353437 0.363737 -1.116388 0.088693 -1.006905 0.000954
data -0.353056 0.364119 -1.116770 0.088693 -0.995842 0.000954
data -0.352674 0.364119 -1.116770 0.088693 -0.995842 0.000954
data -0.351912 0.364500 -1.117533 0.088693 -0.985924 0.000954
data -0.351530 0.364500 -1.117914 0.088693 -0.980583 0.000954
data -0.351530 0.364500 -1.117914 0.088311 -0.972954 0.000954
data -0.350767 0.364882 -1.118296 0.088311 -0.963035 0.000954
data -0.350004 0.364882 -1.118296 0.088311 -0.963035 0.000954
data -0.350004 0.364882 -1.118677 0.088311 -0.953116 0.000954
data -0.349623 0.364882 -1.118677 0.088311 -0.953116 0.000954
data -0.349241 0.365263 -1.119440 0.088311 -0.941672 0.000954
data -0.348478 0.365644 -1.119822 0.088311 -0.934043 0.000954
data -0.348097 0.365644 -1.120203 0.088311 -0.927558 0.000954
data -0.348097 0.365644 -1.120203 0.088311 -0.927558 0.000954
data -0.347715 0.365644 -1.120203 0.087930 -0.922217 0.000954
data -0.346189 0.365644 -1.120966 0.087930 -0.908103 0.000954
data -0.345808 0.365644 -1.120966 0.087930 -0.901236 0.000954
data -0.345427 0.365644 -1.121347 0.087930 -0.901236 0.000954
data -0.344664 0.366026 -1.121347 0.088311 -0.892080 0.000954
data -0.344282 0.366026 -1.121729 0.087930 -0.886740 0.000954
data -0.343901 0.366026 -1.121729 0.087930 -0.881018 0.000954
data -0.343137 0.366026 -1.121729 0.087930 -0.876440 0.000954
data -0.343137 0.366026 -1.121729 0.087930 -0.876440 0.000954
data -0.342374 0.366407 -1.122110 0.087930 -0.868048 0.000954
data -0.341611 0.366407 -1.122110 0.087930 -0.860800 0.000954
data -0.341229 0.366789 -1.122110 0.087930 -0.860800 0.000954
data -0.340848 0.366789 -1.122492 0.087930 -0.852789 0.000954
data -0.340085 0.366789 -1.122492 0.087930 -0.852789 0.000954
data -0.339704 0.367170 -1.122492 0.088311 -0.844015 0.000954
data -0.338941 0.367170 -1.122873 0.088311 -0.835622 0.000954
data -0.338941 0.367170 -1.122873 0.088311 -0.835622 0.000954
data -0.338178 0.367552 -1.122873 0.088311 -0.829900 0.000954
data -0.337415 0.367552 -1.122873 0.088311 -0.823033 0.000954
data -0.337033 0.367552 -1.122873 0.088311 -0.818837 0.000954
data -0.336652 0.367552 -1.123255 0.088311 -0.814641 0.000954
data -0.335889 0.367933 -1.123255 0.088693 -0.810063 0.000954
data -0.335507 0.367933 -1.123255 0.088693 -0.810063 0.000954
data -0.334744 0.367933 -1.123636 0.088693 -0.799001 0.000954
data -0.334744 0.367933 -1.123636 0.088693 -0.799001 0.000954
data -0.333982 0.368315 -1.123636 0.088693 -0.791371 0.000954
data -0.333600 0.368315 -1.124018 0.088693 -0.788701 0.000954
data -0.333219 0.368315 -1.124018 0.088693 -0.784886 0.000954
data -0.332456 0.368696 -1.124018 0.088693 -0.781453 0.000954
data -0.332074 0.368696 -1.124018 0.088693 -0.777637 0.000954
data -0.331693 0.368696 -1.124018 0.088693 -0.774586 0.000954
data -0.331693 0.368696 -1.124018 0.088693 -0.774586 0.000954
data -0.330548 0.368696 -1.124018 0.088693 -0.774586 0.000954
data -0.330167 0.369078 -1.124399 0.088693 -0.774586 0.000954
data -0.329785 0.369078 -1.124781 0.088693 -0.758945 0.000954
data -0.329404 0.369459 -1.124781 0.088693 -0.755894 0.000954
data -0.329022 0.369459 -1.124781 0.088693 -0.752842 0.000954
data -0.329022 0.369459 -1.124781 0.088693 -0.752842 0.000954
data -0.328259 0.369459 -1.125162 0.088693 -0.747120 0.000954
data -0.328259 0.369459 -1.125162 0.088693 -0.747120 0.000954
data -0.328259 0.369459 -1.125162 0.088693 -0.747120 0.000954
data -0.326734 0.369459 -1.125544 0.088693 -0.738346 0.000954
data -0.325971 0.369459 -1.125544 0.088693 -0.732624 0.000572
data -0.325589 0.369459 -1.125925 0.088693 -0.732624 0.000572
data -0.325589 0.369459 -1.125925 0.088693 -0.727283 0.000954
data -0.325208 0.369459 -1.125925 0.088693 -0.724613 0.000954
data -0.324826 0.369459 -1.125925 0.088693 -0.721561 0.000954
data -0.324826 0.369459 -1.125925 0.088693 -0.721561 0.000954
data -0.324826 0.369459 -1.125925 0.088693 -0.721561 0.000954
data -0.323682 0.369459 -1.126307 0.088693 -0.715838 0.000954
data -0.323300 0.369841 -1.126688 0.088693 -0.710879 0.000954
data -0.322919 0.369841 -1.126688 0.088693 -0.708209 0.000954
data -0.322537 0.369841 -1.127069 0.088693 -0.705539 0.000954
data -0.322537 0.369841 -1.127069 0.088693 -0.705539 0.000954
data -0.321774 0.369841 -1.127069 0.088693 -0.701724 0.000954
data -0.321774 0.369841 -1.127069 0.088693 -0.701724 0.000954
data -0.321012 0.369841 -1.127451 0.089074 -0.701724 0.000954
data -0.320630 0.370222 -1.127451 0.089074 -0.696002 0.000954
data -0.320630 0.370222 -1.127832 0.089074 -0.691424 0.000954
data -0.320249 0.370222 -1.127832 0.089456 -0.687991 0.000954
data -0.319867 0.370222 -1.127832 0.089456 -0.686084 0.000954
data -0.319486 0.370222 -1.128214 0.089456 -0.684176 0.000954
data -0.319486 0.370222 -1.128214 0.089456 -0.684176 0.000954
data -0.319486 0.370222 -1.128214 0.089456 -0.684176 0.000954
data -0.318341 0.370222 -1.128214 0.089837 -0.679599 0.000954
data -0.317960 0.370222 -1.128595 0.089837 -0.675403 0.000954
data -0.317960 0.370222 -1.128595 0.089837 -0.675403 0.000954
data -0.317578 0.370222 -1.128595 0.090219 -0.671206 0.000954
data -0.317197 0.370222 -1.128595 0.090219 -0.669681 0.000954
data -0.316815 0.370222 -1.128595 0.090600 -0.667773 0.000954
data -0.316815 0.370222 -1.128595 0.090600 -0.667773 0.000954
data -0.316052 0.370604 -1.128977 0.090600 -0.667773 0.000954
data -0.316052 0.370604 -1.128977 0.090600 -0.663577 0.000954
data -0.315671 0.370604 -1.128977 0.090981 -0.663577 0.000954
data -0.315289 0.370604 -1.128977 0.090981 -0.660525 0.000954
data -0.315289 0.370604 -1.128977 0.091363 -0.657474 0.000954
data -0.315289 0.370985 -1.129358 0.091363 -0.654039 0.000954
data -0.314527 0.370985 -1.129358 0.091363 -0.654039 0.000954
data -0.314527 0.370985 -1.129358 0.091363 -0.654039 0.000954
data -0.314527 0.370985 -1.129358 0.091363 -0.654039 0.000954
data -0.314145 0.370985 -1.129358 0.091744 -0.648699 0.000954
data -0.313764 0.370985 -1.129358 0.092126 -0.645266 0.000954
data -0.313764 0.370985 -1.129358 0.092507 -0.643740 0.000954
data -0.313382 0.370985 -1.129358 0.092507 -0.642214 0.000954
data -0.313001 0.370985 -1.129740 0.092507 -0.642214 0.000954
data -0.313001 0.370985 -1.129740 0.092889 -0.639162 0.000954
data -0.313001 0.370985 -1.129740 0.092889 -0.639162 0.000954
data -0.313001 0.370985 -1.129740 0.092889 -0.639162 0.000954
data -0.312619 0.370985 -1.129740 0.092889 -0.639162 0.000954
data -0.312238 0.370985 -1.129740 0.093270 -0.633059 0.000954
data -0.311856 0.371367 -1.129740 0.093270 -0.633059 0.000954
data -0.311856 0.370985 -1.129740 0.093270 -0.630770 0.000954
data -0.311475 0.371367 -1.129740 0.093652 -0.629625 0.000954
data -0.311093 0.371367 -1.130121 0.093652 -0.628099 0.000954
data -0.311093 0.371367 -1.130121 0.093652 -0.628099 0.000954
data -0.310712 0.371367 -1.130121 0.094034 -0.624666 0.000954
data -0.310712 0.371367 -1.130121 0.094034 -0.623522 0.000954
data -0.310712 0.371367 -1.130121 0.094416 -0.622377 0.000954
data -0.310330 0.371367 -1.130503 0.094416 -0.620852 0.000954
data -0.310330 0.371367 -1.130503 0.094416 -0.620852 0.000954
data -0.309949 0.371367 -1.130503 0.095179 -0.619326 0.000954
data -0.309949 0.371367 -1.130884 0.095560 -0.616274 0.000954
data -0.309949 0.371367 -1.130884 0.095560 -0.616274 0.000954
data -0.309949 0.371367 -1.130884 0.095560 -0.616274 0.000954
data -0.309567 0.371367 -1.130884 0.095942 -0.613985 0.000954
data -0.309186 0.371367 -1.131266 0.095942 -0.612841 0.000954
data -0.309186 0.371367 -1.131266 0.095942 -0.611696 0.000954
data -0.309186 0.371367 -1.131266 0.095942 -0.611696 0.000954
data -0.309186 0.371367 -1.131266 0.096323 -0.609789 0.000954
data -0.309186 0.371367 -1.131266 0.096323 -0.609789 0.000954
data -0.309186 0.371367 -1.131647 0.096704 -0.609789 0.000954
data -0.309186 0.371367 -1.131647 0.096704 -0.606356 0.000954
data -0.309186 0.371367 -1.132029 0.096704 -0.605593 0.000572
data -0.309186 0.371367 -1.132029 0.097086 -0.604448 0.000954
data -0.309186 0.371367 -1.132410 0.097086 -0.603304 0.000954
data -0.309186 0.371367 -1.132410 0.097086 -0.603304 0.000954
data -0.309186 0.371367 -1.132410 0.097467 -0.601778 0.000954
data -0.309186 0.371367 -1.132410 0.097467 -0.601778 0.000954
data -0.309186 0.371367 -1.132792 0.097849 -0.599108 0.000954
data -0.309186 0.371367 -1.133173 0.098230 -0.598345 0.000954
data -0.309186 0.371367 -1.133173 0.098230 -0.596819 0.000954
data -0.309186 0.371367 -1.133173 0.098612 -0.595675 0.000954
data -0.309186 0.371367 -1.133173 0.098612 -0.595675 0.000954
data -0.309186 0.371367 -1.133173 0.098993 -0.594149 0.000954
data -0.309186 0.371367 -1.133173 0.098993 -0.594149 0.000954
data -0.309186 0.371367 -1.133173 0.098993 -0.594149 0.000954
data -0.309186 0.371367 -1.133554 0.099756 -0.594149 0.000954
data -0.309186 0.371367 -1.133554 0.100519 -0.589952 0.000954
data -0.309186 0.371367 -1.133936 0.100519 -0.589189 0.000954
data -0.309186 0.371367 -1.133936 0.100901 -0.588426 0.000954
data -0.309186 0.371367 -1.133936 0.101282 -0.588426 0.000954
data -0.309186 0.371367 -1.133936 0.101282 -0.586900 0.000954
data -0.309186 0.371367 -1.133936 0.102045 -0.585755 0.000954
data -0.309186 0.371367 -1.133936 0.102045 -0.585755 0.000954
data -0.309186 0.371367 -1.133936 0.102045 -0.585755 0.000954
data -0.309186 0.371367 -1.133936 0.102045 -0.585755 0.000954
data -0.309186 0.371367 -1.133936 0.103571 -0.583467 0.000954
data -0.309186 0.371367 -1.133936 0.103952 -0.582322 0.000954
data -0.309186 0.371367 -1.133936 0.104334 -0.581559 0.000954
data -0.309186 0.371367 -1.133936 0.104715 -0.581178 0.000954
data -0.309186 0.371367 -1.133936 0.105478 -0.580033 0.000954
data -0.309186 0.371367 -1.133936 0.105478 -0.580033 0.000954
data -0.309186 0.371367 -1.133936 0.106241 -0.578889 0.000954
data -0.309186 0.371367 -1.133936 0.107004 -0.577744 0.000954
data -0.309186 0.371367 -1.133936 0.107386 -0.576982 0.000954
data -0.309186 0.371367 -1.133936 0.107767 -0.576600 0.000954
data -0.309186 0.371367 -1.133936 0.107767 -0.575837 0.000954
data -0.309186 0.371367 -1.133936 0.108149 -0.575456 0.000954
data -0.309186 0.371367 -1.133936 0.108149 -0.575456 0.000954
data -0.309186 0.371367 -1.133936 0.108912 -0.573930 0.000954
data -0.309186 0.371367 -1.133936 0.108912 -0.573930 0.000954
data -0.309186 0.371367 -1.133936 0.108912 -0.573930 0.000954
data -0.309186 0.371367 -1.133936 0.110056 -0.572785 0.000954
data -0.309186 0.371367 -1.133936 0.110056 -0.572022 0.000954
data -0.309186 0.371367 -1.133936 0.110437 -0.571641 0.000954
data -0.309186 0.371367 -1.133936 0.110437 -0.571641 0.000954
data -0.309186 0.371367 -1.133936 0.110437 -0.571641 0.000954
data -0.309186 0.371367 -1.133936 0.111200 -0.570115 0.000954
data -0.309567 0.371367 -1.133936 0.111200 -0.569734 0.000954
data -0.309567 0.371367 -1.133936 0.111200 -0.569352 0.000954
data -0.309567 0.371367 -1.133936 0.111582 -0.568971 0.000954
data -0.309567 0.371367 -1.133936 0.111582 -0.568971 0.000954
data -0.309567 0.371367 -1.133936 0.111963 -0.568589 0.000954
data -0.309567 0.371367 -1.133936 0.111963 -0.568589 0.000954
data -0.309567 0.371367 -1.133936 0.111963 -0.567826 0.000954
data -0.309567 0.371367 -1.133936 0.111963 -0.567826 0.000954
data -0.309567 0.371367 -1.133936 0.111963 -0.567826 0.000954
data -0.309567 0.371367 -1.133936 0.112345 -0.567063 0.000954
data -0.309567 0.371367 -1.133936 0.112726 -0.566682 0.000954
data -0.309567 0.371367 -1.133936 0.112726 -0.566682 0.000954
data -0.309567 0.371367 -1.133936 0.113108 -0.565919 0.000954
data -0.309567 0.371367 -1.133936 0.113108 -0.565919 0.000954
data -0.309949 0.371748 -1.133936 0.113108 -0.565537 0.000954
data -0.309949 0.371748 -1.133936 0.113108 -0.565537 0.000954
data -0.309949 0.371748 -1.133936 0.113489 -0.565537 0.000954
data -0.309949 0.371748 -1.133936 0.113489 -0.565537 0.000954
data -0.309949 0.371748 -1.133936 0.113489 -0.565537 0.000954
data -0.310330 0.371748 -1.133936 0.113489 -0.565537 0.000954
data -0.310330 0.371748 -1.133936 0.113108 -0.565537 0.000954
data -0.310330 0.371748 -1.133936 0.113108 -0.565156 0.000954
data -0.310330 0.371748 -1.133936 0.113108 -0.565156 0.000954
data -0.310330 0.371748 -1.133936 0.113108 -0.565156 0.000954
data -0.310330 0.371748 -1.133936 0.113108 -0.564775 0.000954
data -0.310330 0.371748 -1.133936 0.113108 -0.564775 0.000954
data -0.310330 0.371748 -1.133936 0.112726 -0.564012 0.000954
data -0.310330 0.371748 -1.133936 0.112726 -0.563630 0.000954
data -0.310330 0.371748 -1.133936 0.112726 -0.562867 0.000954
data -0.310330 0.371748 -1.133936 0.112726 -0.562104 0.000954
data -0.310330 0.371748 -1.133936 0.112726 -0.561723 0.000954
data -0.310330 0.371748 -1.133936 0.112726 -0.560578 0.000954
data -0.310330 0.371748 -1.133936 0.112726 -0.560578 0.000954
data -0.309949 0.371748 -1.133936 0.113108 -0.558671 0.000954
data -0.309949 0.371748 -1.133936 0.113108 -0.558671 0.000954
data -0.309949 0.371367 -1.133936 0.113489 -0.556382 0.000954
data -0.309949 0.371367 -1.133936 0.113489 -0.554093 0.000954
data -0.309567 0.371367 -1.133936 0.113489 -0.554093 0.000954
data -0.309567 0.370985 -1.133936 0.113489 -0.554093 0.000954
data -0.309567 0.370985 -1.133936 0.114252 -0.548753 0.000954
data -0.309186 0.370985 -1.133936 0.114634 -0.546845 0.000954
data -0.309186 0.370604 -1.133936 0.114634 -0.544557 0.000572
data -0.309186 0.370604 -1.133936 0.115396 -0.539598 0.000954
data -0.309186 0.370604 -1.133936 0.115396 -0.539598 0.000954
data -0.309186 0.370604 -1.133936 0.116159 -0.534638 0.000954
data -0.309186 0.370604 -1.133936 0.116922 -0.531968 0.000954
data -0.309186 0.370604 -1.133936 0.117685 -0.528915 0.000954
data -0.309186 0.370604 -1.133936 0.118067 -0.526627 0.000954
data -0.309186 0.370222 -1.133936 0.118830 -0.526627 0.000954
data -0.309186 0.370222 -1.133936 0.119211 -0.519760 0.000572
data -0.309186 0.370222 -1.133936 0.120356 -0.514420 0.000954
data -0.309186 0.370222 -1.133936 0.121500 -0.509079 0.000954
data -0.309186 0.370222 -1.133936 0.121500 -0.509079 0.000954
data -0.309186 0.370222 -1.133936 0.121500 -0.509079 0.000954
data -0.309186 0.370222 -1.133936 0.121500 -0.509079 0.000954
data -0.309186 0.370222 -1.133936 0.123407 -0.500687 0.000954
data -0.309567 0.370222 -1.133936 0.123407 -0.489624 0.000954
data -0.309567 0.370222 -1.133936 0.123789 -0.484283 0.000954
data -0.309567 0.370222 -1.133936 0.123789 -0.484283 0.000954
data -0.309567 0.370222 -1.133936 0.123789 -0.484283 0.000954
data -0.309567 0.370222 -1.133936 0.124552 -0.484283 0.000954
data -0.309567 0.370222 -1.133936 0.124933 -0.462157 0.000954
data -0.309567 0.370222 -1.133936 0.124933 -0.456054 0.000954
data -0.309567 0.370222 -1.133936 0.125315 -0.450713 0.000954
data -0.309567 0.370222 -1.133936 0.125315 -0.450713 0.000954
data -0.309949 0.370222 -1.133936 0.124933 -0.437743 0.000954
data -0.309949 0.370222 -1.133936 0.124933 -0.431258 0.000954
data -0.309949 0.370222 -1.133936 0.124933 -0.431258 0.000954
data -0.310330 0.370222 -1.133936 0.124933 -0.415999 0.000954
data -0.310330 0.370222 -1.133936 0.124933 -0.415999 0.000954
data -0.310712 0.370222 -1.133936 0.124933 -0.406463 0.000954
data -0.310712 0.370222 -1.133936 0.124552 -0.396544 0.000954
data -0.310712 0.370222 -1.133936 0.124552 -0.396544 0.000954
data -0.311475 0.370222 -1.133936 0.124552 -0.380903 0.000954
data -0.311856 0.370222 -1.133936 0.124552 -0.372892 0.000954
data -0.311856 0.370222 -1.133936 0.124552 -0.372892 0.000954
data -0.312238 0.370222 -1.133936 0.124552 -0.361067 0.000954
data -0.312619 0.370222 -1.133936 0.124552 -0.361067 0.000954
data -0.312619 0.370222 -1.133936 0.124552 -0.361067 0.000954
data -0.313001 0.370222 -1.133936 0.124552 -0.361067 0.000954
data -0.313382 0.370222 -1.133936 0.124170 -0.324063 0.000954
data -0.313764 0.370222 -1.133936 0.124170 -0.314145 0.000954
data -0.314145 0.370222 -1.133936 0.124170 -0.306134 0.000954
data -0.314145 0.370222 -1.133936 0.124170 -0.306134 0.000954
data -0.314527 0.370222 -1.133936 0.124170 -0.306134 0.000954
data -0.314908 0.370222 -1.133936 0.124170 -0.306134 0.000954
data -0.315289 0.370222 -1.133936 0.124933 -0.269512 0.000954
data -0.315289 0.370604 -1.133936 0.125315 -0.259594 0.000954
data -0.315671 0.370604 -1.133936 0.125315 -0.251202 0.000572
data -0.316052 0.370604 -1.133936 0.125315 -0.238613 0.000954
data -0.316052 0.370604 -1.133936 0.125315 -0.238613 0.000954
data -0.316815 0.370985 -1.133936 0.125696 -0.218777 0.000954
data -0.316815 0.370985 -1.133936 0.125696 -0.218777 0.000954
data -0.316815 0.370985 -1.133936 0.125696 -0.218777 0.000954
data -0.316815 0.370985 -1.133936 0.125696 -0.218777 0.000954
data -0.316815 0.370985 -1.133936 0.125696 -0.218777 0.000954
data -0.316815 0.370985 -1.133936 0.125696 -0.218777 0.000954
data -0.316815 0.370985 -1.133936 0.125696 -0.218777 0.000954
data -0.319104 0.370985 -1.133936 0.128366 -0.148584 0.000954
data -0.319104 0.370985 -1.133936 0.128366 -0.148584 0.000954
data -0.321012 0.370985 -1.133936 0.129892 -0.081445 0.000954
data -0.321393 0.370985 -1.133936 0.129892 -0.063516 0.000954
data -0.321393 0.370985 -1.133936 0.129892 -0.063516 0.000954
data -0.322537 0.370985 -1.133936 0.129892 -0.034905 0.000954
data -0.322919 0.370985 -1.133936 0.129892 -0.018120 0.000954
data -0.323300 0.370985 -1.133936 0.129511 -0.004387 0.000954
data -0.324063 0.370985 -1.133936 0.129511 0.010872 0.000954
data -0.324063 0.370985 -1.133936 0.129511 0.010872 0.000954
data -0.324445 0.370985 -1.133936 0.129129 0.031472 0.000954
data -0.325208 0.370985 -1.133936 0.129129 0.047112 0.000954
data -0.325208 0.370985 -1.133936 0.129129 0.047112 0.000954
data -0.325208 0.370985 -1.133936 0.129129 0.047112 0.000954
data -0.326352 0.370985 -1.133936 0.128366 0.047112 0.000954
data -0.326734 0.370985 -1.133936 0.128366 0.100901 0.000954
data -0.327497 0.370985 -1.133936 0.128366 0.100901 0.000954
data -0.327497 0.370985 -1.133936 0.127985 0.123789 0.000954
data -0.328259 0.370985 -1.133936 0.127985 0.123789 0.000954
data -0.328641 0.370985 -1.133936 0.127985 0.140955 0.000954
data -0.328641 0.370985 -1.133936 0.127604 0.161174 0.000954
data -0.329404 0.370985 -1.133936 0.127604 0.179103 0.000954
data -0.329785 0.370985 -1.133936 0.127222 0.200847 0.000954
data -0.330167 0.370985 -1.133936 0.127222 0.213054 0.000954
data -0.330930 0.370985 -1.133936 0.127222 0.227932 0.000954
data -0.331311 0.370985 -1.133936 0.127222 0.243572 0.000954
data -0.331311 0.370985 -1.133936 0.126841 0.255779 0.000954
data -0.331311 0.370985 -1.133936 0.126841 0.255779 0.000954
data -0.332074 0.370985 -1.133936 0.126841 0.255779 0.000954
data -0.332456 0.370985 -1.133936 0.126459 0.293546 0.000954
data -0.332837 0.370985 -1.133936 0.126459 0.293546 0.000954
data -0.333219 0.370985 -1.133936 0.125696 0.332837 0.000572
data -0.333600 0.370604 -1.133936 0.125315 0.345045 0.000954
data -0.333982 0.370604 -1.133936 0.124933 0.359541 0.000954
data -0.334363 0.370604 -1.133936 0.124170 0.377470 0.000954
data -0.334363 0.370604 -1.133936 0.124170 0.377470 0.000954
data -0.334363 0.370604 -1.133936 0.124170 0.377470 0.000954
data -0.335126 0.370604 -1.133936 0.122263 0.427062 0.000954
data -0.335507 0.370604 -1.133936 0.121500 0.441939 0.000954
data -0.335889 0.370604 -1.133936 0.120737 0.456435 0.000954
data -0.336270 0.370604 -1.133936 0.119974 0.473221 0.000954
data -0.336652 0.370604 -1.133936 0.118830 0.473221 0.000954
data -0.336652 0.370604 -1.133936 0.118067 0.504120 0.000954
data -0.336652 0.370604 -1.133936 0.118067 0.504120 0.000954
data -0.336652 0.370604 -1.133936 0.118067 0.504120 0.000954
data -0.336652 0.370604 -1.133936 0.118067 0.504120 0.000954
data -0.338178 0.370222 -1.133936 0.115015 0.552949 0.000954
data -0.338559 0.370222 -1.133936 0.111963 0.589189 0.000954
data -0.338559 0.370222 -1.133936 0.111200 0.604067 0.000954
data -0.338941 0.370222 -1.133936 0.110056 0.620852 0.000954
data -0.339322 0.370222 -1.133936 0.108530 0.636873 0.000954
data -0.339322 0.370222 -1.133936 0.108530 0.636873 0.000954
data -0.339704 0.370222 -1.133936 0.105860 0.636873 0.000954
data -0.340085 0.370222 -1.133936 0.104334 0.689517 0.000954
data -0.340466 0.370222 -1.133936 0.103189 0.689517 0.000954
data -0.340848 0.370222 -1.133936 0.101664 0.723850 0.000954
data -0.341229 0.370222 -1.133936 0.101664 0.723850 0.000954
data -0.341229 0.370222 -1.133936 0.099375 0.755131 0.000572
data -0.341611 0.370222 -1.133936 0.097849 0.772297 0.000572
data -0.341611 0.370222 -1.133936 0.097849 0.772297 0.000572
data -0.342374 0.370222 -1.133554 0.095560 0.802052 0.000954
data -0.342374 0.370222 -1.133554 0.095560 0.802052 0.000954
data -0.342374 0.370222 -1.133554 0.095560 0.802052 0.000954
data -0.343518 0.370222 -1.133936 0.091744 0.841725 0.000954
data -0.343901 0.370222 -1.133936 0.089456 0.869192 0.000954
data -0.344282 0.370222 -1.133936 0.089456 0.869192 0.000954
data -0.344664 0.370222 -1.133936 0.087548 0.892462 0.000954
data -0.344664 0.370222 -1.133936 0.084878 0.919166 0.000954
data -0.345045 0.370222 -1.133936 0.083734 0.931754 0.000954
data -0.345808 0.370222 -1.133936 0.081826 0.955024 0.000954
data -0.345808 0.370222 -1.133936 0.080682 0.969139 0.000954
data -0.346189 0.370222 -1.133936 0.079537 0.984779 0.000954
data -0.346571 0.370222 -1.133936 0.078012 1.001183 0.000954
data -0.347334 0.370222 -1.133936 0.076867 1.017586 0.000954
data -0.348097 0.370222 -1.133936 0.076867 1.017586 0.000954
data -0.348097 0.370222 -1.133936 0.074197 1.053445 0.000954
data -0.348097 0.370222 -1.133554 0.074197 1.053445 0.000954
data -0.348097 0.370222 -1.133554 0.074197 1.053445 0.000954
data -0.348097 0.370222 -1.133554 0.074197 1.053445 0.000954
data -0.350004 0.370222 -1.133936 0.071527 1.089684 0.000954
data -0.350386 0.370222 -1.133936 0.068856 1.128214 0.000954
data -0.350767 0.370222 -1.133554 0.068093 1.143091 0.000954
data -0.350767 0.370222 -1.133554 0.068093 1.143091 0.000954
data -0.352293 0.370222 -1.133554 0.065804 1.143091 0.000954
data -0.352674 0.370222 -1.133936 0.065804 1.179713 0.000954
data -0.353437 0.370222 -1.133936 0.063897 1.210612 0.000954
data -0.353819 0.370222 -1.133936 0.063134 1.227016 0.000954
data -0.354582 0.370222 -1.133554 0.062371 1.240749 0.000954
data -0.354963 0.370222 -1.133936 0.061608 1.256390 0.000954
data -0.355726 0.370222 -1.133936 0.061227 1.269360 0.000954
data -0.355726 0.370222 -1.133936 0.061227 1.269360 0.000954
data -0.356871 0.370222 -1.133936 0.061227 1.269360 0.000954
data -0.356871 0.370222 -1.133936 0.061227 1.269360 0.000954
data -0.358015 0.370222 -1.133936 0.058938 1.308652 0.000954
data -0.358778 0.370222 -1.133936 0.058557 1.341458 0.000954
data -0.359541 0.370222 -1.133936 0.058557 1.353285 0.000954
data -0.359922 0.370222 -1.133936 0.058175 1.366636 0.000954
data -0.361448 0.370222 -1.133936 0.057794 1.396391 0.000954
data -0.361448 0.370222 -1.133936 0.057794 1.396391 0.000954
data -0.362211 0.370222 -1.133936 0.057412 1.406692 0.000954
data -0.362974 0.370222 -1.133936 0.057031 1.423476 0.000954
data -0.363737 0.370222 -1.133936 0.057031 1.435302 0.000954
data -0.364500 0.370222 -1.133936 0.057031 1.450179 0.000954
data -0.364500 0.370222 -1.133936 0.057031 1.450179 0.000954
data -0.366026 0.370222 -1.133554 0.057031 1.465819 0.000954
data -0.366789 0.370222 -1.133936 0.057031 1.484512 0.000954
data -0.366789 0.370222 -1.133936 0.057031 1.484512 0.000954
data -0.368315 0.370222 -1.133936 0.057031 1.506638 0.000954
data -0.369459 0.370222 -1.133936 0.057031 1.506638 0.000954
data -0.369841 0.370222 -1.133936 0.057031 1.533723 0.000954
data -0.370985 0.370222 -1.133936 0.057412 1.545167 0.000954
data -0.371748 0.370222 -1.133936 0.057412 1.556993 0.000954
data -0.372511 0.370222 -1.133936 0.057412 1.566148 0.000954
data -0.374418 0.370222 -1.133936 0.057412 1.566148 0.000954
data -0.375181 0.370222 -1.133936 0.057794 1.590562 0.000954
data -0.375563 0.370222 -1.133936 0.058175 1.598192 0.000954
data -0.376707 0.370222 -1.133936 0.058175 1.613070 0.000954
data -0.377470 0.370222 -1.133936 0.058557 1.623369 0.000954
data -0.378233 0.370222 -1.133936 0.058557 1.632524 0.000954
data -0.379377 0.370222 -1.133936 0.058938 1.642061 0.000954
data -0.380140 0.370222 -1.133936 0.059319 1.651598 0.000954
data -0.382048 0.370222 -1.133936 0.059319 1.651598 0.000954
data -0.382048 0.370222 -1.133936 0.060082 1.669909 0.000572
data -0.382811 0.370222 -1.133936 0.060082 1.676394 0.000572
data -0.384718 0.370222 -1.133936 0.060082 1.676394 0.000954
data -0.385481 0.370222 -1.133936 0.060845 1.690890 0.000954
data -0.386244 0.370222 -1.133936 0.061608 1.705768 0.000954
data -0.387388 0.370222 -1.133936 0.061990 1.713778 0.000954
data -0.388533 0.370222 -1.133936 0.062371 1.722172 0.000954
data -0.388533 0.370222 -1.133936 0.062371 1.722172 0.000954
data -0.390440 0.370222 -1.133936 0.063897 1.737049 0.000954
data -0.391584 0.370222 -1.133936 0.064279 1.745441 0.000954
data -0.392729 0.370222 -1.133936 0.065042 1.751545 0.000954
data -0.393873 0.370222 -1.133936 0.065804 1.758411 0.000954
data -0.394636 0.370222 -1.133936 0.066567 1.764896 0.000954
data -0.395781 0.370222 -1.133936 0.067712 1.771000 0.000954
data -0.396925 0.370222 -1.133936 0.068856 1.777103 0.000954
data -0.398832 0.370222 -1.133936 0.068856 1.777103 0.000954
data -0.399977 0.370222 -1.133936 0.071527 1.792363 0.000954
data -0.399977 0.370222 -1.133936 0.071527 1.792363 0.000954
data -0.399977 0.370222 -1.133936 0.071527 1.792363 0.000954
data -0.399977 0.370222 -1.133936 0.071527 1.792363 0.000954
data -0.403791 0.370222 -1.133936 0.075341 1.806859 0.000954
data -0.404936 0.370222 -1.133936 0.076486 1.811055 0.000954
data -0.406080 0.370222 -1.133936 0.077630 1.814870 0.000954
data -0.406080 0.370222 -1.133936 0.077630 1.814870 0.000954
data -0.408751 0.370222 -1.133936 0.079919 1.822118 0.000954
data -0.409896 0.370222 -1.133936 0.081826 1.826695 0.000954
data -0.411040 0.370222 -1.133936 0.082971 1.829747 0.000954
data -0.411803 0.370222 -1.133936 0.084115 1.832417 0.000954
data -0.412948 0.370222 -1.133936 0.085259 1.835469 0.000954
data -0.414092 0.370222 -1.133936 0.086022 1.837758 0.000954
data -0.414855 0.370222 -1.133936 0.086785 1.839665 0.000954
data -0.416762 0.370222 -1.133936 0.086785 1.839665 0.000954
data -0.417525 0.370222 -1.133936 0.088693 1.843480 0.000954
data -0.418288 0.370222 -1.133936 0.089837 1.845388 0.000954
data -0.419433 0.370604 -1.133936 0.090600 1.846533 0.000954
data -0.420577 0.370604 -1.133936 0.091363 1.846533 0.000954
data -0.421340 0.370604 -1.133936 0.092126 1.848822 0.000572
data -0.422484 0.370604 -1.134317 0.092889 1.849585 0.000954
data -0.424010 0.370985 -1.134317 0.093652 1.850348 0.000954
data -0.424010 0.370985 -1.134317 0.093652 1.850348 0.000954
data -0.425155 0.370985 -1.134317 0.094797 1.850348 0.000954
data -0.426681 0.370985 -1.134317 0.094797 1.850348 0.000954
data -0.427444 0.370985 -1.134317 0.096323 1.849585 0.000572
data -0.428588 0.370985 -1.134317 0.096704 1.849203 0.000572
data -0.428588 0.370985 -1.134317 0.096704 1.849203 0.000954
data -0.430495 0.371367 -1.134317 0.098230 1.848440 0.000954
data -0.431640 0.370985 -1.134317 0.098993 1.846914 0.000954
data -0.433547 0.371367 -1.134317 0.098993 1.846914 0.000954
data -0.434691 0.370985 -1.134699 0.100519 1.844244 0.000954
data -0.435836 0.371367 -1.134699 0.102045 1.840810 0.000954
data -0.436599 0.371367 -1.134699 0.102045 1.840810 0.000954
data -0.437362 0.371367 -1.134699 0.103952 1.837377 0.000954
data -0.438506 0.370985 -1.134699 0.103952 1.837377 0.000954
data -0.438506 0.370985 -1.134699 0.105097 1.834325 0.000954
data -0.440795 0.371367 -1.134699 0.105097 1.834325 0.000954
data -0.441558 0.371367 -1.134699 0.108530 1.824788 0.000954
data -0.442321 0.370985 -1.134699 0.109674 1.821355 0.000954
data -0.443465 0.371367 -1.134699 0.110819 1.817922 0.000954
data -0.444228 0.371367 -1.134699 0.111963 1.813725 0.000954
data -0.444991 0.371367 -1.135080 0.113489 1.809529 0.000954
data -0.445754 0.371367 -1.134699 0.114252 1.805333 0.000954
data -0.445754 0.371367 -1.134699 0.114252 1.805333 0.000954
data -0.447661 0.371367 -1.135080 0.116159 1.795796 0.000572
data -0.448806 0.371367 -1.135080 0.116159 1.795796 0.000572
data -0.449569 0.371367 -1.135080 0.118448 1.785878 0.000954
data -0.450332 0.371367 -1.135080 0.119974 1.777485 0.000954
data -0.451095 0.371367 -1.135080 0.120737 1.772526 0.000954
data -0.451858 0.371367 -1.135080 0.121500 1.766041 0.000954
data -0.451858 0.371367 -1.135080 0.121500 1.766041 0.000954
data -0.453383 0.371367 -1.135080 0.123407 1.752689 0.000572
data -0.454528 0.371367 -1.135080 0.124170 1.746204 0.000572
data -0.455291 0.371367 -1.135080 0.125315 1.737049 0.000954
data -0.456054 0.371367 -1.135080 0.126078 1.729420 0.000954
data -0.456817 0.371367 -1.135080 0.126841 1.722553 0.000954
data -0.457580 0.371367 -1.135080 0.127985 1.714923 0.000954
data -0.458343 0.371367 -1.135080 0.127985 1.714923 0.000954
data -0.458343 0.371367 -1.135080 0.127985 1.714923 0.000954
data -0.459487 0.371367 -1.135080 0.128748 1.706912 0.000954
data -0.460631 0.371367 -1.135080 0.130655 1.685168 0.000954
data -0.461394 0.371367 -1.135080 0.131800 1.670291 0.000954
data -0.461394 0.371367 -1.135080 0.131800 1.670291 0.000954
data -0.462539 0.371367 -1.135080 0.133326 1.658465 0.000954
data -0.463683 0.371367 -1.135080 0.134089 1.640154 0.000954
data -0.463683 0.371367 -1.135080 0.134089 1.640154 0.000954
data -0.464828 0.371367 -1.135080 0.134089 1.640154 0.000954
data -0.465209 0.371367 -1.135080 0.135996 1.608873 0.000954
data -0.465972 0.371367 -1.135080 0.136377 1.600100 0.000954
data -0.466353 0.370985 -1.135080 0.136759 1.591325 0.000954
data -0.466735 0.371367 -1.135080 0.137140 1.581407 0.000954
data -0.467116 0.371367 -1.135080 0.137522 1.571870 0.000954
data -0.467879 0.371367 -1.135080 0.137903 1.561952 0.000954
data -0.468642 0.371367 -1.135080 0.137903 1.561952 0.000954
data -0.468642 0.371367 -1.135080 0.137903 1.561952 0.000954
data -0.469025 0.371367 -1.135080 0.138666 1.543641 0.000954
data -0.469406 0.371367 -1.135080 0.139048 1.518463 0.000954
data -0.469406 0.371367 -1.135080 0.139048 1.518463 0.000954
data -0.470169 0.371367 -1.135080 0.139429 1.505493 0.000954
data -0.470551 0.371367 -1.135080 0.139811 1.490616 0.000572
data -0.470932 0.371367 -1.135080 0.140192 1.472305 0.000954
data -0.471313 0.370985 -1.135080 0.140574 1.460097 0.000954
data -0.471695 0.371367 -1.135080 0.140574 1.449798 0.000954
data -0.472076 0.371367 -1.135080 0.140955 1.439116 0.000954
data -0.472076 0.371367 -1.135080 0.140955 1.428817 0.000954
data -0.472458 0.371367 -1.135080 0.141336 1.417373 0.000954
data -0.472458 0.371367 -1.135080 0.141336 1.417373 0.000954
data -0.472839 0.370985 -1.135080 0.141336 1.401350 0.000954
data -0.473221 0.370985 -1.135080 0.141336 1.401350 0.000954
data -0.473602 0.371367 -1.135080 0.141336 1.401350 0.000954
data -0.473602 0.371367 -1.135080 0.142481 1.360151 0.000954
data -0.473602 0.370985 -1.135080 0.142481 1.349852 0.000954
data -0.473984 0.371367 -1.135080 0.142862 1.340314 0.000954
data -0.473984 0.370985 -1.135080 0.142862 1.329633 0.000954
data -0.473984 0.371367 -1.135080 0.143244 1.318189 0.000954
data -0.473984 0.371367 -1.135080 0.143244 1.318189 0.000954
data -0.473984 0.371367 -1.135080 0.143244 1.318189 0.000954
data -0.474365 0.371367 -1.135080 0.143625 1.283475 0.000954
data -0.474365 0.370985 -1.135080 0.143625 1.272793 0.000954
data -0.474365 0.371367 -1.135080 0.144007 1.262112 0.000954
data -0.474365 0.371367 -1.135080 0.144007 1.251431 0.000954
data -0.474365 0.371367 -1.135080 0.144007 1.240368 0.000954
data -0.474365 0.370985 -1.135080 0.144007 1.231213 0.000954
data -0.474365 0.370985 -1.135080 0.144007 1.231213 0.000954
data -0.473984 0.370985 -1.135080 0.144388 1.210994 0.000954
data -0.473984 0.371367 -1.135080 0.144388 1.194591 0.000954
data -0.473984 0.371367 -1.135080 0.144388 1.182765 0.000954
data -0.473984 0.371367 -1.135080 0.144388 1.171702 0.000954
data -0.473984 0.371367 -1.135080 0.144388 1.163692 0.000954
data -0.473984 0.371367 -1.135080 0.144388 1.154535 0.000954
data -0.473984 0.371367 -1.135080 0.144388 1.154535 0.000954
data -0.473984 0.371367 -1.135080 0.144388 1.154535 0.000954
data -0.473984 0.370985 -1.135080 0.144007 1.154535 0.000954
data -0.473984 0.370985 -1.135080 0.144007 1.108759 0.000954
data -0.473984 0.371367 -1.135080 0.144007 1.098459 0.000954
data -0.473984 0.370985 -1.135080 0.144007 1.088159 0.000954
data -0.473602 0.371367 -1.135080 0.144007 1.077859 0.000954
data -0.473602 0.370985 -1.135080 0.144007 1.064889 0.000954
data -0.473602 0.370985 -1.135080 0.144007 1.064889 0.000954
data -0.473221 0.370985 -1.135080 0.144007 1.064889 0.000954
data -0.473221 0.370985 -1.135080 0.143625 1.032083 0.000954
data -0.473221 0.370985 -1.135080 0.143625 1.032083 0.000954
data -0.472839 0.371367 -1.135080 0.143625 1.032083 0.000954
data -0.472839 0.371367 -1.135080 0.143625 1.007286 0.000572
data -0.472839 0.371367 -1.135080 0.144007 0.991646 0.000954
data -0.472839 0.371367 -1.135080 0.144007 0.991646 0.000954
data -0.472839 0.371367 -1.135080 0.144007 0.991646 0.000954
data -0.472839 0.371367 -1.135080 0.144007 0.991646 0.000954
data -0.472839 0.371367 -1.135080 0.144007 0.991646 0.000954
data -0.472458 0.371367 -1.135080 0.144007 0.947776 0.000954
data -0.472076 0.371367 -1.135080 0.144007 0.938621 0.000954
data -0.472076 0.371367 -1.135080 0.144007 0.928702 0.000954
data -0.472076 0.371367 -1.135080 0.144007 0.917640 0.000954
data -0.471695 0.371367 -1.135080 0.144007 0.907722 0.000954
data -0.471695 0.371367 -1.135080 0.144007 0.907722 0.000954
data -0.471313 0.371367 -1.135080 0.144007 0.907722 0.000954
data -0.471313 0.370985 -1.135080 0.144388 0.878729 0.000954
data -0.470932 0.371367 -1.135080 0.144388 0.869192 0.000954
data -0.470551 0.370985 -1.135080 0.144388 0.860037 0.000954
data -0.470551 0.371367 -1.135080 0.144388 0.851263 0.000954
data -0.470169 0.371367 -1.135080 0.144388 0.843633 0.000954
data -0.470169 0.370985 -1.135080 0.144388 0.830281 0.000954
data -0.470169 0.370985 -1.135080 0.144388 0.830281 0.000954
data -0.469788 0.371367 -1.135080 0.144770 0.830281 0.000954
data -0.469406 0.371367 -1.135080 0.144770 0.810826 0.000954
data -0.469025 0.371367 -1.135080 0.144770 0.800527 0.000954
data -0.468642 0.371367 -1.135080 0.144770 0.787175 0.000954
data -0.468261 0.371367 -1.135080 0.145151 0.766193 0.000954
data -0.468261 0.371367 -1.135080 0.145151 0.766193 0.000954
data -0.467498 0.371367 -1.135080 0.145533 0.743687 0.000954
data -0.467498 0.371367 -1.135080 0.145533 0.743687 0.000954
data -0.466735 0.371367 -1.135080 0.145533 0.730717 0.000954
data -0.466735 0.371367 -1.135080 0.145533 0.730717 0.000954
data -0.466735 0.371367 -1.135080 0.145533 0.730717 0.000954
data -0.465972 0.371367 -1.135080 0.145533 0.730717 0.000954
data -0.465209 0.371367 -1.135080 0.145914 0.701724 0.000954
data -0.465209 0.371367 -1.135080 0.146296 0.689136 0.000954
data -0.464446 0.371367 -1.135080 0.146296 0.689136 0.000954
data -0.464446 0.371367 -1.135080 0.146677 0.667773 0.000954
data -0.464446 0.371367 -1.135080 0.146677 0.667773 0.000954
data -0.463683 0.371367 -1.135080 0.147821 0.649843 0.000572
data -0.463302 0.370985 -1.135080 0.148203 0.637636 0.000572
data -0.462920 0.371367 -1.135080 0.148584 0.628481 0.000954
data -0.462539 0.371367 -1.135080 0.148966 0.620470 0.000954
data -0.461394 0.371367 -1.135080 0.149729 0.601397 0.000954
data -0.461394 0.371367 -1.135080 0.149729 0.601397 0.000954
data -0.461394 0.371367 -1.135080 0.149729 0.601397 0.000954
data -0.461394 0.371367 -1.135080 0.149729 0.601397 0.000954
data -0.460631 0.371367 -1.135080 0.150873 0.601397 0.000954
data -0.459868 0.371367 -1.135080 0.151636 0.585374 0.000954
data -0.459487 0.371367 -1.135080 0.152018 0.564012 0.000954
data -0.459487 0.371367 -1.135080 0.152018 0.564012 0.000954
data -0.458724 0.371367 -1.135080 0.152018 0.564012 0.000954
data -0.458343 0.371367 -1.135080 0.153162 0.546082 0.000954
data -0.457961 0.371367 -1.135080 0.153925 0.531587 0.000954
data -0.457580 0.371367 -1.135080 0.154306 0.524338 0.000954
data -0.457580 0.371367 -1.135080 0.154306 0.524338 0.000954
data -0.456817 0.371367 -1.135080 0.155451 0.512512 0.000572
data -0.456054 0.371367 -1.135080 0.156214 0.502213 0.000954
data -0.455291 0.371367 -1.135080 0.156214 0.502213 0.000954
data -0.455291 0.371367 -1.135080 0.156978 0.486954 0.000954
data -0.454909 0.371367 -1.135080 0.156978 0.486954 0.000954
data -0.454909 0.371367 -1.135080 0.157359 0.482376 0.000954
data -0.454146 0.371367 -1.135080 0.158885 0.468642 0.000954
data -0.453765 0.371367 -1.135080 0.158885 0.461394 0.000954
data -0.453002 0.371367 -1.135080 0.159648 0.461394 0.000954
data -0.453002 0.371367 -1.135080 0.159648 0.444228 0.000954
data -0.452621 0.371367 -1.135080 0.160029 0.436599 0.000954
data -0.451858 0.371367 -1.135080 0.160411 0.428206 0.000954
data -0.451858 0.371367 -1.135080 0.160411 0.428206 0.000954
data -0.451095 0.371367 -1.135080 0.160411 0.428206 0.000954
data -0.450713 0.371367 -1.135080 0.161174 0.413329 0.000954
data -0.450332 0.370985 -1.135080 0.161174 0.399214 0.000954
data -0.449950 0.371367 -1.135080 0.161555 0.391584 0.000954
data -0.449569 0.371367 -1.135080 0.161555 0.391584 0.000954
data -0.448806 0.371367 -1.135080 0.161555 0.385862 0.000954
data -0.448806 0.371367 -1.135080 0.161555 0.385862 0.000954
data -0.448043 0.371367 -1.135080 0.162318 0.363356 0.000954
data -0.447661 0.371367 -1.135080 0.162700 0.353819 0.000954
data -0.447280 0.371367 -1.135080 0.162700 0.347334 0.000954
data -0.447280 0.371367 -1.135080 0.162700 0.347334 0.000954
data -0.446136 0.371367 -1.135080 0.163081 0.332074 0.000954
data -0.446136 0.371367 -1.135080 0.163081 0.332074 0.000954
data -0.445754 0.371367 -1.135080 0.163463 0.322156 0.000954
data -0.445373 0.371367 -1.135080 0.163463 0.312238 0.000954
data -0.444991 0.371367 -1.135080 0.163463 0.306897 0.000954
data -0.444610 0.371367 -1.135462 0.163844 0.300412 0.000572
data -0.444228 0.371367 -1.135462 0.163844 0.300412 0.000572
data -0.443847 0.371367 -1.135462 0.163844 0.289350 0.000954
data -0.443465 0.371367 -1.135462 0.163844 0.283246 0.000954
data -0.442702 0.371367 -1.135462 0.163844 0.283246 0.000954
data -0.442702 0.371367 -1.135462 0.164226 0.269512 0.000954
data -0.442321 0.371367 -1.135462 0.164226 0.269512 0.000954
data -0.441939 0.371367 -1.135462 0.164607 0.257687 0.000954
data -0.441558 0.371367 -1.135462 0.164607 0.252728 0.000954
data -0.441176 0.371367 -1.135843 0.164989 0.247005 0.000954
data -0.440795 0.371367 -1.135843 0.165370 0.237469 0.000954
data -0.440795 0.371367 -1.135843 0.165370 0.237469 0.000954
data -0.440795 0.371367 -1.135843 0.165370 0.237469 0.000954
data -0.439651 0.371367 -1.135843 0.165751 0.229839 0.000954
data -0.439651 0.371367 -1.135843 0.165751 0.219158 0.000954
data -0.439269 0.371367 -1.135843 0.166133 0.213054 0.000954
data -0.438888 0.371367 -1.135843 0.166133 0.213054 0.000954
data -0.438506 0.371367 -1.136225 0.166133 0.202754 0.000954
data -0.438125 0.371367 -1.136225 0.166514 0.197413 0.000954
data -0.438125 0.371367 -1.136225 0.166514 0.197413 0.000954
data -0.438125 0.371367 -1.136225 0.166514 0.197413 0.000954
data -0.436980 0.371367 -1.136225 0.166514 0.197413 0.000954
data -0.436599 0.371367 -1.136225 0.166514 0.176051 0.000954
data -0.436217 0.371367 -1.136606 0.166514 0.171092 0.000954
data -0.435836 0.371367 -1.136606 0.166514 0.166896 0.000954
data -0.435454 0.371367 -1.136606 0.166514 0.166896 0.000954
data -0.434691 0.371367 -1.136606 0.166514 0.151636 0.000954
data -0.434691 0.371367 -1.136606 0.166514 0.151636 0.000954
data -0.433928 0.371367 -1.136988 0.166514 0.151636 0.000954
data -0.433928 0.371367 -1.136988 0.166514 0.138666 0.000954
data -0.433166 0.371367 -1.136988 0.166514 0.132944 0.000954
data -0.433166 0.371367 -1.136988 0.166514 0.128748 0.000954
data -0.432784 0.371367 -1.136988 0.166514 0.128748 0.000954
data -0.432403 0.371367 -1.136988 0.166514 0.119593 0.000954
data -0.432403 0.371367 -1.136988 0.166514 0.119593 0.000954
data -0.432403 0.371367 -1.136988 0.166514 0.119593 0.000954
data -0.431258 0.371367 -1.136988 0.166514 0.119593 0.000954
data -0.431258 0.371367 -1.137369 0.166514 0.105097 0.000954
data -0.430495 0.371367 -1.137369 0.166514 0.096704 0.000954
data -0.430495 0.371367 -1.137369 0.166514 0.092889 0.000954
data -0.430114 0.371367 -1.137369 0.166514 0.088693 0.000954
data -0.429732 0.371367 -1.137751 0.166514 0.084496 0.000954
data -0.428969 0.371367 -1.137751 0.166514 0.076104 0.000954
data -0.428588 0.371367 -1.137751 0.166514 0.072671 0.000954
data -0.428588 0.371367 -1.137751 0.166514 0.069238 0.000954
data -0.428206 0.371367 -1.137751 0.166133 0.065042 0.000954
data -0.427825 0.371367 -1.138132 0.166514 0.061227 0.000572
data -0.427444 0.371367 -1.138132 0.166514 0.057031 0.000572
data -0.427444 0.371367 -1.138132 0.166514 0.053597 0.000954
data -0.427444 0.371367 -1.138132 0.166514 0.053597 0.000954
data -0.427444 0.371367 -1.138514 0.166514 0.053597 0.000954
data -0.426299 0.371367 -1.138514 0.166514 0.043679 0.000954
data -0.426299 0.371367 -1.138514 0.166514 0.043679 0.000954
data -0.425918 0.371367 -1.138514 0.166133 0.035668 0.000954
data -0.425536 0.371367 -1.138895 0.166514 0.030327 0.000954
data -0.425536 0.371367 -1.138895 0.166514 0.026894 0.000954
data -0.425155 0.371367 -1.138895 0.166133 0.021553 0.000954
data -0.424392 0.371367 -1.138895 0.166514 0.021553 0.000954
data -0.424392 0.371367 -1.138895 0.166514 0.016212 0.000954
data -0.424010 0.371367 -1.139277 0.166514 0.011253 0.000572
data -0.424010 0.371367 -1.139277 0.166514 0.008202 0.000954
data -0.423629 0.371367 -1.139277 0.166514 0.004768 0.000954
data -0.423247 0.371367 -1.139277 0.166514 0.004768 0.000954
data -0.422866 0.371367 -1.139658 0.166514 0.000191 0.000954
data -0.422484 0.371367 -1.139658 0.166514 -0.002480 0.000954
data -0.422484 0.371367 -1.139658 0.166514 -0.002480 0.000954
data -0.422103 0.371367 -1.139658 0.166514 -0.010872 0.000954
data -0.421721 0.371367 -1.139658 0.166514 -0.014305 0.000954
data -0.421721 0.371367 -1.139658 0.166514 -0.017357 0.000954
data -0.421340 0.371367 -1.140039 0.166514 -0.021172 0.000954
data -0.420959 0.371367 -1.140039 0.166514 -0.023460 0.000954
data -0.420959 0.371367 -1.140039 0.166514 -0.026512 0.000954
data -0.420959 0.371367 -1.140039 0.166514 -0.026512 0.000954
data -0.420959 0.371367 -1.140039 0.166514 -0.026512 0.000954
data -0.420196 0.371367 -1.140039 0.166514 -0.034142 0.000954
data -0.419814 0.371367 -1.140421 0.166133 -0.039102 0.000954
data -0.419814 0.371367 -1.140421 0.166514 -0.041772 0.000954
data -0.419433 0.371367 -1.140421 0.166514 -0.044442 0.000954
data -0.419433 0.371367 -1.140421 0.166514 -0.047494 0.000954
data -0.419433 0.371367 -1.140421 0.166514 -0.047494 0.000954
data -0.418670 0.371367 -1.140421 0.166514 -0.051690 0.000572
data -0.418670 0.371367 -1.140421 0.166514 -0.051690 0.000572
data -0.418288 0.371367 -1.140421 0.166514 -0.057412 0.000954
data -0.417907 0.371367 -1.140421 0.166514 -0.061608 0.000954
data -0.417907 0.371367 -1.140421 0.166514 -0.063516 0.000954
data -0.417525 0.371367 -1.140421 0.166514 -0.066567 0.000954
data -0.417525 0.371367 -1.140421 0.166514 -0.066567 0.000954
data -0.417144 0.371367 -1.140421 0.166514 -0.066567 0.000954
data -0.416762 0.371367 -1.140421 0.166514 -0.071145 0.000954
data -0.416762 0.371367 -1.140421 0.166514 -0.076104 0.000954
data -0.416381 0.371367 -1.140421 0.166514 -0.079537 0.000954
data -0.416381 0.371748 -1.140421 0.166514 -0.081826 0.000954
data -0.415999 0.371367 -1.140421 0.166514 -0.084115 0.000954
data -0.415999 0.371367 -1.140421 0.166514 -0.086785 0.000954
data -0.415618 0.371367 -1.140421 0.166514 -0.086785 0.000954
data -0.415618 0.371367 -1.140421 0.166514 -0.090981 0.000572
data -0.415618 0.371367 -1.140421 0.166514 -0.090981 0.000572
data -0.414855 0.371367 -1.140421 0.166514 -0.090981 0.000572
data -0.414855 0.371748 -1.140421 0.166514 -0.096704 0.000954
data -0.414474 0.371748 -1.140421 0.166514 -0.100138 0.000954
data -0.414474 0.371748 -1.140421 0.166514 -0.102427 0.000954
data -0.414092 0.371748 -1.140421 0.166514 -0.104715 0.000954
data -0.414092 0.371748 -1.140421 0.166514 -0.106241 0.000954
data -0.413711 0.371748 -1.140421 0.166514 -0.106241 0.000954
data -0.413711 0.371748 -1.140421 0.166514 -0.106241 0.000954
data -0.413329 0.371748 -1.140421 0.166514 -0.112345 0.000954
data -0.412948 0.371748 -1.140421 0.166133 -0.116159 0.000954
data -0.412948 0.371748 -1.140421 0.166514 -0.117685 0.000954
data -0.412948 0.371367 -1.140421 0.166514 -0.119593 0.000954
data -0.412566 0.371748 -1.140421 0.166514 -0.121500 0.000954
data -0.412185 0.371748 -1.140421 0.166514 -0.123789 0.000954
data -0.412185 0.371748 -1.140421 0.166133 -0.125696 0.000954
data -0.412185 0.371748 -1.140421 0.166133 -0.125696 0.000954
data -0.411422 0.371748 -1.140421 0.166133 -0.125696 0.000954
data -0.411422 0.371748 -1.140421 0.166133 -0.131418 0.000954
data -0.411040 0.371748 -1.140421 0.166133 -0.132944 0.000954
data -0.411040 0.371367 -1.140421 0.166133 -0.132944 0.000954
data -0.410659 0.371748 -1.140421 0.166514 -0.135996 0.000954
data -0.410277 0.371748 -1.140421 0.166133 -0.138285 0.000954
data -0.410277 0.371748 -1.140421 0.166133 -0.138285 0.000954
data -0.409896 0.371748 -1.140421 0.166133 -0.138285 0.000954
data -0.409896 0.371748 -1.140421 0.166133 -0.138285 0.000954
data -0.409514 0.371748 -1.140421 0.166133 -0.144388 0.000954
data -0.409133 0.371748 -1.140421 0.166133 -0.144388 0.000954
data -0.409133 0.371748 -1.140421 0.166133 -0.146677 0.000954
data -0.408751 0.371748 -1.140421 0.166133 -0.149347 0.000954
data -0.408751 0.371748 -1.140421 0.166133 -0.150873 0.000954
data -0.408370 0.371748 -1.140421 0.166133 -0.150873 0.000954
data -0.407989 0.371748 -1.140421 0.166133 -0.153162 0.000954
data -0.407989 0.371748 -1.140421 0.166133 -0.155069 0.000954
data -0.407607 0.371748 -1.140421 0.166133 -0.155069 0.000954
data -0.407226 0.371748 -1.140421 0.166133 -0.155069 0.000954
data -0.407226 0.371748 -1.140421 0.166133 -0.158504 0.000954
data -0.407226 0.371748 -1.140421 0.166133 -0.159648 0.000954
data -0.407226 0.371748 -1.140421 0.166133 -0.159648 0.000954
data -0.407226 0.371748 -1.140421 0.166133 -0.159648 0.000954
data -0.406463 0.371748 -1.140421 0.166133 -0.159648 0.000954
data -0.406080 0.371748 -1.140421 0.166133 -0.163463 0.000954
data -0.406080 0.371367 -1.140421 0.166133 -0.164226 0.000954
data -0.406080 0.371367 -1.140421 0.166133 -0.164226 0.000954
data -0.405699 0.371367 -1.140421 0.166133 -0.164989 0.000954
data -0.405317 0.371748 -1.140421 0.166133 -0.165751 0.000954
data -0.404936 0.371748 -1.140421 0.166133 -0.166133 0.000954
data -0.404936 0.371748 -1.140421 0.166133 -0.166133 0.000954
data -0.404554 0.371748 -1.140421 0.165751 -0.166514 0.000954
data -0.404173 0.371748 -1.140421 0.165751 -0.166514 0.000954
data -0.404173 0.371367 -1.140421 0.165751 -0.166514 0.000954
data -0.403791 0.371748 -1.140421 0.165751 -0.166133 0.000954
data -0.403410 0.371748 -1.140421 0.165751 -0.166133 0.000954
data -0.403410 0.371748 -1.140421 0.165751 -0.165751 0.000954
data -0.403410 0.371748 -1.140421 0.165751 -0.165751 0.000954
data -0.402647 0.371748 -1.140421 0.165751 -0.165751 0.000954
data -0.402647 0.371748 -1.140421 0.165751 -0.163844 0.000954
data -0.402266 0.371367 -1.140421 0.165751 -0.163081 0.000954
data -0.402266 0.371748 -1.140421 0.165751 -0.162318 0.000954
data -0.401884 0.371367 -1.140421 0.165751 -0.161555 0.000954
data -0.401503 0.371748 -1.140421 0.165751 -0.160411 0.000954
data -0.401503 0.371367 -1.140421 0.165751 -0.159266 0.000954
data -0.401121 0.371748 -1.140421 0.165751 -0.159266 0.000954
data -0.401121 0.371748 -1.140421 0.165751 -0.156978 0.000954
data -0.400740 0.371748 -1.140421 0.165751 -0.156214 0.000954
data -0.400740 0.371748 -1.140421 0.165751 -0.153543 0.000954
data -0.400358 0.371367 -1.140421 0.166133 -0.153543 0.000954
data -0.400358 0.371367 -1.140421 0.166133 -0.148966 0.000954
data -0.399977 0.371748 -1.140421 0.165751 -0.148966 0.000954
data -0.399977 0.371748 -1.140421 0.165751 -0.143244 0.000954
data -0.399595 0.371748 -1.140421 0.165751 -0.143244 0.000954
data -0.399595 0.371367 -1.140421 0.166133 -0.135996 0.000954
data -0.399214 0.371748 -1.140421 0.166133 -0.133326 0.000954
data -0.399214 0.371748 -1.140421 0.166133 -0.127985 0.000954
data -0.398832 0.371748 -1.140421 0.166133 -0.123789 0.000954
data -0.398832 0.371748 -1.140421 0.166133 -0.119593 0.000954
data -0.398832 0.371367 -1.140421 0.166133 -0.115015 0.000954
data -0.398451 0.371748 -1.140421 0.166133 -0.110437 0.000572
data -0.398451 0.371748 -1.140421 0.166133 -0.110437 0.000572
data -0.398069 0.371748 -1.140421 0.166133 -0.099375 0.000954
data -0.398069 0.371367 -1.140421 0.166133 -0.090981 0.000954
data -0.398069 0.371367 -1.140421 0.166133 -0.085259 0.000954
data -0.398069 0.371367 -1.140421 0.166514 -0.085259 0.000954
data -0.398069 0.371748 -1.140421 0.166514 -0.072289 0.000954
data -0.397688 0.371367 -1.140421 0.166514 -0.072289 0.000954
data -0.397688 0.371367 -1.140421 0.166514 -0.057794 0.000954
data -0.397688 0.371367 -1.140421 0.166514 -0.057794 0.000954
data -0.397688 0.371367 -1.140421 0.166514 -0.057794 0.000954
data -0.397688 0.371367 -1.140421 0.166896 -0.030327 0.000954
data -0.397688 0.371367 -1.140421 0.167277 -0.022316 0.000572
data -0.397688 0.371367 -1.140421 0.167277 -0.012779 0.000954
data -0.397688 0.371367 -1.140421 0.167277 -0.012779 0.000954
data -0.397688 0.371367 -1.140421 0.167659 0.005913 0.000954
data -0.397688 0.371367 -1.140421 0.168040 0.018120 0.000954
data -0.397688 0.371367 -1.140421 0.168040 0.018120 0.000954
data -0.397688 0.371367 -1.140421 0.168422 0.045205 0.000954
data -0.397688 0.371367 -1.140421 0.168422 0.055123 0.000954
data -0.397688 0.371367 -1.140421 0.168422 0.065423 0.000954
data -0.397688 0.371367 -1.140421 0.168422 0.065423 0.000954
data -0.397688 0.371367 -1.140421 0.168422 0.079156 0.000954
data -0.397688 0.371367 -1.140421 0.168422 0.098993 0.000954
data -0.397688 0.371367 -1.140421 0.168422 0.127985 0.000954
data -0.397688 0.371367 -1.140421 0.168422 0.127985 0.000954
data -0.397688 0.371367 -1.140421 0.168422 0.139048 0.000954
data -0.397688 0.371367 -1.140421 0.168040 0.168040 0.000954
data -0.397688 0.371367 -1.140421 0.168040 0.181773 0.000954
data -0.397688 0.371367 -1.140421 0.167277 0.195125 0.000954
data -0.397306 0.371367 -1.140421 0.167277 0.195125 0.000954
data -0.397306 0.371367 -1.140421 0.166896 0.227551 0.000954
data -0.397306 0.371367 -1.140421 0.166896 0.227551 0.000954
data -0.397306 0.371367 -1.140421 0.166133 0.250439 0.000954
data -0.397306 0.371367 -1.140421 0.165751 0.275616 0.000954
data -0.397306 0.371367 -1.140421 0.164989 0.275616 0.000954
data -0.397306 0.371367 -1.140421 0.164607 0.305753 0.000954
data -0.397306 0.371367 -1.140421 0.164226 0.322156 0.000954
data -0.397306 0.371367 -1.140421 0.163844 0.338178 0.000954
data -0.397306 0.371367 -1.140421 0.163844 0.338178 0.000954
data -0.397306 0.371367 -1.140421 0.163844 0.338178 0.000954
data -0.397306 0.371367 -1.140421 0.161555 0.384336 0.000954
data -0.397306 0.371367 -1.140421 0.160411 0.411422 0.000954
data -0.397306 0.371367 -1.140421 0.160411 0.411422 0.000954
data -0.396925 0.371367 -1.140421 0.158504 0.444228 0.000954
data -0.396925 0.371367 -1.140421 0.158504 0.444228 0.000954
data -0.396925 0.371367 -1.140421 0.156214 0.479706 0.000954
data -0.396925 0.371367 -1.140421 0.156214 0.479706 0.000954
data -0.396925 0.371367 -1.140421 0.154306 0.515564 0.000572
data -0.396925 0.371367 -1.140421 0.153543 0.527008 0.000954
data -0.396544 0.371367 -1.140421 0.152018 0.553712 0.000954
data -0.396544 0.371367 -1.140421 0.150492 0.575074 0.000954
data -0.396544 0.371367 -1.140421 0.149347 0.590333 0.000954
data -0.396162 0.371367 -1.140421 0.148584 0.606737 0.000954
data -0.396162 0.371367 -1.140421 0.147058 0.623903 0.000954
data -0.396162 0.371367 -1.140421 0.144388 0.655947 0.000954
data -0.396162 0.371367 -1.140421 0.144388 0.655947 0.000954
data -0.396162 0.371367 -1.140421 0.144388 0.655947 0.000954
data -0.396162 0.371367 -1.140421 0.140574 0.701343 0.000954
data -0.396162 0.371367 -1.140421 0.140574 0.701343 0.000954
data -0.396162 0.371367 -1.140421 0.137522 0.736057 0.000954
data -0.396162 0.371367 -1.140421 0.135996 0.755512 0.000954
data -0.396162 0.371367 -1.140421 0.134470 0.773441 0.000572
data -0.396162 0.371367 -1.140421 0.132944 0.789845 0.000572
data -0.396162 0.371367 -1.140421 0.130655 0.789845 0.000572
data -0.396162 0.371367 -1.140421 0.129511 0.838292 0.000954
data -0.396162 0.371367 -1.140421 0.129511 0.838292 0.000954
data -0.396162 0.370985 -1.140421 0.126841 0.874533 0.000954
data -0.396162 0.370985 -1.140421 0.126841 0.874533 0.000954
data -0.396162 0.370985 -1.140421 0.124933 0.903906 0.000954
data -0.396162 0.370604 -1.140421 0.123407 0.928321 0.000954
data -0.396162 0.370604 -1.140421 0.123407 0.928321 0.000954
data -0.396162 0.370604 -1.140421 0.120737 0.962272 0.000954
data -0.396162 0.370222 -1.140039 0.119211 0.985161 0.000954
data -0.396162 0.370222 -1.140421 0.118067 1.003471 0.000954
data -0.396162 0.369841 -1.140039 0.116541 1.021019 0.000954
data -0.396162 0.369841 -1.140039 0.115396 1.039712 0.000954
data -0.396162 0.369459 -1.140039 0.114252 1.054971 0.000954
data -0.396162 0.369078 -1.140421 0.112726 1.075189 0.000954
data -0.396162 0.369078 -1.140421 0.112726 1.075189 0.000954
data -0.396162 0.368315 -1.140039 0.110819 1.104181 0.000954
data -0.396162 0.367933 -1.140039 0.109674 1.125162 0.000954
data -0.396162 0.367933 -1.140039 0.108530 1.140802 0.000954
data -0.396162 0.367552 -1.140039 0.107386 1.140802 0.000954
data -0.396162 0.367170 -1.140039 0.106623 1.173228 0.000954
data -0.396162 0.366789 -1.140039 0.105478 1.191539 0.000572
data -0.396162 0.366026 -1.140039 0.103189 1.229305 0.000954
data -0.396162 0.366026 -1.140039 0.103189 1.229305 0.000954
data -0.396544 0.365644 -1.140039 0.102808 1.246090 0.000954
data -0.396544 0.364882 -1.140039 0.101282 1.268215 0.000954
data -0.396544 0.364882 -1.140039 0.100519 1.283856 0.000954
data -0.396925 0.364500 -1.140039 0.100138 1.300260 0.000954
data -0.396925 0.364119 -1.140039 0.100138 1.300260 0.000954
data -0.396925 0.363737 -1.140039 0.099375 1.331159 0.000954
data -0.397688 0.363737 -1.140039 0.099375 1.331159 0.000954
data -0.397688 0.362974 -1.140039 0.098612 1.331159 0.000954
data -0.397688 0.362974 -1.140039 0.098230 1.381514 0.000954
data -0.398069 0.362593 -1.140039 0.098230 1.394484 0.000954
data -0.398451 0.362211 -1.140039 0.098230 1.394484 0.000954
data -0.398451 0.362211 -1.140039 0.097849 1.425002 0.000954
data -0.398832 0.361830 -1.140039 0.098230 1.445220 0.000954
data -0.398832 0.361830 -1.140039 0.098230 1.445220 0.000954
data -0.399977 0.361067 -1.140039 0.098230 1.445220 0.000954
data -0.400358 0.360685 -1.140039 0.098230 1.497482 0.000954
data -0.400740 0.360304 -1.140039 0.098230 1.510834 0.000954
data -0.400740 0.360304 -1.140039 0.098612 1.510834 0.000954
data -0.401121 0.359922 -1.140039 0.098612 1.538301 0.000954
data -0.401121 0.359922 -1.140039 0.098612 1.538301 0.000954
data -0.401121 0.359922 -1.140039 0.098612 1.538301 0.000954
data -0.403028 0.358397 -1.140039 0.098612 1.569200 0.000954
data -0.403410 0.358397 -1.140039 0.098993 1.598955 0.000954
data -0.403791 0.358015 -1.140039 0.099375 1.616121 0.000954
data -0.403791 0.358015 -1.140039 0.099375 1.616121 0.000954
data -0.404554 0.357634 -1.140039 0.099756 1.633287 0.000954
data -0.404936 0.357252 -1.140039 0.100138 1.654268 0.000954
data -0.405317 0.357252 -1.140039 0.100138 1.654268 0.000954
data -0.406080 0.356871 -1.140039 0.101282 1.693179 0.000954
data -0.406463 0.356871 -1.140039 0.101664 1.693179 0.000954
data -0.406844 0.356871 -1.140039 0.102045 1.715686 0.000954
data -0.407226 0.356489 -1.140039 0.102427 1.725605 0.000954
data -0.407607 0.356489 -1.140039 0.102808 1.737431 0.000954
data -0.407989 0.356108 -1.140039 0.103189 1.747349 0.000954
data -0.408370 0.356108 -1.140039 0.103189 1.747349 0.000954
data -0.408751 0.355726 -1.140039 0.103952 1.768711 0.000572
data -0.408751 0.355726 -1.140039 0.103952 1.768711 0.000572
data -0.409514 0.355726 -1.140039 0.103952 1.768711 0.000572
data -0.410277 0.355345 -1.140039 0.105097 1.799230 0.000954
data -0.410659 0.355345 -1.140039 0.105478 1.808003 0.000954
data -0.411040 0.355345 -1.140039 0.105478 1.808003 0.000954
data -0.411422 0.355345 -1.140039 0.106241 1.824407 0.000954
data -0.411803 0.355345 -1.140039 0.106241 1.832799 0.000954
data -0.412566 0.355345 -1.140039 0.106241 1.832799 0.000954
data -0.412566 0.355345 -1.140039 0.107004 1.845007 0.000954
data -0.413711 0.355345 -1.140039 0.107386 1.861410 0.000954
data -0.414092 0.355345 -1.140039 0.107386 1.861410 0.000954
data -0.414474 0.355345 -1.140039 0.107386 1.868658 0.000954
data -0.414855 0.355345 -1.140039 0.107767 1.882391 0.000954
data -0.415618 0.355345 -1.140039 0.108149 1.890402 0.000954
data -0.415999 0.355345 -1.140039 0.108149 1.896887 0.000954
data -0.416381 0.355345 -1.140039 0.108530 1.902609 0.000954
data -0.417525 0.355345 -1.140039 0.108530 1.902609 0.000954
data -0.417525 0.355345 -1.140039 0.108530 1.902609 0.000954
data -0.418288 0.355345 -1.140039 0.109293 1.917487 0.000954
data -0.418670 0.355345 -1.140039 0.110437 1.928931 0.000954
data -0.419051 0.355345 -1.140039 0.110819 1.935035 0.000954
data -0.419814 0.355345 -1.140039 0.111200 1.940757 0.000954
data -0.420196 0.355345 -1.140039 0.111582 1.945716 0.000954
data -0.420196 0.355345 -1.140039 0.111582 1.945716 0.000954
data -0.420196 0.355345 -1.140039 0.111582 1.945716 0.000954
data -0.421721 0.355345 -1.140039 0.113489 1.962119 0.000954
data -0.422484 0.355345 -1.140039 0.114634 1.970894 0.000954
data -0.422866 0.355345 -1.140039 0.115396 1.975853 0.000954
data -0.423247 0.355345 -1.140421 0.116159 1.980431 0.000954
data -0.423247 0.355345 -1.140421 0.116159 1.980431 0.000954
data -0.424010 0.355345 -1.140421 0.118067 1.991493 0.000954
data -0.424010 0.355345 -1.140421 0.118067 1.991493 0.000954
data -0.424773 0.355345 -1.140421 0.119974 1.991493 0.000954
data -0.425155 0.355345 -1.140421 0.121500 2.002174 0.000954
data -0.425536 0.355726 -1.140421 0.122263 2.010567 0.000954
data -0.425536 0.355726 -1.140421 0.122263 2.010567 0.000954
data -0.425918 0.355726 -1.140421 0.124170 2.018196 0.000954
data -0.426299 0.355726 -1.140421 0.125315 2.021629 0.000954
data -0.426681 0.355726 -1.140421 0.127222 2.026207 0.000954
data -0.426681 0.355726 -1.140421 0.127222 2.026207 0.000954
data -0.427444 0.356108 -1.140421 0.129511 2.031166 0.000954
data -0.427825 0.356108 -1.140421 0.131037 2.033837 0.000954
data -0.428206 0.356108 -1.140421 0.132944 2.036508 0.000954
data -0.428588 0.356108 -1.140421 0.134089 2.038796 0.000954
data -0.428969 0.356108 -1.140421 0.135614 2.040322 0.000954
data -0.428969 0.356108 -1.140421 0.135614 2.040322 0.000954
data -0.429732 0.356108 -1.140421 0.138285 2.042993 0.000954
data -0.430114 0.356108 -1.140421 0.138285 2.042993 0.000954
data -0.430495 0.356108 -1.140421 0.141336 2.044137 0.000954
data -0.430877 0.356108 -1.140802 0.143625 2.044518 0.000954
data -0.431258 0.356108 -1.140802 0.144770 2.044518 0.000954
data -0.432021 0.356108 -1.140802 0.146296 2.044137 0.000954
data -0.432403 0.356108 -1.140802 0.147821 2.043374 0.000954
data -0.432784 0.356108 -1.140802 0.149347 2.042611 0.000954
data -0.433928 0.356108 -1.141184 0.152018 2.040704 0.000954
data -0.434310 0.356108 -1.141184 0.153543 2.038415 0.000954
data -0.435073 0.356108 -1.141184 0.154688 2.036889 0.000954
data -0.435836 0.356108 -1.141565 0.156596 2.034600 0.000954
data -0.436217 0.356108 -1.141565 0.158122 2.032311 0.000954
data -0.436980 0.356108 -1.141565 0.159266 2.029640 0.000954
data -0.437362 0.356108 -1.141947 0.160411 2.027351 0.000954
data -0.438125 0.356108 -1.141947 0.161555 2.024681 0.000954
data -0.439269 0.356108 -1.141947 0.161555 2.024681 0.000954
data -0.439651 0.356108 -1.141947 0.163844 2.018959 0.000954
data -0.440032 0.356108 -1.142328 0.165370 2.016289 0.000954
data -0.440413 0.356108 -1.142328 0.166133 2.010567 0.000954
data -0.441176 0.356108 -1.142328 0.167277 2.006371 0.000954
data -0.441939 0.356108 -1.142710 0.168040 2.002174 0.000954
data -0.442702 0.356108 -1.142710 0.168040 2.002174 0.000954
data -0.443084 0.356108 -1.142710 0.169948 1.994926 0.000572
data -0.443084 0.356108 -1.142710 0.169948 1.994926 0.000572
data -0.443084 0.356108 -1.142710 0.169948 1.994926 0.000572
data -0.444991 0.356108 -1.142710 0.169948 1.994926 0.000572
data -0.446136 0.356108 -1.143473 0.173381 1.967460 0.000954
data -0.446898 0.356108 -1.143473 0.174144 1.961356 0.000954
data -0.447661 0.356108 -1.143854 0.174907 1.952964 0.000954
data -0.448424 0.356108 -1.143854 0.174907 1.952964 0.000572
data -0.449187 0.356108 -1.143854 0.176051 1.941138 0.000954
data -0.450332 0.356108 -1.143854 0.176051 1.941138 0.000954
data -0.450713 0.356108 -1.144236 0.177196 1.941138 0.000954
data -0.451476 0.356108 -1.144617 0.177958 1.917869 0.000954
data -0.451858 0.356108 -1.144617 0.178721 1.911384 0.000954
data -0.453002 0.356108 -1.144999 0.179103 1.902609 0.000954
data -0.453383 0.356108 -1.144999 0.179866 1.894217 0.000954
data -0.454146 0.356108 -1.145380 0.180629 1.886969 0.000954
data -0.454146 0.356108 -1.145380 0.180629 1.886969 0.000954
data -0.456054 0.356108 -1.145380 0.181773 1.865606 0.000954
data -0.456054 0.356108 -1.145380 0.181773 1.865606 0.000954
data -0.457198 0.356108 -1.145761 0.182918 1.865606 0.000954
data -0.457961 0.356108 -1.145761 0.183299 1.840047 0.000954
data -0.458724 0.356108 -1.146143 0.184062 1.830892 0.000954
data -0.459105 0.356108 -1.146143 0.184062 1.822118 0.000954
data -0.460250 0.356108 -1.146524 0.184825 1.808766 0.000954
data -0.460250 0.356108 -1.146524 0.184825 1.808766 0.000954
data -0.461013 0.356108 -1.146524 0.185588 1.795796 0.000954
data -0.462157 0.356108 -1.146524 0.185969 1.781301 0.000954
data -0.462539 0.356108 -1.146524 0.185969 1.781301 0.000954
data -0.462920 0.356108 -1.146906 0.186351 1.768711 0.000954
data -0.463683 0.356108 -1.146906 0.186732 1.754597 0.000954
data -0.464065 0.356108 -1.146906 0.187114 1.743153 0.000954
data -0.465972 0.356108 -1.146906 0.187114 1.743153 0.000954
data -0.465972 0.356108 -1.146906 0.187114 1.743153 0.000954
data -0.466735 0.356489 -1.147287 0.188640 1.696994 0.000954
data -0.467498 0.356489 -1.147287 0.188640 1.696994 0.000954
data -0.467879 0.356489 -1.147287 0.189021 1.671817 0.000954
data -0.468261 0.356489 -1.147287 0.189021 1.660754 0.000954
data -0.469025 0.356489 -1.147287 0.189021 1.660754 0.000954
data -0.469406 0.356871 -1.147287 0.189403 1.645876 0.000572
data -0.469406 0.356871 -1.147287 0.189403 1.645876 0.000572
data -0.470169 0.357252 -1.147287 0.189403 1.624132 0.000954
data -0.470551 0.357252 -1.147287 0.189403 1.608492 0.000954
data -0.470551 0.357252 -1.147287 0.189403 1.599337 0.000954
data -0.470932 0.357634 -1.147669 0.189403 1.587510 0.000572
data -0.471313 0.357634 -1.147669 0.189021 1.587510 0.000572
data -0.471695 0.358015 -1.147669 0.189021 1.567292 0.000954
data -0.472076 0.358015 -1.147669 0.189021 1.567292 0.000954
data -0.472458 0.358015 -1.147669 0.189021 1.567292 0.000954
data -0.472458 0.358015 -1.147669 0.189021 1.543260 0.000954
data -0.472839 0.358015 -1.147669 0.189021 1.543260 0.000954
data -0.472839 0.358015 -1.147669 0.189021 1.508545 0.000954
data -0.473221 0.358015 -1.147669 0.189021 1.498245 0.000572
data -0.473221 0.358015 -1.147669 0.189021 1.488327 0.000572
data -0.473602 0.358015 -1.147669 0.189021 1.476883 0.000954
data -0.473602 0.358015 -1.147669 0.189021 1.476883 0.000954
data -0.473984 0.358397 -1.147669 0.189021 1.476883 0.000954
data -0.473984 0.358397 -1.147669 0.189021 1.450942 0.000954
data -0.473984 0.358397 -1.147669 0.189021 1.431106 0.000954
data -0.474365 0.358397 -1.147669 0.189021 1.419662 0.000954
data -0.474365 0.358397 -1.147669 0.189021 1.410506 0.000954
data -0.474365 0.358397 -1.147669 0.189021 1.400206 0.000572
data -0.474365 0.358778 -1.147669 0.189021 1.388762 0.000954
data -0.474365 0.358778 -1.147669 0.189021 1.388762 0.000954
data -0.474365 0.358778 -1.147669 0.189021 1.368925 0.000954
data -0.474365 0.358778 -1.147669 0.189021 1.368925 0.000954
data -0.474365 0.358778 -1.147669 0.189021 1.340314 0.000954
data -0.474365 0.359159 -1.147669 0.189021 1.330014 0.000954
data -0.474365 0.359159 -1.147669 0.189021 1.317426 0.000572
data -0.474365 0.359159 -1.147669 0.189021 1.317426 0.000572
data -0.474365 0.359159 -1.147669 0.189021 1.302548 0.000954
data -0.474365 0.359159 -1.147669 0.189021 1.302548 0.000954
data -0.474365 0.359541 -1.147669 0.189021 1.302548 0.000954
data -0.474365 0.359541 -1.147669 0.189021 1.262112 0.000954
data -0.474365 0.359541 -1.147669 0.189021 1.251812 0.000954
data -0.473984 0.359541 -1.147669 0.189021 1.251812 0.000954
data -0.473984 0.359541 -1.147669 0.189021 1.231976 0.000954
data -0.473984 0.359541 -1.147669 0.189021 1.221676 0.000954
data -0.473984 0.359541 -1.147669 0.189021 1.221676 0.000954
data -0.473984 0.359541 -1.147669 0.189021 1.194591 0.000954
data -0.473984 0.359541 -1.147669 0.189021 1.194591 0.000954
data -0.473602 0.359541 -1.147669 0.189021 1.171321 0.000954
data -0.473602 0.359541 -1.147669 0.189021 1.161021 0.000954
data -0.473602 0.359541 -1.147669 0.189021 1.149958 0.000954
data -0.473602 0.359541 -1.147669 0.189021 1.138895 0.000954
data -0.473221 0.359541 -1.147669 0.189021 1.127451 0.000954
data -0.473221 0.359541 -1.147669 0.189021 1.127451 0.000954
data -0.473221 0.359541 -1.147669 0.189021 1.127451 0.000954
data -0.472839 0.359541 -1.147669 0.189021 1.106470 0.000954
data -0.472839 0.359541 -1.147669 0.189021 1.085488 0.000954
data -0.472839 0.359541 -1.147669 0.189021 1.085488 0.000954
data -0.472839 0.359541 -1.147669 0.189021 1.069467 0.000954
data -0.472458 0.359541 -1.148050 0.189021 1.058785 0.000954
data -0.472458 0.359541 -1.147669 0.189021 1.049249 0.000954
data -0.472458 0.359541 -1.147669 0.189021 1.037423 0.000572
data -0.472076 0.359541 -1.147669 0.189021 1.037423 0.000572
data -0.472076 0.359541 -1.147669 0.189021 1.016441 0.000954
data -0.472076 0.359541 -1.147669 0.189021 1.016441 0.000954
data -0.471695 0.359541 -1.148050 0.189021 0.995842 0.000954
data -0.471695 0.359541 -1.148050 0.189021 0.995842 0.000954
data -0.471313 0.359541 -1.148050 0.189021 0.973717 0.000954
data -0.471313 0.359541 -1.148050 0.189021 0.973717 0.000954
data -0.470932 0.359541 -1.148050 0.189021 0.955024 0.000954
data -0.470932 0.359541 -1.148050 0.189021 0.955024 0.000954
data -0.470551 0.359541 -1.148050 0.189021 0.955024 0.000954
data -0.470169 0.359541 -1.148050 0.189021 0.933280 0.000954
data -0.470169 0.359922 -1.148050 0.189021 0.915351 0.000954
data -0.469788 0.359541 -1.148050 0.189021 0.906195 0.000954
data -0.469788 0.359541 -1.148050 0.189021 0.896276 0.000954
data -0.469406 0.359922 -1.148050 0.189021 0.886358 0.000954
data -0.469406 0.359922 -1.148050 0.189021 0.886358 0.000954
data -0.468642 0.359541 -1.148050 0.189021 0.886358 0.000954
data -0.468261 0.359922 -1.148050 0.189021 0.853170 0.000954
data -0.467879 0.359541 -1.148050 0.189021 0.853170 0.000954
data -0.467498 0.359541 -1.148050 0.189021 0.834859 0.000954
data -0.467498 0.359541 -1.148050 0.189021 0.834859 0.000954
data -0.466735 0.359541 -1.148050 0.189021 0.815022 0.000954
data -0.466353 0.359541 -1.148050 0.188640 0.806630 0.000954
data -0.466353 0.359541 -1.148050 0.188640 0.806630 0.000954
data -0.465590 0.359541 -1.148050 0.188640 0.791371 0.000954
data -0.465209 0.359541 -1.148050 0.188640 0.778400 0.000954
data -0.464828 0.359922 -1.148050 0.188640 0.768864 0.000954
data -0.464446 0.359541 -1.148050 0.188640 0.759708 0.000954
data -0.464446 0.359541 -1.148050 0.188640 0.752079 0.000954
data -0.463683 0.359541 -1.148050 0.188640 0.742161 0.000954
data -0.462920 0.359541 -1.148050 0.188258 0.719654 0.000954
data -0.462539 0.359541 -1.148050 0.188258 0.719654 0.000954
data -0.462157 0.359541 -1.148050 0.188258 0.703250 0.000954
data -0.461776 0.359922 -1.148050 0.188258 0.694476 0.000954
data -0.461394 0.359922 -1.148050 0.188258 0.686084 0.000572
data -0.461013 0.359541 -1.148050 0.188258 0.676547 0.000954
data -0.460631 0.359541 -1.148050 0.188258 0.668155 0.000954
data -0.459868 0.359541 -1.148050 0.188258 0.668155 0.000572
data -0.459868 0.359541 -1.148050 0.188258 0.651369 0.000954
data -0.459105 0.359541 -1.148050 0.188258 0.651369 0.000954
data -0.458724 0.359922 -1.148050 0.188258 0.645266 0.000954
data -0.458343 0.359541 -1.148050 0.188258 0.621614 0.000954
data -0.457961 0.359922 -1.148050 0.188258 0.612841 0.000954
data -0.457580 0.359541 -1.148050 0.187877 0.604830 0.000954
data -0.457198 0.359922 -1.148050 0.187877 0.596056 0.000954
data -0.457198 0.359922 -1.148050 0.187877 0.596056 0.000954
data -0.456435 0.359922 -1.148050 0.187877 0.596056 0.000954
data -0.456054 0.359922 -1.148050 0.187877 0.596056 0.000954
data -0.456054 0.359922 -1.148050 0.187877 0.575456 0.000954
data -0.455291 0.359922 -1.148050 0.187877 0.551042 0.000954
data -0.454909 0.359922 -1.148050 0.187495 0.542649 0.000954
data -0.454528 0.359922 -1.148050 0.187495 0.534257 0.000954
data -0.454146 0.359922 -1.148050 0.187495 0.526627 0.000954
data -0.454146 0.359922 -1.148050 0.187495 0.526627 0.000954
data -0.453002 0.359922 -1.148050 0.187495 0.526627 0.000954
data -0.453002 0.359922 -1.148050 0.187114 0.509460 0.000954
data -0.452621 0.359922 -1.148050 0.187114 0.492676 0.000572
data -0.452239 0.359922 -1.148050 0.187114 0.483521 0.000572
data -0.451858 0.359922 -1.148050 0.187114 0.475510 0.000572
data -0.451476 0.359922 -1.148050 0.187114 0.475510 0.000954
data -0.451095 0.359922 -1.148050 0.187114 0.465209 0.000954
data -0.450332 0.359922 -1.148050 0.187114 0.444228 0.000954
data -0.450332 0.359922 -1.148050 0.186732 0.434691 0.000572
data -0.449950 0.359922 -1.148050 0.186732 0.427062 0.000572
data -0.449569 0.359922 -1.148050 0.187114 0.427062 0.000572
data -0.449187 0.359922 -1.148050 0.187114 0.411040 0.000954
data -0.448806 0.359922 -1.148050 0.186732 0.403410 0.000954
data -0.448424 0.359922 -1.148050 0.186732 0.396162 0.000954
data -0.447661 0.359922 -1.148050 0.186732 0.396162 0.000954
data -0.447280 0.359922 -1.148050 0.187114 0.377089 0.000954
data -0.447280 0.359922 -1.148050 0.187114 0.370222 0.000954
data -0.446898 0.359922 -1.148050 0.187114 0.362974 0.000954
data -0.446517 0.359922 -1.148050 0.187114 0.354200 0.000954
data -0.446136 0.359922 -1.148050 0.187114 0.354200 0.000954
data -0.445754 0.359922 -1.148050 0.187114 0.340848 0.000954
data -0.444991 0.359922 -1.148050 0.187495 0.324826 0.000954
data -0.444991 0.359922 -1.148050 0.187495 0.324826 0.000954
data -0.444610 0.359922 -1.148050 0.187495 0.324826 0.000954
data -0.444610 0.359922 -1.148050 0.187495 0.324826 0.000954
data -0.443847 0.359922 -1.148050 0.187495 0.311856 0.000954
data -0.443465 0.359922 -1.148050 0.187877 0.292783 0.000954
data -0.443465 0.359922 -1.148050 0.187877 0.292783 0.000954
data -0.442702 0.359922 -1.148050 0.187877 0.292783 0.000954
data -0.442321 0.359922 -1.148050 0.187877 0.265316 0.000954
data -0.442321 0.359922 -1.148050 0.187877 0.265316 0.000572
data -0.441558 0.359922 -1.148050 0.188258 0.258450 0.000954
data -0.441176 0.359922 -1.148050 0.188258 0.247005 0.000954
data -0.441176 0.359922 -1.148050 0.188258 0.247005 0.000954
data -0.440795 0.359922 -1.148050 0.188258 0.237087 0.000954
data -0.440032 0.359922 -1.148050 0.188258 0.224499 0.000954
data -0.440032 0.359922 -1.148050 0.188258 0.218013 0.000954
data -0.440032 0.359922 -1.148050 0.188258 0.218013 0.000954
data -0.439269 0.359922 -1.148050 0.188258 0.218013 0.000954
data -0.439269 0.359922 -1.148050 0.188258 0.218013 0.000954
data -0.438506 0.359922 -1.148050 0.188640 0.187114 0.000954
data -0.438125 0.359922 -1.148050 0.188640 0.180629 0.000954
data -0.437743 0.359922 -1.148050 0.188640 0.180629 0.000954
data -0.437743 0.359922 -1.148050 0.188640 0.167277 0.000954
data -0.437362 0.359922 -1.148050 0.188640 0.160411 0.000954
data -0.437362 0.359922 -1.148050 0.188640 0.160411 0.000954
data -0.436599 0.359922 -1.148050 0.189021 0.146677 0.000954
data -0.436599 0.359922 -1.148050 0.189021 0.146677 0.000954
data -0.435836 0.359922 -1.148050 0.188640 0.134851 0.000954
data -0.435454 0.359922 -1.148050 0.189021 0.134851 0.000954
data -0.435073 0.359922 -1.148050 0.189021 0.119974 0.000954
data -0.435073 0.359922 -1.148050 0.189021 0.113489 0.000954
data -0.434310 0.359922 -1.148050 0.189021 0.101664 0.000954
data -0.434310 0.359922 -1.148050 0.189021 0.101664 0.000954
data -0.433547 0.359922 -1.148050 0.189021 0.101664 0.000954
data -0.433166 0.359922 -1.148050 0.189403 0.081445 0.000954
data -0.432784 0.359922 -1.148050 0.189403 0.070382 0.000954
data -0.432784 0.359922 -1.148050 0.189403 0.064660 0.000954
data -0.432403 0.359922 -1.148050 0.189403 0.057031 0.000954
data -0.431640 0.359922 -1.148050 0.189403 0.057031 0.000954
data -0.431640 0.359922 -1.148050 0.189403 0.045587 0.000954
data -0.431258 0.359922 -1.148050 0.189403 0.036813 0.000572
data -0.430877 0.359922 -1.148432 0.189784 0.036813 0.000572
data -0.430877 0.359922 -1.148432 0.189784 0.024605 0.000954
data -0.430495 0.359922 -1.148432 0.190166 0.019646 0.000954
data -0.430114 0.359922 -1.148432 0.190166 0.013542 0.000954
data -0.430114 0.359922 -1.148432 0.190166 0.013542 0.000954
data -0.429351 0.360304 -1.148813 0.190166 -0.001717 0.000954
data -0.429351 0.360304 -1.148813 0.190166 -0.001717 0.000954
data -0.428969 0.360304 -1.148813 0.190166 -0.001717 0.000954
data -0.428969 0.360304 -1.148813 0.190166 -0.001717 0.000954
data -0.428588 0.360304 -1.149195 0.190547 -0.014687 0.000954
data -0.428588 0.360304 -1.149576 0.190547 -0.027275 0.000954
data -0.428206 0.360304 -1.149958 0.190928 -0.031854 0.000954
data -0.428206 0.360304 -1.149958 0.190928 -0.031854 0.000954
data -0.428206 0.360304 -1.149958 0.190928 -0.031854 0.000954
data -0.427444 0.360304 -1.150339 0.191310 -0.044442 0.000954
data -0.427062 0.360304 -1.150721 0.191691 -0.053597 0.000954
data -0.427062 0.360685 -1.150721 0.191691 -0.053597 0.000954
data -0.426681 0.360685 -1.150721 0.191691 -0.059319 0.000572
data -0.426681 0.360685 -1.151484 0.192454 -0.067712 0.000954
data -0.426299 0.360685 -1.151484 0.192836 -0.073052 0.000954
data -0.425918 0.360685 -1.151484 0.192836 -0.073052 0.000954
data -0.425918 0.360685 -1.152246 0.193599 -0.083734 0.000572
data -0.425918 0.360685 -1.152246 0.193599 -0.083734 0.000572
data -0.425155 0.360685 -1.152628 0.194362 -0.093652 0.000954
data -0.425155 0.360685 -1.153391 0.195125 -0.099756 0.000954
data -0.425155 0.360685 -1.153391 0.195125 -0.099756 0.000954
data -0.424392 0.360685 -1.153772 0.195125 -0.099756 0.000572
data -0.424010 0.361067 -1.154154 0.197032 -0.112345 0.000954
data -0.424010 0.361067 -1.154535 0.197032 -0.112345 0.000954
data -0.424010 0.361067 -1.154535 0.197795 -0.118067 0.000954
data -0.423629 0.361067 -1.155298 0.199321 -0.125696 0.000954
data -0.423629 0.361067 -1.155298 0.199321 -0.125696 0.000954
data -0.423247 0.361448 -1.155680 0.200847 -0.134089 0.000954
data -0.423247 0.361448 -1.156061 0.201610 -0.137522 0.000954
data -0.422866 0.361830 -1.156444 0.202373 -0.141718 0.000954
data -0.422866 0.361830 -1.156444 0.202373 -0.141718 0.000954
data -0.422866 0.361830 -1.156444 0.202373 -0.141718 0.000954
data -0.422866 0.361830 -1.157969 0.205043 -0.141718 0.000954
data -0.422103 0.361830 -1.157969 0.205424 -0.153162 0.000572
data -0.421721 0.362211 -1.159114 0.206950 -0.161174 0.000954
data -0.421721 0.362211 -1.159495 0.208095 -0.164989 0.000954
data -0.421340 0.362211 -1.159877 0.209239 -0.164989 0.000954
data -0.421340 0.362593 -1.160258 0.209620 -0.171092 0.000572
data -0.421340 0.362593 -1.160258 0.209620 -0.171092 0.000572
data -0.421340 0.362593 -1.160258 0.209620 -0.171092 0.000572
data -0.420577 0.362974 -1.160258 0.209620 -0.171092 0.000572
data -0.420196 0.362974 -1.162929 0.213435 -0.185206 0.000954
data -0.420196 0.363356 -1.163310 0.214198 -0.188640 0.000954
data -0.420196 0.363356 -1.164073 0.214961 -0.191691 0.000954
data -0.420196 0.363737 -1.164836 0.215724 -0.191691 0.000954
data -0.419814 0.363737 -1.165599 0.216487 -0.197795 0.000954
data -0.419814 0.363737 -1.165599 0.216487 -0.197795 0.000954
data -0.419814 0.363737 -1.165599 0.216487 -0.197795 0.000954
data -0.419433 0.364500 -1.167125 0.218777 -0.205424 0.000954
data -0.419433 0.364500 -1.168651 0.219540 -0.209239 0.000954
data -0.419051 0.364882 -1.169032 0.220303 -0.212672 0.000954
data -0.419051 0.364882 -1.169795 0.221447 -0.215343 0.000954
data -0.418670 0.365263 -1.170939 0.221828 -0.218394 0.000954
data -0.418670 0.365263 -1.171702 0.222591 -0.220684 0.000954
data -0.418288 0.365263 -1.171702 0.222591 -0.220684 0.000954
data -0.418288 0.366026 -1.171702 0.222591 -0.220684 0.000954
data -0.418288 0.366026 -1.173991 0.224880 -0.220684 0.000954
data -0.417907 0.366407 -1.175517 0.226406 -0.231365 0.000954
data -0.417907 0.366407 -1.176661 0.227169 -0.231365 0.000954
data -0.417525 0.366789 -1.177424 0.227932 -0.235561 0.000954
data -0.417525 0.366789 -1.178569 0.228695 -0.237469 0.000954
data -0.417525 0.367170 -1.179713 0.229458 -0.239758 0.000954
data -0.417525 0.367170 -1.179713 0.229458 -0.239758 0.000954
data -0.417525 0.367170 -1.179713 0.229458 -0.239758 0.000954
data -0.416762 0.367933 -1.183146 0.232128 -0.246243 0.000954
data -0.416762 0.368315 -1.184672 0.233273 -0.248150 0.000954
data -0.416381 0.368696 -1.185435 0.234035 -0.250057 0.000954
data -0.416381 0.369078 -1.186961 0.235561 -0.251965 0.000572
data -0.415999 0.369459 -1.189250 0.237087 -0.255016 0.000954
data -0.415999 0.369459 -1.189250 0.237087 -0.255016 0.000954
data -0.415618 0.370222 -1.192302 0.238995 -0.257687 0.000954
data -0.415618 0.370604 -1.193446 0.240902 -0.257687 0.000954
data -0.415618 0.370604 -1.194591 0.241665 -0.260738 0.000954
data -0.415236 0.370985 -1.195735 0.242809 -0.261883 0.000954
data -0.415236 0.371367 -1.196879 0.243954 -0.263027 0.000954
data -0.414855 0.371748 -1.198405 0.244717 -0.264172 0.000954
data -0.414855 0.372129 -1.199931 0.246243 -0.265316 0.000572
data -0.414855 0.372129 -1.199931 0.246243 -0.265316 0.000572
data -0.414474 0.372892 -1.204127 0.249294 -0.267223 0.000572
data -0.414092 0.373655 -1.206416 0.249294 -0.267223 0.000572
data -0.414092 0.373655 -1.207179 0.252728 -0.269131 0.000572
data -0.414092 0.374037 -1.208705 0.254253 -0.269894 0.000954
data -0.414092 0.374418 -1.210612 0.256161 -0.270657 0.000954
data -0.414092 0.374800 -1.212138 0.257687 -0.271038 0.000954
data -0.414092 0.375563 -1.213664 0.259212 -0.271801 0.000954
data -0.414092 0.375563 -1.213664 0.259212 -0.271801 0.000954
data -0.414474 0.376326 -1.217479 0.261883 -0.271801 0.000954
data -0.414474 0.376707 -1.218623 0.264172 -0.272945 0.000954
data -0.414474 0.377089 -1.220150 0.266079 -0.272945 0.000572
data -0.414474 0.377470 -1.222057 0.267605 -0.272945 0.000572
data -0.414474 0.377851 -1.223202 0.269131 -0.273327 0.000954
data -0.414474 0.378233 -1.225109 0.271038 -0.273708 0.000954
data -0.414474 0.378233 -1.225109 0.271038 -0.273708 0.000954
data -0.414474 0.378996 -1.228924 0.271038 -0.273708 0.000954
data -0.414474 0.379759 -1.230831 0.276760 -0.274090 0.000954
data -0.414474 0.380140 -1.232738 0.278286 -0.274090 0.000954
data -0.414474 0.380522 -1.234264 0.279812 -0.274090 0.000572
data -0.414474 0.381285 -1.236172 0.281720 -0.273708 0.000954
data -0.414474 0.381285 -1.236172 0.281720 -0.273708 0.000954
data -0.414474 0.382048 -1.239986 0.285153 -0.273708 0.000572
data -0.414474 0.382048 -1.239986 0.285153 -0.273708 0.000572
data -0.414474 0.383955 -1.243801 0.285153 -0.273708 0.000572
data -0.414474 0.384336 -1.246090 0.288968 -0.273327 0.000572
data -0.414474 0.385099 -1.247997 0.292783 -0.272945 0.000572
data -0.414855 0.385481 -1.250286 0.294690 -0.272564 0.000954
data -0.414855 0.386244 -1.251812 0.296216 -0.272564 0.000954
data -0.414855 0.387007 -1.253719 0.297742 -0.272564 0.000954
data -0.414855 0.387007 -1.253719 0.297742 -0.272564 0.000954
data -0.415236 0.389677 -1.261730 0.303845 -0.272182 0.000954
data -0.415236 0.390440 -1.263638 0.305371 -0.272182 0.000954
data -0.415236 0.391203 -1.265926 0.306897 -0.272182 0.000954
data -0.415236 0.391966 -1.267834 0.306897 -0.272182 0.000572
data -0.415618 0.392729 -1.270123 0.310330 -0.272182 0.000954
data -0.415618 0.392729 -1.270123 0.310330 -0.272182 0.000954
data -0.415618 0.393492 -1.273174 0.312619 -0.271801 0.000572
data -0.415618 0.393492 -1.273174 0.312619 -0.271801 0.000572
data -0.415618 0.395018 -1.278133 0.316815 -0.271420 0.000954
data -0.415999 0.395781 -1.281185 0.319104 -0.271420 0.000954
data -0.415999 0.396544 -1.283475 0.321012 -0.271038 0.000954
data -0.416381 0.397306 -1.285764 0.322537 -0.271038 0.000954
data -0.416381 0.398069 -1.287671 0.324063 -0.270657 0.000954
data -0.416381 0.398832 -1.289578 0.325208 -0.270657 0.000954
data -0.416762 0.400740 -1.289578 0.325208 -0.270657 0.000954
data -0.416762 0.400740 -1.294919 0.329022 -0.270657 0.000954
data -0.416762 0.401503 -1.296445 0.329785 -0.270275 0.000954
data -0.416762 0.403028 -1.299878 0.332074 -0.270275 0.000572
data -0.417144 0.403791 -1.302167 0.333219 -0.269894 0.000954
data -0.417144 0.404936 -1.304456 0.334744 -0.269894 0.000954
data -0.417144 0.404936 -1.304456 0.334744 -0.269894 0.000954
data -0.417144 0.406844 -1.308652 0.337033 -0.269512 0.000954
data -0.417144 0.408370 -1.312467 0.340085 -0.268749 0.000954
data -0.417144 0.408370 -1.312467 0.340085 -0.268749 0.000954
data -0.417144 0.409896 -1.315900 0.342374 -0.268368 0.000954
data -0.417144 0.411422 -1.318570 0.343901 -0.267986 0.000954
data -0.417144 0.412185 -1.320859 0.345427 -0.267605 0.000954
data -0.417144 0.412948 -1.323148 0.346571 -0.267223 0.000954
data -0.417144 0.414092 -1.325818 0.348478 -0.267223 0.000954
data -0.417144 0.415236 -1.328488 0.349623 -0.267223 0.000954
data -0.417144 0.417144 -1.333447 0.352293 -0.266460 0.000954
data -0.417144 0.418288 -1.335736 0.353819 -0.266079 0.000954
data -0.417144 0.418288 -1.335736 0.353819 -0.266079 0.000954
data -0.417525 0.420196 -1.340314 0.355345 -0.265697 0.000954
data -0.417525 0.420959 -1.342984 0.356871 -0.265697 0.000954
data -0.417525 0.422103 -1.345274 0.358397 -0.264553 0.000954
data -0.417525 0.423629 -1.348326 0.359541 -0.264172 0.000954
data -0.417525 0.424392 -1.350615 0.360685 -0.263790 0.000954
data -0.417525 0.425536 -1.353285 0.362211 -0.263409 0.000572
data -0.417525 0.425536 -1.353285 0.362211 -0.263409 0.000572
data -0.417907 0.428206 -1.359388 0.364500 -0.262264 0.000954
data -0.417907 0.429351 -1.362440 0.366407 -0.261501 0.000954
data -0.417907 0.430495 -1.365110 0.367552 -0.261501 0.000954
data -0.417907 0.431640 -1.367018 0.368696 -0.261120 0.000572
data -0.418288 0.432784 -1.370070 0.369841 -0.260738 0.000954
data -0.418288 0.433928 -1.372740 0.370985 -0.260357 0.000954
data -0.418288 0.433928 -1.372740 0.370985 -0.260357 0.000954
data -0.418670 0.436217 -1.377699 0.370985 -0.260357 0.000954
data -0.418670 0.437743 -1.380751 0.374418 -0.259594 0.000954
data -0.418670 0.439269 -1.384184 0.375563 -0.259212 0.000954
data -0.418670 0.440413 -1.386473 0.376707 -0.258831 0.000954
data -0.419051 0.441558 -1.389143 0.377470 -0.258831 0.000572
data -0.419051 0.442702 -1.391432 0.378233 -0.258450 0.000954
data -0.419051 0.443847 -1.394484 0.379377 -0.258068 0.000954
data -0.419051 0.443847 -1.394484 0.379377 -0.258068 0.000954
data -0.419051 0.446517 -1.399443 0.381285 -0.257687 0.000954
data -0.419051 0.446517 -1.400969 0.381666 -0.257687 0.000954
data -0.419051 0.446517 -1.400969 0.381666 -0.257687 0.000954
data -0.419051 0.446517 -1.400969 0.381666 -0.257687 0.000954
data -0.419051 0.451476 -1.412032 0.385099 -0.257305 0.000572
data -0.419051 0.453002 -1.415465 0.385862 -0.256542 0.000954
data -0.419051 0.454146 -1.417754 0.386625 -0.256542 0.000954
data -0.419051 0.454146 -1.417754 0.386625 -0.256542 0.000954
data -0.419051 0.454146 -1.417754 0.386625 -0.256542 0.000954
data -0.419051 0.459105 -1.428054 0.388914 -0.255779 0.000954
data -0.419051 0.459105 -1.428054 0.388914 -0.255779 0.000954
data -0.419051 0.459105 -1.428054 0.388914 -0.255779 0.000954
data -0.419051 0.462157 -1.434920 0.390821 -0.255016 0.000954
data -0.419051 0.463683 -1.437972 0.391584 -0.255016 0.000954
data -0.419051 0.464828 -1.440261 0.392347 -0.254635 0.000954
data -0.419051 0.465972 -1.442931 0.393110 -0.254635 0.000954
data -0.419051 0.465972 -1.442931 0.393110 -0.254635 0.000954
data -0.419051 0.469025 -1.449416 0.394255 -0.254253 0.000954
data -0.419051 0.470169 -1.452086 0.394636 -0.254253 0.000954
data -0.419051 0.471695 -1.455138 0.394636 -0.254253 0.000954
data -0.419051 0.472458 -1.457046 0.395399 -0.253872 0.000954
data -0.419433 0.474747 -1.461623 0.395781 -0.253872 0.000954
data -0.419433 0.474747 -1.461623 0.395781 -0.253872 0.000954
data -0.419433 0.477036 -1.461623 0.395781 -0.253872 0.000954
data -0.419433 0.478180 -1.469254 0.396162 -0.253872 0.000954
data -0.419433 0.480087 -1.469254 0.396544 -0.253872 0.000954
data -0.419433 0.480850 -1.475357 0.396925 -0.253872 0.000954
data -0.419433 0.481995 -1.477646 0.397306 -0.254253 0.000954
data -0.419433 0.483139 -1.480698 0.397688 -0.254253 0.000954
data -0.419433 0.484665 -1.483368 0.397688 -0.254253 0.000954
data -0.419433 0.484665 -1.483368 0.397688 -0.254253 0.000954
data -0.419433 0.487335 -1.483368 0.397688 -0.254253 0.000954
data -0.419433 0.487717 -1.489853 0.397688 -0.253872 0.000954
data -0.419433 0.489624 -1.494812 0.397688 -0.253872 0.000954
data -0.419433 0.491150 -1.497864 0.397306 -0.253872 0.000954
data -0.419433 0.491913 -1.500153 0.397688 -0.253872 0.000954
data -0.419433 0.493057 -1.502441 0.397688 -0.253490 0.000954
data -0.419433 0.494202 -1.505112 0.397688 -0.253490 0.000954
data -0.419433 0.494202 -1.505112 0.397688 -0.253490 0.000954
data -0.419433 0.494202 -1.505112 0.397688 -0.253490 0.000954
data -0.419433 0.498398 -1.513885 0.397688 -0.253490 0.000954
data -0.419433 0.500305 -1.513885 0.397688 -0.253490 0.000954
data -0.419433 0.500687 -1.519989 0.397688 -0.253490 0.000954
data -0.419433 0.501831 -1.523804 0.397688 -0.253490 0.000954
data -0.419433 0.502975 -1.526474 0.397688 -0.253490 0.000954
data -0.419433 0.504120 -1.528763 0.397306 -0.253490 0.000954
data -0.419433 0.505646 -1.532578 0.397306 -0.253490 0.000954
data -0.419433 0.505646 -1.532578 0.397306 -0.253490 0.000954
data -0.419433 0.507553 -1.536775 0.397306 -0.253490 0.000954
data -0.419433 0.509079 -1.540208 0.397306 -0.253109 0.000954
data -0.419433 0.510223 -1.542497 0.397306 -0.253109 0.000954
data -0.419433 0.510986 -1.544785 0.397306 -0.253109 0.000954
data -0.419433 0.512131 -1.547456 0.397306 -0.253109 0.000954
data -0.419433 0.514038 -1.552033 0.397306 -0.253109 0.000954
data -0.419433 0.515182 -1.552033 0.397306 -0.253109 0.000954
data -0.419433 0.515945 -1.556993 0.397306 -0.253109 0.000954
data -0.419433 0.517090 -1.559663 0.397306 -0.253109 0.000954
data -0.419433 0.517853 -1.561952 0.396925 -0.253109 0.000954
data -0.419433 0.518997 -1.564240 0.396925 -0.253109 0.000954
data -0.419433 0.520142 -1.567292 0.396544 -0.253109 0.000954
data -0.419433 0.520905 -1.569200 0.396544 -0.253109 0.000954
data -0.419433 0.522812 -1.569200 0.396544 -0.253109 0.000954
data -0.419433 0.522812 -1.574159 0.396544 -0.253109 0.000954
data -0.419433 0.523956 -1.576829 0.396162 -0.253109 0.000954
data -0.419433 0.524719 -1.579118 0.395781 -0.253109 0.000954
data -0.419433 0.525864 -1.581788 0.395781 -0.253109 0.000954
data -0.419433 0.526627 -1.583695 0.395399 -0.253109 0.000954
data -0.419433 0.527390 -1.585984 0.395399 -0.253109 0.000954
data -0.419433 0.528152 -1.588655 0.395399 -0.253109 0.000954
data -0.419433 0.528152 -1.588655 0.395399 -0.253109 0.000954
data -0.419433 0.530441 -1.594378 0.394636 -0.253109 0.000954
data -0.419433 0.531204 -1.597048 0.394636 -0.253109 0.000954
data -0.419433 0.531968 -1.598955 0.394255 -0.253109 0.000954
data -0.419433 0.532731 -1.601244 0.393873 -0.253109 0.000572
data -0.419433 0.532731 -1.601244 0.393873 -0.253109 0.000572
data -0.419433 0.532731 -1.601244 0.393873 -0.253109 0.000572
data -0.419433 0.535783 -1.607729 0.393492 -0.252728 0.000954
data -0.419433 0.535783 -1.607729 0.393492 -0.252728 0.000954
data -0.419433 0.538072 -1.612307 0.392729 -0.252728 0.000954
data -0.419433 0.538835 -1.615358 0.392347 -0.252728 0.000954
data -0.419433 0.539598 -1.616884 0.391966 -0.252346 0.000954
data -0.419433 0.540360 -1.619173 0.391966 -0.252346 0.000954
data -0.419433 0.541123 -1.621080 0.391584 -0.252346 0.000572
data -0.419433 0.541886 -1.622988 0.391584 -0.252346 0.000954
data -0.419433 0.543031 -1.626802 0.391203 -0.251965 0.000954
data -0.419433 0.543031 -1.626802 0.391203 -0.251965 0.000954
data -0.419433 0.543031 -1.626802 0.391203 -0.251965 0.000954
data -0.419433 0.544938 -1.632524 0.390821 -0.251583 0.000954
data -0.419433 0.545701 -1.634432 0.390440 -0.251202 0.000954
data -0.419433 0.546082 -1.635958 0.390440 -0.251202 0.000954
data -0.419433 0.546845 -1.638247 0.390059 -0.250820 0.000954
data -0.419433 0.547608 -1.639772 0.390059 -0.250820 0.000954
data -0.419433 0.547608 -1.639772 0.390059 -0.250820 0.000954
data -0.419433 0.547608 -1.639772 0.390059 -0.250820 0.000954
data -0.419433 0.549134 -1.643969 0.389677 -0.250439 0.000954
data -0.419433 0.550279 -1.647402 0.389677 -0.249676 0.000954
data -0.419433 0.551042 -1.648928 0.389296 -0.249676 0.000954
data -0.419433 0.551805 -1.650835 0.389296 -0.249294 0.000954
data -0.419433 0.552186 -1.652361 0.389296 -0.248913 0.000954
data -0.419433 0.553330 -1.654268 0.389296 -0.248531 0.000954
data -0.419433 0.553330 -1.654268 0.389296 -0.248531 0.000954
data -0.419433 0.554856 -1.658084 0.389296 -0.247768 0.000954
data -0.419433 0.554856 -1.658084 0.389296 -0.247768 0.000954
data -0.419433 0.556001 -1.661136 0.389296 -0.247387 0.000954
data -0.419433 0.556764 -1.662662 0.389296 -0.246624 0.000954
data -0.419433 0.557145 -1.664187 0.389296 -0.245861 0.000954
data -0.419433 0.557527 -1.665713 0.389677 -0.245480 0.000954
data -0.419433 0.558290 -1.667621 0.389677 -0.245480 0.000954
data -0.419433 0.558290 -1.667621 0.389677 -0.245480 0.000954
data -0.419433 0.559052 -1.671054 0.389677 -0.244717 0.000954
data -0.419433 0.559815 -1.672961 0.389677 -0.243954 0.000954
data -0.419433 0.559815 -1.672961 0.389677 -0.243954 0.000954
data -0.419433 0.560578 -1.675250 0.389677 -0.243954 0.000954
data -0.419433 0.560960 -1.676776 0.389296 -0.243191 0.000954
data -0.419433 0.561341 -1.677920 0.389296 -0.242809 0.000954
data -0.419433 0.561341 -1.677920 0.389296 -0.242809 0.000954
data -0.419433 0.561341 -1.677920 0.389296 -0.242809 0.000954
data -0.419433 0.562867 -1.677920 0.389296 -0.242809 0.000954
data -0.419433 0.563249 -1.684405 0.388914 -0.241283 0.000954
data -0.419433 0.564012 -1.685931 0.389296 -0.240520 0.000954
data -0.419433 0.564393 -1.687076 0.388914 -0.240139 0.000954
data -0.419433 0.564393 -1.687076 0.388914 -0.240139 0.000954
data -0.419433 0.565156 -1.689746 0.389296 -0.238995 0.000954
data -0.419433 0.565537 -1.690890 0.389296 -0.238613 0.000954
data -0.419433 0.565537 -1.690890 0.389296 -0.238613 0.000954
data -0.419433 0.566682 -1.693942 0.388914 -0.237469 0.000954
data -0.419433 0.567063 -1.695086 0.389296 -0.236706 0.000954
data -0.419433 0.567445 -1.696612 0.389296 -0.236706 0.000954
data -0.419433 0.567826 -1.697757 0.389296 -0.235561 0.000954
data -0.419433 0.568208 -1.698901 0.389296 -0.235561 0.000954
data -0.419433 0.568589 -1.700046 0.389296 -0.235180 0.000954
data -0.419433 0.568589 -1.700046 0.389296 -0.235180 0.000954
data -0.419433 0.568589 -1.700046 0.389296 -0.235180 0.000954
data -0.419433 0.568589 -1.700046 0.389296 -0.235180 0.000954
data -0.419433 0.570115 -1.704623 0.389296 -0.235180 0.000954
data -0.419433 0.570115 -1.706531 0.388914 -0.233273 0.000954
data -0.419433 0.570497 -1.707294 0.388914 -0.233273 0.000572
data -0.419433 0.570878 -1.708438 0.388533 -0.232891 0.000954
data -0.419433 0.570878 -1.709582 0.388533 -0.232510 0.000954
data -0.419433 0.570878 -1.709582 0.388533 -0.232510 0.000954
data -0.419433 0.570878 -1.709582 0.388533 -0.232510 0.000954
data -0.419433 0.572022 -1.713016 0.388533 -0.232128 0.000954
data -0.419433 0.572404 -1.714160 0.388151 -0.231747 0.000954
data -0.419433 0.572785 -1.714160 0.388151 -0.231747 0.000954
data -0.419433 0.573167 -1.716449 0.388151 -0.231747 0.000954
data -0.419433 0.573167 -1.717212 0.388151 -0.231365 0.000954
data -0.419433 0.573548 -1.717975 0.387770 -0.231365 0.000954
data -0.419433 0.573548 -1.717975 0.387770 -0.231365 0.000954
data -0.419433 0.573930 -1.720264 0.387388 -0.230984 0.000954
data -0.419433 0.574311 -1.721027 0.387007 -0.230984 0.000954
data -0.419433 0.574311 -1.722172 0.387007 -0.230984 0.000954
data -0.419433 0.574693 -1.722935 0.387007 -0.230984 0.000954
data -0.419433 0.575074 -1.723698 0.386625 -0.230984 0.000954
data -0.419433 0.575074 -1.724461 0.386625 -0.231365 0.000954
data -0.419433 0.575456 -1.725224 0.386244 -0.230984 0.000954
data -0.419433 0.575456 -1.725224 0.386244 -0.230984 0.000954
data -0.419433 0.576219 -1.726749 0.385862 -0.231365 0.000954
data -0.419433 0.576600 -1.727894 0.385862 -0.231365 0.000954
data -0.419433 0.576982 -1.728657 0.385481 -0.231365 0.000954
data -0.419433 0.576982 -1.729038 0.385481 -0.231365 0.000954
data -0.419433 0.577363 -1.729801 0.385481 -0.231365 0.000954
data -0.419051 0.577744 -1.730183 0.384718 -0.231365 0.000954
data -0.419051 0.578507 -1.731709 0.384336 -0.231365 0.000954
data -0.419051 0.578507 -1.731709 0.384336 -0.231365 0.000572
data -0.419051 0.578889 -1.732090 0.383955 -0.231365 0.000954
data -0.419051 0.579270 -1.732853 0.383574 -0.231365 0.000954
data -0.419051 0.579652 -1.733234 0.383192 -0.231365 0.000954
data -0.419051 0.580033 -1.733616 0.382811 -0.231365 0.000954
data -0.419051 0.580415 -1.734379 0.382429 -0.231365 0.000954
data -0.419051 0.580796 -1.734760 0.382429 -0.231365 0.000954
data -0.419051 0.581178 -1.735142 0.381666 -0.231365 0.000572
data -0.419051 0.581559 -1.735523 0.381666 -0.231365 0.000572
data -0.419051 0.581941 -1.735905 0.381285 -0.231365 0.000954
data -0.419051 0.581941 -1.735905 0.381285 -0.231365 0.000954
data -0.419051 0.582322 -1.736286 0.380522 -0.231365 0.000954
data -0.419051 0.582704 -1.736668 0.380140 -0.231365 0.000954
data -0.419051 0.583085 -1.736668 0.379759 -0.231365 0.000954
data -0.419051 0.583467 -1.737049 0.379377 -0.231365 0.000954
data -0.419051 0.583467 -1.737049 0.379377 -0.231365 0.000954
data -0.419051 0.583467 -1.737049 0.379377 -0.231365 0.000954
data -0.418670 0.584611 -1.737431 0.377851 -0.231747 0.000954
data -0.418670 0.584992 -1.737431 0.377089 -0.231747 0.000954
data -0.418670 0.585374 -1.737431 0.376707 -0.231747 0.000954
data -0.418670 0.586137 -1.737431 0.375944 -0.231747 0.000954
data -0.418670 0.586518 -1.737431 0.375944 -0.231747 0.000954
data -0.418670 0.586900 -1.737431 0.374418 -0.231747 0.000954
data -0.418670 0.587663 -1.737431 0.374418 -0.231747 0.000954
data -0.418670 0.587663 -1.737431 0.372892 -0.231747 0.000954
data -0.418670 0.588426 -1.737812 0.372129 -0.231747 0.000954
data -0.418670 0.588807 -1.737431 0.370985 -0.231747 0.000954
data -0.418670 0.589189 -1.737431 0.370985 -0.231747 0.000954
data -0.418670 0.589570 -1.737812 0.369459 -0.231747 0.000954
data -0.418670 0.589952 -1.737431 0.368315 -0.231747 0.000954
data -0.418670 0.590333 -1.737431 0.367170 -0.231747 0.000954
data -0.418670 0.590333 -1.737431 0.367170 -0.231747 0.000954
data -0.418288 0.591096 -1.737431 0.364500 -0.231747 0.000954
data -0.418288 0.591096 -1.737431 0.364500 -0.231747 0.000954
data -0.418288 0.591096 -1.737431 0.364500 -0.231747 0.000954
data -0.418288 0.592240 -1.737431 0.362211 -0.231365 0.000954
data -0.418288 0.592622 -1.737431 0.362211 -0.231365 0.000954
data -0.418288 0.593003 -1.737431 0.359541 -0.231365 0.000954
data -0.417907 0.593385 -1.737431 0.358015 -0.231365 0.000954
data -0.417907 0.594149 -1.737431 0.356108 -0.231365 0.000954
data -0.417907 0.594149 -1.737431 0.356108 -0.231365 0.000954
data -0.417907 0.594530 -1.737431 0.353819 -0.230984 0.000954
data -0.417907 0.594912 -1.737431 0.352674 -0.230984 0.000954
data -0.417525 0.595293 -1.737431 0.351149 -0.230984 0.000954
data -0.417525 0.595675 -1.737431 0.350004 -0.230984 0.000954
data -0.417525 0.596056 -1.737431 0.348097 -0.230984 0.000954
data -0.417144 0.596819 -1.737431 0.345045 -0.230984 0.000954
data -0.417144 0.596819 -1.737431 0.345045 -0.230984 0.000572
data -0.417144 0.597200 -1.737431 0.343518 -0.231365 0.000954
data -0.416762 0.597582 -1.737431 0.343518 -0.231365 0.000954
data -0.416762 0.597963 -1.737431 0.340085 -0.231747 0.000954
data -0.416762 0.598345 -1.737431 0.338559 -0.231747 0.000954
data -0.416381 0.598726 -1.737431 0.337415 -0.231747 0.000954
data -0.415999 0.599108 -1.737431 0.335507 -0.231747 0.000954
data -0.415999 0.599108 -1.737431 0.335507 -0.231747 0.000954
data -0.415999 0.599871 -1.737431 0.333600 -0.231747 0.000572
data -0.415999 0.600252 -1.737431 0.332074 -0.231365 0.000954
data -0.415618 0.600252 -1.737431 0.330548 -0.231365 0.000954
data -0.415618 0.600634 -1.737431 0.329404 -0.231365 0.000954
data -0.415618 0.601015 -1.737431 0.328259 -0.231365 0.000954
data -0.415236 0.601397 -1.737431 0.326734 -0.230984 0.000954
data -0.415236 0.601778 -1.737431 0.324063 -0.230984 0.000954
data -0.415236 0.601778 -1.737431 0.324063 -0.230984 0.000954
data -0.414855 0.601778 -1.737431 0.322537 -0.230984 0.000954
data -0.414855 0.602160 -1.737431 0.322537 -0.230984 0.000954
data -0.414474 0.602541 -1.737431 0.320249 -0.230984 0.000954
data -0.414474 0.602922 -1.737431 0.317197 -0.231365 0.000954
data -0.414092 0.603304 -1.737431 0.315289 -0.231365 0.000572
data -0.414092 0.603685 -1.737431 0.314145 -0.231365 0.000954
data -0.414092 0.603685 -1.737431 0.314145 -0.231365 0.000954
data -0.413711 0.604067 -1.737431 0.311475 -0.231747 0.000954
data -0.413711 0.604830 -1.737431 0.309949 -0.231747 0.000954
data -0.413711 0.604830 -1.737431 0.308805 -0.231747 0.000572
data -0.413711 0.605211 -1.737431 0.308805 -0.231747 0.000572
data -0.413329 0.605593 -1.737431 0.306897 -0.231365 0.000954
data -0.413329 0.605593 -1.737431 0.304990 -0.231365 0.000954
data -0.413329 0.605974 -1.737431 0.303845 -0.231365 0.000954
data -0.412948 0.605974 -1.737431 0.303845 -0.231365 0.000954
data -0.412948 0.605974 -1.737431 0.303845 -0.231365 0.000954
data -0.412948 0.606737 -1.737431 0.303845 -0.231365 0.000954
data -0.412566 0.606737 -1.737431 0.299649 -0.230984 0.000954
data -0.412566 0.607119 -1.737431 0.296979 -0.230984 0.000954
data -0.412185 0.607119 -1.737431 0.295453 -0.231365 0.000954
data -0.412185 0.607119 -1.737431 0.295453 -0.231365 0.000954
data -0.411803 0.607500 -1.737431 0.293164 -0.231365 0.000954
data -0.411803 0.607500 -1.737431 0.293164 -0.231365 0.000954
data -0.411803 0.608263 -1.737431 0.290494 -0.231747 0.000954
data -0.411422 0.608644 -1.737431 0.288968 -0.231747 0.000954
data -0.411422 0.608644 -1.737431 0.287824 -0.231747 0.000954
data -0.411040 0.609026 -1.737431 0.286679 -0.231747 0.000954
data -0.411040 0.609407 -1.737431 0.285916 -0.231747 0.000954
data -0.411040 0.609407 -1.737431 0.284772 -0.231747 0.000572
data -0.411040 0.609407 -1.737431 0.284772 -0.231747 0.000572
data -0.410659 0.609407 -1.737431 0.284772 -0.231747 0.000572
data -0.410277 0.610552 -1.737431 0.281720 -0.231365 0.000954
data -0.410277 0.610552 -1.737431 0.279812 -0.230984 0.000954
data -0.409896 0.610933 -1.737431 0.278667 -0.231365 0.000954
data -0.409896 0.611315 -1.737431 0.277905 -0.230984 0.000954
data -0.409514 0.611315 -1.737431 0.276760 -0.230984 0.000954
data -0.409514 0.611696 -1.737431 0.275616 -0.230984 0.000954
data -0.409514 0.611696 -1.737431 0.275616 -0.230984 0.000954
data -0.409133 0.612459 -1.737431 0.272182 -0.231365 0.000954
data -0.409133 0.612459 -1.737431 0.271038 -0.231365 0.000954
data -0.408751 0.612841 -1.737431 0.269894 -0.231365 0.000954
data -0.408751 0.613222 -1.737431 0.268749 -0.231747 0.000954
data -0.408751 0.613222 -1.737431 0.267986 -0.231747 0.000572
data -0.408370 0.613604 -1.737431 0.266079 -0.231747 0.000954
data -0.408370 0.613604 -1.737431 0.265316 -0.231747 0.000954
data -0.408370 0.613604 -1.737431 0.265316 -0.231747 0.000954
data -0.408370 0.613604 -1.737431 0.265316 -0.231747 0.000954
data -0.407607 0.614367 -1.737431 0.262646 -0.231747 0.000954
data -0.407607 0.614748 -1.737431 0.261120 -0.231747 0.000954
data -0.407607 0.614748 -1.737431 0.259975 -0.231747 0.000572
data -0.407226 0.615129 -1.737431 0.258831 -0.231747 0.000572
data -0.407226 0.615511 -1.737431 0.258068 -0.231365 0.000954
data -0.407226 0.615511 -1.737431 0.256924 -0.231365 0.000954
data -0.407226 0.615511 -1.737431 0.256924 -0.231365 0.000954
data -0.406844 0.616274 -1.737431 0.254253 -0.231365 0.000954
data -0.406844 0.616655 -1.737431 0.253872 -0.231365 0.000954
data -0.406844 0.616655 -1.737431 0.253109 -0.231365 0.000954
data -0.406463 0.617037 -1.737431 0.251583 -0.231365 0.000954
data -0.406463 0.617037 -1.737431 0.250820 -0.231365 0.000954
data -0.406463 0.617418 -1.737431 0.250057 -0.231365 0.000954
data -0.406080 0.617800 -1.737431 0.247387 -0.231747 0.000954
data -0.406080 0.617800 -1.737431 0.247387 -0.231747 0.000954
data -0.405699 0.618563 -1.737431 0.247387 -0.231747 0.000954
data -0.405699 0.618563 -1.737431 0.246243 -0.231747 0.000954
data -0.405317 0.618944 -1.737431 0.246243 -0.231747 0.000954
data -0.405317 0.618944 -1.737431 0.243572 -0.231747 0.000954
data -0.405317 0.618944 -1.737431 0.243572 -0.231747 0.000954
data -0.404936 0.619707 -1.737431 0.240520 -0.231747 0.000954
data -0.404936 0.619707 -1.737431 0.240520 -0.231747 0.000954
data -0.404936 0.619707 -1.737431 0.240520 -0.231747 0.000954
data -0.404554 0.620470 -1.737431 0.236706 -0.231747 0.000954
data -0.404173 0.620852 -1.737431 0.235943 -0.231747 0.000954
data -0.404173 0.620852 -1.737431 0.234798 -0.231747 0.000954
data -0.403791 0.621233 -1.737431 0.234035 -0.231747 0.000954
data -0.403791 0.621233 -1.737431 0.233273 -0.231365 0.000572
data -0.403410 0.621614 -1.737431 0.231747 -0.231747 0.000954
data -0.403028 0.621996 -1.737431 0.230602 -0.231747 0.000954
data -0.402647 0.622377 -1.737431 0.229839 -0.231747 0.000954
data -0.402647 0.622377 -1.737431 0.229076 -0.231747 0.000954
data -0.402647 0.622377 -1.737431 0.228695 -0.231747 0.000954
data -0.402266 0.622759 -1.737431 0.227551 -0.231747 0.000954
data -0.402266 0.622759 -1.737431 0.226788 -0.231365 0.000954
data -0.401884 0.623140 -1.737431 0.226788 -0.231365 0.000954
data -0.401884 0.623140 -1.737431 0.225643 -0.231747 0.000954
data -0.401884 0.623140 -1.737431 0.224880 -0.231747 0.000954
data -0.401503 0.623522 -1.737431 0.224117 -0.231747 0.000954
data -0.401503 0.623522 -1.737431 0.223354 -0.231747 0.000954
data -0.401121 0.623903 -1.737431 0.222973 -0.231747 0.000954
data -0.401121 0.623903 -1.737431 0.222210 -0.231747 0.000954
data -0.401121 0.623903 -1.737431 0.222210 -0.231747 0.000954
data -0.401121 0.623903 -1.737431 0.222210 -0.231747 0.000954
data -0.400740 0.623903 -1.737431 0.222210 -0.231747 0.000954
data -0.400358 0.624666 -1.737431 0.219540 -0.231747 0.000954
data -0.400358 0.624666 -1.737431 0.219540 -0.231747 0.000954
data -0.400358 0.625048 -1.737431 0.218013 -0.231747 0.000954
data -0.399977 0.625429 -1.737431 0.218013 -0.231747 0.000954
data -0.399977 0.625429 -1.737431 0.216487 -0.231747 0.000572
data -0.399977 0.625811 -1.737431 0.216487 -0.231747 0.000572
data -0.399977 0.625811 -1.737431 0.215343 -0.231747 0.000954
data -0.399595 0.625811 -1.737431 0.214198 -0.231747 0.000954
data -0.399214 0.626192 -1.737431 0.213435 -0.231747 0.000954
data -0.399214 0.626192 -1.737431 0.212291 -0.231747 0.000954
data -0.398832 0.626192 -1.737431 0.211909 -0.231747 0.000954
data -0.398832 0.626192 -1.737431 0.211146 -0.231747 0.000572
data -0.398451 0.626192 -1.737431 0.211146 -0.231747 0.000572
data -0.398069 0.626574 -1.737431 0.210383 -0.231747 0.000954
data -0.398069 0.626574 -1.737431 0.208476 -0.231747 0.000954
data -0.398069 0.626574 -1.737431 0.208476 -0.231747 0.000954
data -0.398069 0.626574 -1.737431 0.208095 -0.231747 0.000954
data -0.397688 0.626955 -1.737431 0.206569 -0.231747 0.000954
data -0.397688 0.626955 -1.737431 0.205806 -0.231747 0.000954
data -0.397306 0.626955 -1.737431 0.205424 -0.231747 0.000954
data -0.397306 0.626955 -1.737431 0.204661 -0.231747 0.000954
data -0.397306 0.626955 -1.737431 0.204661 -0.231747 0.000954
data -0.396925 0.627337 -1.737431 0.203898 -0.231747 0.000954
data -0.396925 0.627337 -1.737431 0.202754 -0.231747 0.000954
data -0.396544 0.627337 -1.737431 0.201991 -0.231747 0.000954
data -0.396544 0.627337 -1.737431 0.201610 -0.231747 0.000954
data -0.396162 0.627337 -1.737431 0.201228 -0.231747 0.000954
data -0.396162 0.627718 -1.737431 0.200465 -0.231747 0.000954
data -0.396162 0.627718 -1.737431 0.200465 -0.231747 0.000954
data -0.396162 0.627718 -1.737431 0.200465 -0.231747 0.000954
data -0.395781 0.627718 -1.737431 0.198939 -0.231747 0.000954
data -0.395781 0.627718 -1.737431 0.198176 -0.231747 0.000954
data -0.395781 0.628099 -1.737431 0.197795 -0.231747 0.000954
data -0.395781 0.628099 -1.737431 0.197032 -0.231747 0.000954
data -0.395399 0.628099 -1.737431 0.196651 -0.232128 0.000954
data -0.395399 0.628481 -1.737431 0.196269 -0.231747 0.000954
data -0.395018 0.628481 -1.737431 0.196269 -0.231747 0.000954
data -0.395018 0.628481 -1.737431 0.196269 -0.231747 0.000954
data -0.395018 0.628481 -1.737431 0.194362 -0.231747 0.000954
data -0.394636 0.628481 -1.737431 0.193980 -0.231747 0.000954
data -0.394636 0.628862 -1.737431 0.193217 -0.231747 0.000954
data -0.394255 0.628862 -1.737431 0.192836 -0.231747 0.000954
data -0.394255 0.628862 -1.737431 0.192073 -0.231747 0.000954
data -0.394255 0.628862 -1.737431 0.191310 -0.231747 0.000954
data -0.394255 0.628862 -1.737431 0.191310 -0.231747 0.000954
data -0.393873 0.629244 -1.737431 0.190166 -0.231747 0.000954
data -0.393873 0.629244 -1.737431 0.189403 -0.232128 0.000954
data -0.393873 0.629244 -1.737431 0.188640 -0.232128 0.000954
data -0.393873 0.629244 -1.737431 0.187877 -0.232128 0.000954
data -0.393492 0.629244 -1.737431 0.187877 -0.232128 0.000954
data -0.393492 0.629244 -1.737431 0.186351 -0.232128 0.000954
data -0.393492 0.629244 -1.737431 0.186351 -0.232128 0.000954
data -0.393110 0.629244 -1.737431 0.185206 -0.232128 0.000954
data -0.393110 0.629244 -1.737431 0.185206 -0.232128 0.000954
data -0.393110 0.629625 -1.737431 0.185206 -0.232128 0.000954
data -0.392729 0.629625 -1.737431 0.183681 -0.231747 0.000954
data -0.392729 0.629625 -1.737431 0.182536 -0.231747 0.000954
data -0.392347 0.629625 -1.737431 0.182536 -0.232128 0.000954
data -0.392347 0.629625 -1.737431 0.182536 -0.232128 0.000954
data -0.392347 0.629625 -1.737431 0.182536 -0.232128 0.000954
data -0.391966 0.629625 -1.737431 0.181392 -0.231747 0.000954
data -0.391584 0.629625 -1.737431 0.179484 -0.231747 0.000954
data -0.391584 0.630007 -1.737431 0.178721 -0.231747 0.000954
data -0.391584 0.630007 -1.737431 0.178340 -0.231747 0.000954
data -0.391203 0.630007 -1.737431 0.177958 -0.231747 0.000572
data -0.391203 0.630007 -1.737431 0.177196 -0.231747 0.000954
data -0.391203 0.630007 -1.737431 0.176814 -0.231747 0.000954
data -0.390821 0.630007 -1.737431 0.176814 -0.231747 0.000954
data -0.390821 0.630007 -1.737431 0.176051 -0.231747 0.000954
data -0.390821 0.630388 -1.737431 0.176051 -0.231747 0.000954
data -0.390440 0.630388 -1.737431 0.175288 -0.231747 0.000954
data -0.390059 0.630388 -1.737431 0.174525 -0.231747 0.000954
data -0.390059 0.630388 -1.737431 0.174144 -0.231747 0.000954
data -0.390059 0.630388 -1.737431 0.173762 -0.231747 0.000954
data -0.390059 0.630388 -1.737431 0.173762 -0.231747 0.000954
data -0.390059 0.630388 -1.737431 0.173762 -0.231747 0.000954
data -0.390059 0.630388 -1.737431 0.173762 -0.231747 0.000954
data -0.389296 0.630770 -1.737431 0.172618 -0.232128 0.000954
data -0.389296 0.630770 -1.737431 0.171855 -0.232128 0.000954
data -0.389296 0.630770 -1.737431 0.171474 -0.232128 0.000954
data -0.389296 0.630770 -1.737431 0.171474 -0.232128 0.000572
data -0.388914 0.630770 -1.737431 0.171474 -0.232128 0.000572
data -0.388914 0.630770 -1.737431 0.171092 -0.231747 0.000954
data -0.388914 0.630770 -1.737431 0.171092 -0.231747 0.000954
data -0.388533 0.631151 -1.737431 0.171092 -0.231747 0.000954
data -0.388151 0.631151 -1.737431 0.169948 -0.231747 0.000954
data -0.388151 0.631151 -1.737431 0.169566 -0.231747 0.000572
data -0.388151 0.631151 -1.737431 0.169185 -0.231747 0.000572
data -0.387770 0.631151 -1.737431 0.168803 -0.231747 0.000954
data -0.387770 0.631151 -1.737431 0.168422 -0.231747 0.000954
data -0.387770 0.631151 -1.737431 0.167659 -0.232128 0.000954
data -0.387388 0.631151 -1.737431 0.167277 -0.232128 0.000954
data -0.387388 0.631151 -1.737431 0.166896 -0.232128 0.000954
data -0.387388 0.631151 -1.737431 0.166896 -0.232128 0.000954
data -0.387388 0.631533 -1.737431 0.166133 -0.232128 0.000954
data -0.387388 0.631533 -1.737431 0.165370 -0.232128 0.000954
data -0.387388 0.631533 -1.737431 0.164989 -0.232128 0.000954
data -0.387007 0.631533 -1.737431 0.164226 -0.232128 0.000572
data -0.387007 0.631533 -1.737431 0.163844 -0.232128 0.000954
data -0.387007 0.631914 -1.737431 0.163463 -0.232128 0.000954
data -0.387007 0.631914 -1.737431 0.163081 -0.232128 0.000954
data -0.387007 0.631914 -1.737431 0.162318 -0.232128 0.000954
data -0.386625 0.632296 -1.737431 0.161937 -0.232128 0.000954
data -0.386625 0.632296 -1.737431 0.161937 -0.232128 0.000954
data -0.386625 0.632296 -1.737431 0.160411 -0.232128 0.000954
data -0.386625 0.632296 -1.737431 0.160411 -0.232128 0.000954
data -0.386244 0.632677 -1.737431 0.159648 -0.232128 0.000954
data -0.386244 0.632677 -1.737431 0.159648 -0.232128 0.000954
data -0.385862 0.632677 -1.737431 0.158504 -0.232128 0.000954
data -0.385862 0.633059 -1.737431 0.157359 -0.232128 0.000954
data -0.385862 0.633059 -1.737431 0.157359 -0.232128 0.000954
data -0.385481 0.633059 -1.737431 0.156214 -0.232128 0.000954
data -0.385481 0.633059 -1.737431 0.155832 -0.232128 0.000954
data -0.385481 0.633059 -1.737431 0.155832 -0.232128 0.000954
data -0.385099 0.633059 -1.737431 0.155451 -0.232128 0.000572
data -0.385099 0.633059 -1.737431 0.154688 -0.232128 0.000954
data -0.385099 0.633059 -1.737431 0.154688 -0.231747 0.000954
data -0.385099 0.633059 -1.737431 0.154306 -0.232128 0.000954
data -0.385099 0.633059 -1.737431 0.153925 -0.232128 0.000954
data -0.384718 0.633059 -1.737431 0.153925 -0.232128 0.000954
data -0.384718 0.633059 -1.737431 0.153925 -0.232128 0.000954
data -0.384718 0.633059 -1.737431 0.153925 -0.232128 0.000954
data -0.384718 0.633059 -1.737431 0.153543 -0.232128 0.000954
data -0.384718 0.633059 -1.737431 0.153162 -0.232128 0.000954
data -0.384336 0.633440 -1.737431 0.153162 -0.232128 0.000954
data -0.384336 0.633440 -1.737431 0.153162 -0.232128 0.000954
data -0.383955 0.633440 -1.737431 0.152781 -0.232128 0.000572
data -0.383955 0.633440 -1.737431 0.152781 -0.232128 0.000954
data -0.383955 0.633440 -1.737431 0.152781 -0.232128 0.000954
data -0.383574 0.633440 -1.737431 0.152781 -0.232128 0.000954
data -0.383574 0.633440 -1.737431 0.152781 -0.232128 0.000572
data -0.383192 0.633821 -1.737431 0.152781 -0.232128 0.000954
data -0.383192 0.633821 -1.737431 0.152781 -0.232128 0.000572
data -0.383192 0.633821 -1.737431 0.152399 -0.232128 0.000954
data -0.382811 0.633821 -1.737431 0.152781 -0.232128 0.000954
data -0.382811 0.633821 -1.737431 0.152781 -0.232128 0.000954
data -0.382811 0.633821 -1.737431 0.152781 -0.232128 0.000954
data -0.382811 0.633821 -1.737431 0.152781 -0.232128 0.000954
data -0.382811 0.633821 -1.737431 0.152781 -0.232128 0.000954
data -0.382429 0.633821 -1.737431 0.152781 -0.232128 0.000954
data -0.382429 0.633821 -1.737431 0.152781 -0.232128 0.000954
data -0.382048 0.633821 -1.737431 0.152781 -0.232128 0.000954
data -0.382048 0.633821 -1.737431 0.152781 -0.232128 0.000954
data -0.382048 0.633821 -1.737431 0.152781 -0.232128 0.000954
data -0.381666 0.633821 -1.737431 0.153162 -0.232128 0.000954
data -0.381666 0.633821 -1.737431 0.153162 -0.232128 0.000954
data -0.381285 0.633821 -1.737431 0.153162 -0.232128 0.000954
data -0.381285 0.633821 -1.737431 0.152781 -0.232128 0.000954
data -0.380903 0.633821 -1.737431 0.152781 -0.232128 0.000954
data -0.380903 0.633821 -1.737431 0.153162 -0.232128 0.000954
data -0.380903 0.633821 -1.737431 0.152781 -0.232128 0.000954
data -0.380903 0.633821 -1.737431 0.152781 -0.232128 0.000954
data -0.380903 0.633821 -1.737431 0.152781 -0.232128 0.000954
data -0.380903 0.633821 -1.737431 0.152781 -0.232128 0.000954
data -0.380522 0.634203 -1.737431 0.152781 -0.232128 0.000954
data -0.380522 0.634203 -1.737431 0.152781 -0.232128 0.000954
data -0.380522 0.634203 -1.737431 0.152781 -0.232128 0.000954
data -0.380522 0.634203 -1.737431 0.152781 -0.232128 0.000572
data -0.380522 0.634203 -1.737431 0.152781 -0.232128 0.000572
data -0.380140 0.634203 -1.737431 0.152781 -0.232128 0.000572
data -0.380140 0.634203 -1.737431 0.152781 -0.232128 0.000954
data -0.380140 0.634203 -1.737431 0.152781 -0.232128 0.000954
data -0.380140 0.634203 -1.737431 0.152781 -0.232128 0.000954
data -0.379759 0.634203 -1.737431 0.152781 -0.232128 0.000954
data -0.379759 0.634203 -1.737431 0.152781 -0.232128 0.000954
data -0.379759 0.634203 -1.737431 0.152781 -0.232128 0.000954
data -0.379377 0.634203 -1.737431 0.152781 -0.232128 0.000954
data -0.378996 0.634203 -1.737431 0.152781 -0.232128 0.000954
data -0.378996 0.634203 -1.737431 0.152781 -0.232128 0.000954
data -0.378996 0.634584 -1.737431 0.152781 -0.232128 0.000954
data -0.378996 0.634584 -1.737431 0.152781 -0.232128 0.000954
data -0.378614 0.634584 -1.737431 0.152781 -0.232128 0.000954
data -0.378614 0.634584 -1.737431 0.152781 -0.232128 0.000954
data -0.378614 0.634584 -1.737431 0.152781 -0.232128 0.000954
data -0.378614 0.634584 -1.737431 0.152781 -0.232128 0.000954
data -0.378614 0.634584 -1.737431 0.152781 -0.232128 0.000954
data -0.378233 0.634584 -1.737431 0.152781 -0.232128 0.000954
data -0.378233 0.634584 -1.737431 0.152781 -0.232128 0.000954
data -0.378233 0.634584 -1.737431 0.152781 -0.232128 0.000954
data -0.378233 0.634584 -1.737431 0.152781 -0.232128 0.000954
data -0.378233 0.634584 -1.737431 0.152781 -0.232128 0.000954
data -0.377851 0.634584 -1.737431 0.152781 -0.232128 0.000954
data -0.377470 0.634966 -1.737431 0.152781 -0.232128 0.000954
data -0.377470 0.634966 -1.737431 0.152781 -0.232128 0.000954
data -0.377089 0.634966 -1.737431 0.152781 -0.232128 0.000954
data -0.377089 0.634966 -1.737431 0.152781 -0.232128 0.000954
data -0.377089 0.634966 -1.737431 0.152781 -0.232128 0.000954
data -0.377089 0.634966 -1.737431 0.152781 -0.232128 0.000954
data -0.376707 0.634966 -1.737431 0.152781 -0.232128 0.000954
data -0.376707 0.634966 -1.737431 0.152781 -0.232128 0.000954
data -0.376326 0.634966 -1.737431 0.152781 -0.232128 0.000954
data -0.376326 0.634966 -1.737431 0.152781 -0.232128 0.000954
data -0.376326 0.634966 -1.737431 0.152781 -0.232128 0.000954
data -0.376326 0.634966 -1.737431 0.152781 -0.232128 0.000954
data -0.376326 0.634966 -1.737431 0.152781 -0.232128 0.000954
data -0.376326 0.634966 -1.737431 0.152781 -0.232128 0.000954
data -0.376326 0.634966 -1.737431 0.152781 -0.232128 0.000954
data -0.375944 0.634966 -1.737431 0.152781 -0.232128 0.000954
data -0.375944 0.634966 -1.737431 0.152781 -0.232128 0.000572
data -0.375944 0.634966 -1.737431 0.152781 -0.232128 0.000954
data -0.375563 0.634966 -1.737431 0.152781 -0.232128 0.000954
data -0.375563 0.634966 -1.737431 0.152781 -0.232128 0.000954
data -0.375563 0.634966 -1.737431 0.152781 -0.232128 0.000954
data -0.375563 0.634966 -1.737431 0.152781 -0.232128 0.000954
data -0.375563 0.634966 -1.737431 0.152781 -0.232128 0.000954
data -0.375181 0.634966 -1.737431 0.152781 -0.232128 0.000954
data -0.374800 0.634966 -1.737431 0.152781 -0.232128 0.000954
data -0.374800 0.634966 -1.737431 0.152781 -0.232128 0.000954
data -0.374800 0.634966 -1.737431 0.152781 -0.232128 0.000954
data -0.374800 0.634966 -1.737431 0.152781 -0.232128 0.000954
data -0.374800 0.634966 -1.737431 0.152781 -0.232128 0.000954
data -0.374800 0.634966 -1.737431 0.152781 -0.232128 0.000954
data -0.374418 0.634966 -1.737431 0.152781 -0.232128 0.000954
data -0.374800 0.634966 -1.737431 0.152781 -0.232128 0.000954
data -0.374800 0.634966 -1.737431 0.152781 -0.232128 0.000572
data -0.374800 0.634966 -1.737431 0.152781 -0.232128 0.000954
data -0.374800 0.634966 -1.737431 0.152781 -0.232128 0.000954
data -0.374800 0.634966 -1.737431 0.152781 -0.232128 0.000954
data -0.374800 0.634966 -1.737431 0.152781 -0.232128 0.000954
data -0.374800 0.634966 -1.737431 0.152781 -0.232128 0.000954
data -0.374800 0.634966 -1.737431 0.152781 -0.232128 0.000954
data -0.374800 0.634966 -1.737431 0.152781 -0.232128 0.000572
data -0.374800 0.634966 -1.737431 0.152781 -0.232128 0.000572
data -0.374800 0.634966 -1.737431 0.152781 -0.232128 0.000954
data -0.374800 0.634966 -1.737431 0.152781 -0.232128 0.000954
data -0.374800 0.634966 -1.737431 0.152781 -0.232128 0.000954
data -0.374800 0.634966 -1.737431 0.152781 -0.232128 0.000954
data -0.374800 0.634966 -1.737431 0.152781 -0.232128 0.000954
data -0.374800 0.634966 -1.737431 0.152781 -0.232128 0.000954
data -0.374800 0.634966 -1.737431 0.152781 -0.232128 0.000954
data -0.374800 0.634966 -1.737431 0.152781 -0.232128 0.000954
data -0.374800 0.634966 -1.737431 0.152781 -0.232128 0.000954
data -0.374800 0.634966 -1.737431 0.152781 -0.232128 0.000954
data -0.374800 0.634966 -1.737431 0.152781 -0.232128 0.000954
data -0.374800 0.634966 -1.737431 0.152781 -0.232128 0.000954
data -0.374800 0.634966 -1.737431 0.152781 -0.232128 0.000954
data -0.374800 0.634966 -1.737431 0.152781 -0.232128 0.000954
data -0.374800 0.634966 -1.737431 0.152781 -0.232128 0.000954
data -0.374800 0.634966 -1.737431 0.152781 -0.232128 0.000954
data -0.374800 0.634966 -1.737431 0.152781 -0.232128 0.000954
data -0.374800 0.634966 -1.737431 0.152781 -0.232128 0.000954
data -0.374800 0.634966 -1.737431 0.152781 -0.232128 0.000954
data -0.374800 0.634966 -1.737431 0.152781 -0.232128 0.000954
data -0.374800 0.634966 -1.737431 0.152781 -0.232128 0.000954
data -0.374800 0.634966 -1.737431 0.152781 -0.232128 0.000954
data -0.374418 0.634966 -1.737431 0.152781 -0.232128 0.000954
data -0.374800 0.634966 -1.737431 0.152781 -0.232128 0.000954
data -0.374418 0.634966 -1.737431 0.152781 -0.232128 0.000954
data -0.374418 0.634966 -1.737431 0.152781 -0.232128 0.000954
data -0.374418 0.634966 -1.737431 0.152781 -0.232128 0.000954
data -0.374418 0.634966 -1.737431 0.152781 -0.232128 0.000954
data -0.374418 0.634966 -1.737431 0.152781 -0.232128 0.000954
data -0.374418 0.634966 -1.737431 0.152781 -0.232128 0.000954
data -0.374418 0.634966 -1.737431 0.152781 -0.232128 0.000954
data -0.374418 0.634966 -1.737431 0.152781 -0.232128 0.000954
data -0.374418 0.634966 -1.737431 0.152781 -0.232128 0.000954
data -0.374418 0.634966 -1.737431 0.152781 -0.232128 0.000954
data -0.374418 0.634966 -1.737431 0.152781 -0.232128 0.000954
data -0.374418 0.634966 -1.737431 0.152781 -0.232128 0.000954
data -0.374418 0.634966 -1.737431 0.152781 -0.232128 0.000954
data -0.374418 0.634966 -1.737431 0.152781 -0.232128 0.000954
data -0.374418 0.634966 -1.737431 0.152781 -0.232128 0.000954
data -0.374418 0.634966 -1.737431 0.152781 -0.232128 0.000954
data -0.374418 0.634966 -1.737431 0.152781 -0.232128 0.000954
data -0.374418 0.634966 -1.737431 0.152781 -0.232128 0.000954
data -0.374418 0.634966 -1.737431 0.152781 -0.232128 0.000954
data -0.374418 0.634966 -1.737431 0.152781 -0.232128 0.000954
data -0.374418 0.634966 -1.737431 0.152781 -0.232128 0.000954
data -0.374418 0.634966 -1.737431 0.152781 -0.232128 0.000954
data -0.374418 0.634966 -1.737431 0.152781 -0.232128 0.000954
data -0.374800 0.634966 -1.737431 0.152781 -0.232128 0.000954
data -0.374800 0.634966 -1.737431 0.152781 -0.232128 0.000954
data -0.374800 0.634966 -1.737431 0.152781 -0.232128 0.000954
data -0.374800 0.634966 -1.737431 0.152781 -0.232128 0.000954
data -0.374800 0.634966 -1.737431 0.152781 -0.232128 0.000954
data -0.374800 0.634966 -1.737431 0.152781 -0.232128 0.000954
data -0.374800 0.634966 -1.737431 0.152781 -0.232128 0.000954
data -0.374800 0.634966 -1.737431 0.152781 -0.232128 0.000954
data -0.374800 0.634966 -1.737431 0.152781 -0.232128 0.000954
data -0.374800 0.634966 -1.737431 0.152781 -0.232128 0.000954
data -0.374800 0.634966 -1.737431 0.152781 -0.232128 0.000954
data -0.374800 0.634966 -1.737431 0.152781 -0.232128 0.000954
data -0.374800 0.634966 -1.737431 0.152781 -0.232128 0.000954
data -0.374800 0.634966 -1.737431 0.152781 -0.232128 0.000954
data -0.374800 0.634966 -1.737431 0.152781 -0.232128 0.000954
data -0.374800 0.634966 -1.737431 0.152781 -0.232128 0.000954
data -0.374800 0.634966 -1.737431 0.152781 -0.232128 0.000572
data -0.374800 0.634966 -1.737431 0.152781 -0.232128 0.000954
data -0.374800 0.634966 -1.737431 0.152781 -0.232128 0.000954
data -0.374800 0.634966 -1.737431 0.152781 -0.232128 0.000954
data -0.374800 0.634966 -1.737431 0.152781 -0.232128 0.000954
data -0.374800 0.634966 -1.737431 0.152781 -0.232128 0.000954
data -0.374800 0.634966 -1.737431 0.152781 -0.232128 0.000954
data -0.374800 0.634966 -1.737431 0.152781 -0.232128 0.000954
data -0.374800 0.634966 -1.737431 0.152781 -0.232128 0.000954
data -0.374800 0.634966 -1.737431 0.152781 -0.232128 0.000954
data -0.374800 0.634966 -1.737431 0.152781 -0.232128 0.000954
data -0.374800 0.634966 -1.737431 0.152781 -0.232128 0.000954
data -0.374800 0.634966 -1.737431 0.152781 -0.232128 0.000954
data -0.374800 0.634966 -1.737431 0.152781 -0.232128 0.000954
data -0.374800 0.634966 -1.737431 0.152781 -0.232128 0.000954
data -0.374800 0.634966 -1.737431 0.152781 -0.232128 0.000954
data -0.374800 0.634966 -1.737431 0.152781 -0.232128 0.000954
data -0.374800 0.634966 -1.737431 0.152781 -0.232128 0.000572
data -0.374800 0.634966 -1.737431 0.152781 -0.232128 0.000572
data -0.374800 0.634966 -1.737431 0.152781 -0.232128 0.000954
data -0.374800 0.634966 -1.737431 0.152781 -0.232128 0.000954
data -0.374800 0.634966 -1.737431 0.152781 -0.232128 0.000954
data -0.374800 0.634966 -1.737431 0.152781 -0.232128 0.000954
data -0.374800 0.634966 -1.737431 0.152781 -0.232128 0.000954
data -0.374800 0.634966 -1.737431 0.152781 -0.232128 0.000954
data -0.374800 0.634966 -1.737431 0.152781 -0.232128 0.000954
data -0.374800 0.634966 -1.737431 0.152781 -0.232128 0.000954
data -0.374800 0.634966 -1.737431 0.152781 -0.232128 0.000954
data -0.374800 0.634966 -1.737431 0.152781 -0.232128 0.000954
data -0.374800 0.634966 -1.737431 0.152781 -0.232128 0.000954
data -0.374800 0.634966 -1.737431 0.152781 -0.232128 0.000954
data -0.374800 0.634966 -1.737431 0.152781 -0.232128 0.000954
data -0.374800 0.634966 -1.737431 0.152781 -0.232128 0.000954
data -0.374800 0.634966 -1.737431 0.152781 -0.232128 0.000954
data -0.374800 0.634966 -1.737431 0.152781 -0.232128 0.000954
data -0.374800 0.634966 -1.737431 0.152781 -0.232128 0.000954
data -0.374800 0.634966 -1.737431 0.152781 -0.232128 0.000954
data -0.374800 0.634966 -1.737431 0.152781 -0.232128 0.000954
data -0.374800 0.634966 -1.737431 0.152781 -0.232128 0.000954
data -0.374800 0.634966 -1.737431 0.152781 -0.232128 0.000954
data -0.374800 0.634966 -1.737431 0.152781 -0.232128 0.000954
data -0.374800 0.634966 -1.737431 0.152781 -0.232128 0.000954
data -0.374800 0.634966 -1.737431 0.152781 -0.232128 0.000954
data -0.374800 0.634966 -1.737431 0.152781 -0.232128 0.000954
data -0.374800 0.634966 -1.737431 0.152781 -0.232128 0.000954
data -0.374800 0.634966 -1.737431 0.152781 -0.232128 0.000954
data -0.374800 0.634966 -1.737431 0.152781 -0.232128 0.000954
data -0.374800 0.634966 -1.737431 0.152781 -0.232128 0.000954
data -0.374800 0.634966 -1.737431 0.152781 -0.232128 0.000954
data -0.374800 0.634966 -1.737431 0.152781 -0.232128 0.000954
data -0.374800 0.634966 -1.737431 0.152781 -0.232128 0.000954
data -0.374800 0.634966 -1.737431 0.152399 -0.232128 0.000954
data -0.374800 0.634966 -1.737431 0.152399 -0.232510 0.000954
data -0.374800 0.634966 -1.737431 0.152399 -0.232510 0.000954
data -0.374800 0.634966 -1.737431 0.152399 -0.232510 0.000954
data -0.374800 0.634966 -1.737431 0.152399 -0.232510 0.000954
data -0.374800 0.634966 -1.737431 0.152018 -0.232510 0.000954
data -0.374800 0.634966 -1.737431 0.151636 -0.232510 0.000954
data -0.374800 0.634966 -1.737431 0.151255 -0.232891 0.000954
data -0.374800 0.634966 -1.737431 0.151255 -0.232891 0.000954
data -0.374800 0.634966 -1.737431 0.150873 -0.232891 0.000954
data -0.374800 0.634966 -1.737431 0.150492 -0.232891 0.000954
data -0.374800 0.634966 -1.737431 0.150492 -0.232891 0.000954
data -0.374800 0.634966 -1.737431 0.149347 -0.232891 0.000954
data -0.374800 0.634966 -1.737431 0.149347 -0.232891 0.000954
data -0.374800 0.634966 -1.737431 0.149347 -0.232891 0.000954
data -0.374800 0.634966 -1.737431 0.148966 -0.232891 0.000954
data -0.374800 0.634966 -1.737431 0.148203 -0.232891 0.000954
data -0.374800 0.634966 -1.737431 0.147821 -0.233273 0.000954
data -0.374800 0.634966 -1.737431 0.147821 -0.233273 0.000954
data -0.374800 0.634966 -1.737431 0.145914 -0.233273 0.000954
data -0.374800 0.634966 -1.737431 0.145914 -0.233273 0.000954
data -0.374800 0.634966 -1.737431 0.145533 -0.233273 0.000954
data -0.374800 0.634966 -1.737431 0.144007 -0.233654 0.000954
data -0.374800 0.634966 -1.737431 0.143244 -0.233654 0.000954
data -0.374800 0.634966 -1.737431 0.143244 -0.233654 0.000954
data -0.374800 0.634966 -1.737431 0.142099 -0.233654 0.000954
data -0.374800 0.634966 -1.737431 0.140574 -0.234035 0.000954
data -0.374800 0.634966 -1.737431 0.140574 -0.234035 0.000954
data -0.374800 0.634966 -1.737431 0.137903 -0.234417 0.000954
data -0.374800 0.634966 -1.737431 0.137903 -0.234417 0.000954
data -0.374800 0.634966 -1.737431 0.137903 -0.234417 0.000954
data -0.374800 0.634966 -1.737431 0.137903 -0.234417 0.000954
data -0.374800 0.634966 -1.737049 0.134089 -0.235180 0.000954
data -0.374800 0.634966 -1.737049 0.133326 -0.235180 0.000954
data -0.374418 0.634966 -1.736668 0.132563 -0.235943 0.000954
data -0.374418 0.634966 -1.736668 0.131418 -0.236324 0.000954
data -0.374418 0.634966 -1.736668 0.131418 -0.236324 0.000954
data -0.374418 0.634966 -1.736668 0.131418 -0.236324 0.000954
data -0.374418 0.634966 -1.736668 0.129511 -0.236706 0.000954
data -0.374418 0.634966 -1.736286 0.127604 -0.237087 0.000954
data -0.374418 0.634966 -1.736286 0.126459 -0.236706 0.000954
data -0.374418 0.634966 -1.735905 0.125696 -0.236706 0.000954
data -0.374037 0.634966 -1.735905 0.125315 -0.236706 0.000954
data -0.374037 0.634966 -1.735905 0.125315 -0.236706 0.000954
data -0.373655 0.634966 -1.735905 0.125315 -0.236706 0.000954
data -0.373655 0.634966 -1.735905 0.125315 -0.236706 0.000954
data -0.373655 0.634966 -1.735142 0.121881 -0.236706 0.000954
data -0.373274 0.634966 -1.734379 0.119593 -0.236706 0.000954
data -0.373274 0.634966 -1.734379 0.118448 -0.236706 0.000954
data -0.372892 0.634966 -1.733997 0.118448 -0.236706 0.000954
data -0.372892 0.634966 -1.733997 0.116541 -0.236706 0.000954
data -0.372892 0.634966 -1.733997 0.116541 -0.236706 0.000954
data -0.372511 0.634966 -1.733997 0.116541 -0.236706 0.000954
data -0.372129 0.634966 -1.732853 0.112726 -0.236706 0.000954
data -0.372129 0.634966 -1.732853 0.111200 -0.237087 0.000954
data -0.371748 0.634966 -1.732853 0.111200 -0.237087 0.000954
data -0.371748 0.634966 -1.732090 0.108912 -0.237087 0.000954
data -0.371748 0.634966 -1.731709 0.107767 -0.237087 0.000572
data -0.371367 0.634966 -1.731327 0.106623 -0.237087 0.000572
data -0.370985 0.634966 -1.730564 0.104334 -0.237087 0.000572
data -0.370985 0.634966 -1.730564 0.104334 -0.237087 0.000954
data -0.370604 0.634966 -1.730564 0.104334 -0.237087 0.000954
data -0.370604 0.634966 -1.729420 0.101664 -0.237087 0.000572
data -0.370222 0.634966 -1.729038 0.100519 -0.237087 0.000572
data -0.370222 0.634966 -1.729038 0.100519 -0.237087 0.000572
data -0.369841 0.634966 -1.727894 0.098993 -0.237087 0.000954
data -0.369841 0.634966 -1.727512 0.097849 -0.237087 0.000954
data -0.369841 0.634966 -1.727512 0.097849 -0.237087 0.000954
data -0.369459 0.634966 -1.727512 0.097849 -0.237087 0.000954
data -0.369078 0.634584 -1.725605 0.095942 -0.237469 0.000954
data -0.369078 0.634584 -1.724842 0.094034 -0.237469 0.000954
data -0.368696 0.634584 -1.724079 0.094034 -0.237469 0.000954
data -0.368696 0.634584 -1.723698 0.092126 -0.237850 0.000954
data -0.368315 0.634584 -1.722935 0.090981 -0.237850 0.000954
data -0.368315 0.634584 -1.722935 0.090981 -0.237850 0.000954
data -0.368315 0.634584 -1.722172 0.090981 -0.237850 0.000954
data -0.367933 0.634584 -1.722172 0.090219 -0.237850 0.000954
data -0.367552 0.634584 -1.719883 0.087548 -0.238232 0.000954
data -0.367552 0.634203 -1.718738 0.087548 -0.238232 0.000954
data -0.367170 0.634203 -1.718356 0.086022 -0.238613 0.000954
data -0.367170 0.634203 -1.717212 0.084496 -0.238995 0.000954
data -0.366789 0.634203 -1.716449 0.083352 -0.239376 0.000954
data -0.366789 0.633821 -1.715686 0.082589 -0.239758 0.000954
data -0.366789 0.633821 -1.715686 0.082589 -0.239758 0.000954
data -0.366026 0.633440 -1.713778 0.081063 -0.239758 0.000954
data -0.366026 0.633440 -1.712634 0.079919 -0.240520 0.000954
data -0.365644 0.633059 -1.711871 0.079156 -0.240520 0.000954
data -0.365644 0.633059 -1.710727 0.078393 -0.240520 0.000954
data -0.365263 0.632677 -1.709964 0.077630 -0.241283 0.000954
data -0.365263 0.632677 -1.709964 0.077630 -0.241283 0.000954
data -0.364882 0.632296 -1.707294 0.075723 -0.242046 0.000954
data -0.364882 0.632296 -1.707294 0.075723 -0.242046 0.000954
data -0.364500 0.632296 -1.705768 0.074578 -0.242809 0.000954
data -0.364500 0.632296 -1.705768 0.074578 -0.242809 0.000954
data -0.364119 0.632296 -1.705768 0.074578 -0.242809 0.000954
data -0.363737 0.631914 -1.703479 0.073434 -0.243954 0.000954
data -0.363737 0.631914 -1.703479 0.073434 -0.243954 0.000954
data -0.363737 0.631914 -1.699664 0.073434 -0.243954 0.000954
data -0.362974 0.631914 -1.699664 0.070382 -0.243954 0.000954
data -0.362974 0.630388 -1.696994 0.068475 -0.247005 0.000954
data -0.362593 0.630388 -1.695468 0.067712 -0.247005 0.000954
data -0.362593 0.630007 -1.694705 0.066949 -0.248150 0.000954
data -0.362211 0.630007 -1.693179 0.066186 -0.248913 0.000954
data -0.361830 0.629625 -1.693179 0.066186 -0.248913 0.000954
data -0.361830 0.629625 -1.690890 0.064660 -0.250439 0.000954
data -0.361448 0.629244 -1.689364 0.063897 -0.251202 0.000954
data -0.361448 0.628862 -1.687839 0.062753 -0.251965 0.000954
data -0.361067 0.628481 -1.685168 0.060464 -0.253872 0.000954
data -0.360685 0.628099 -1.683642 0.059701 -0.254635 0.000954
data -0.360685 0.627718 -1.682498 0.058557 -0.255398 0.000954
data -0.360304 0.627718 -1.680972 0.057412 -0.255398 0.000954
data -0.360304 0.626955 -1.680972 0.057412 -0.256542 0.000954
data -0.359922 0.626955 -1.677920 0.055123 -0.257687 0.000954
data -0.359922 0.626574 -1.676394 0.053979 -0.259212 0.000954
data -0.359922 0.626574 -1.676394 0.053979 -0.259212 0.000954
data -0.359541 0.626192 -1.674106 0.051690 -0.260738 0.000954
data -0.359159 0.625811 -1.671817 0.050164 -0.261883 0.000954
data -0.358778 0.625429 -1.670672 0.049020 -0.262646 0.000954
data -0.358778 0.625048 -1.669147 0.047875 -0.263790 0.000954
data -0.358397 0.625048 -1.667621 0.046731 -0.264553 0.000954
data -0.358397 0.624666 -1.666095 0.045587 -0.265316 0.000954
data -0.358397 0.624666 -1.666095 0.045587 -0.265316 0.000954
data -0.357634 0.623903 -1.662662 0.042916 -0.266842 0.000954
data -0.357252 0.623140 -1.659228 0.040246 -0.268368 0.000954
data -0.357252 0.623140 -1.659228 0.040246 -0.268368 0.000954
data -0.356871 0.623140 -1.659228 0.040246 -0.268368 0.000954
data -0.356489 0.623140 -1.659228 0.040246 -0.268368 0.000954
data -0.356489 0.621996 -1.653124 0.035668 -0.270657 0.000954
data -0.356108 0.620852 -1.649691 0.032617 -0.270657 0.000954
data -0.356108 0.620852 -1.649691 0.032617 -0.272564 0.000954
data -0.355345 0.620470 -1.647020 0.030708 -0.272945 0.000954
data -0.355345 0.620089 -1.645494 0.029182 -0.274471 0.000954
data -0.354963 0.619326 -1.643587 0.027275 -0.275234 0.000954
data -0.354963 0.618944 -1.642061 0.026131 -0.275997 0.000954
data -0.354582 0.618563 -1.640535 0.024605 -0.276760 0.000954
data -0.354200 0.617800 -1.637865 0.022316 -0.276760 0.000954
data -0.354200 0.617418 -1.637865 0.022316 -0.277905 0.000954
data -0.354200 0.617418 -1.634813 0.020027 -0.279812 0.000954
data -0.353819 0.617037 -1.633669 0.019264 -0.280193 0.000954
data -0.353437 0.616274 -1.630999 0.016975 -0.281720 0.000954
data -0.353437 0.615892 -1.629091 0.015450 -0.281720 0.000954
data -0.353056 0.615511 -1.627184 0.014305 -0.283246 0.000954
data -0.353056 0.615129 -1.625277 0.012779 -0.284009 0.000954
data -0.352674 0.614748 -1.623369 0.011253 -0.284009 0.000954
data -0.352293 0.613985 -1.623369 0.011253 -0.284772 0.000954
data -0.352293 0.613985 -1.620317 0.008965 -0.285916 0.000954
data -0.352293 0.612841 -1.616884 0.006676 -0.285916 0.000954
data -0.351912 0.612459 -1.614595 0.004387 -0.288587 0.000954
data -0.351912 0.612078 -1.612688 0.002480 -0.289731 0.000954
data -0.351530 0.611696 -1.610781 0.000954 -0.289731 0.000954
data -0.351149 0.611315 -1.608873 -0.000572 -0.291257 0.000954
data -0.351149 0.610933 -1.606966 -0.002098 -0.292020 0.000954
data -0.350386 0.609789 -1.602007 -0.005531 -0.293927 0.000572
data -0.350386 0.609789 -1.602007 -0.005531 -0.293927 0.000572
data -0.350004 0.609407 -1.599718 -0.007439 -0.294690 0.000572
data -0.349623 0.608644 -1.596666 -0.009346 -0.295835 0.000954
data -0.349623 0.608263 -1.594759 -0.010872 -0.296597 0.000954
data -0.349241 0.607882 -1.592469 -0.012398 -0.297360 0.000954
data -0.348860 0.607119 -1.589799 -0.014305 -0.298123 0.000954
data -0.348478 0.606737 -1.587510 -0.016212 -0.298886 0.000954
data -0.348478 0.606737 -1.587510 -0.016212 -0.298886 0.000954
data -0.348097 0.605593 -1.583695 -0.019264 -0.300031 0.000954
data -0.347715 0.605211 -1.581025 -0.021553 -0.301175 0.000954
data -0.347715 0.604830 -1.578736 -0.023079 -0.301938 0.000954
data -0.347334 0.604067 -1.576447 -0.024986 -0.303082 0.000954
data -0.347334 0.603685 -1.574540 -0.024986 -0.303082 0.000954
data -0.346952 0.603304 -1.571870 -0.028038 -0.304608 0.000954
data -0.346189 0.603304 -1.571870 -0.028038 -0.304608 0.000954
data -0.346189 0.601778 -1.565385 -0.032235 -0.304608 0.000954
data -0.345808 0.601397 -1.563859 -0.034524 -0.308042 0.000954
data -0.345427 0.601015 -1.561189 -0.034524 -0.308042 0.000954
data -0.345427 0.600634 -1.559281 -0.037957 -0.309949 0.000954
data -0.345045 0.599871 -1.556611 -0.039865 -0.309949 0.000954
data -0.345045 0.599871 -1.556611 -0.039865 -0.311093 0.000954
data -0.344664 0.598726 -1.551652 -0.042535 -0.312238 0.000954
data -0.344282 0.598726 -1.551652 -0.042535 -0.312238 0.000954
data -0.343901 0.597963 -1.547837 -0.046731 -0.314527 0.000954
data -0.343901 0.597582 -1.544785 -0.049020 -0.315671 0.000954
data -0.343518 0.597200 -1.542497 -0.050546 -0.316815 0.000954
data -0.343137 0.596437 -1.539826 -0.052453 -0.317578 0.000954
data -0.343137 0.596056 -1.537919 -0.054360 -0.318341 0.000954
data -0.342755 0.595675 -1.535630 -0.055886 -0.319486 0.000954
data -0.342374 0.594912 -1.531052 -0.059319 -0.321012 0.000954
data -0.342374 0.594912 -1.531052 -0.059319 -0.321012 0.000954
data -0.341611 0.593385 -1.525711 -0.063134 -0.322919 0.000954
data -0.341229 0.592622 -1.521133 -0.066186 -0.324826 0.000954
data -0.340848 0.592240 -1.521133 -0.066186 -0.324826 0.000954
data -0.340848 0.591859 -1.516556 -0.069619 -0.326352 0.000954
data -0.340466 0.591477 -1.513885 -0.071527 -0.327497 0.000954
data -0.340085 0.590714 -1.510452 -0.073815 -0.328641 0.000954
data -0.340085 0.590714 -1.510452 -0.073815 -0.328641 0.000954
data -0.339704 0.590333 -1.507782 -0.076104 -0.330167 0.000954
data -0.339704 0.590333 -1.507782 -0.076104 -0.330167 0.000954
data -0.339322 0.589570 -1.502823 -0.079537 -0.332456 0.000954
data -0.338941 0.588807 -1.499390 -0.081826 -0.333982 0.000954
data -0.338559 0.588426 -1.497482 -0.083734 -0.334744 0.000954
data -0.338559 0.588044 -1.494812 -0.085259 -0.335889 0.000954
data -0.338559 0.588044 -1.494812 -0.085259 -0.335889 0.000954
data -0.338559 0.588044 -1.494812 -0.085259 -0.335889 0.000954
data -0.337415 0.586518 -1.488708 -0.089837 -0.338559 0.000954
data -0.337033 0.585755 -1.485657 -0.092126 -0.340085 0.000954
data -0.337033 0.585374 -1.482224 -0.094034 -0.341611 0.000572
data -0.336652 0.585374 -1.479935 -0.095942 -0.342755 0.000954
data -0.336270 0.584611 -1.477264 -0.097467 -0.343518 0.000572
data -0.336270 0.584611 -1.474976 -0.098993 -0.344664 0.000954
data -0.335507 0.583467 -1.474976 -0.098993 -0.344664 0.000954
data -0.335507 0.583467 -1.470016 -0.102808 -0.346571 0.000954
data -0.335507 0.583467 -1.468490 -0.102808 -0.346571 0.000954
data -0.335126 0.583467 -1.468490 -0.103571 -0.347334 0.000572
data -0.335126 0.583467 -1.468490 -0.103571 -0.347334 0.000572
data -0.335126 0.583467 -1.468490 -0.103571 -0.347334 0.000572
data -0.335126 0.583467 -1.468490 -0.103571 -0.347334 0.000572
data -0.334363 0.581178 -1.454375 -0.112726 -0.353056 0.000572
data -0.333600 0.580415 -1.449035 -0.112726 -0.353056 0.000572
data -0.333600 0.580415 -1.449035 -0.112726 -0.353056 0.000572
data -0.333219 0.580033 -1.449035 -0.116159 -0.355726 0.000954
data -0.333219 0.580033 -1.444076 -0.117304 -0.356489 0.000954
data -0.332837 0.579652 -1.441405 -0.120356 -0.358778 0.000954
data -0.332837 0.579652 -1.441405 -0.120356 -0.358778 0.000954
data -0.332456 0.578889 -1.436828 -0.122263 -0.359922 0.000954
data -0.332074 0.578889 -1.434539 -0.124552 -0.361830 0.000954
data -0.331693 0.578126 -1.429961 -0.127604 -0.363737 0.000954
data -0.331693 0.578126 -1.429961 -0.127604 -0.363737 0.000954
data -0.331311 0.577744 -1.425765 -0.129892 -0.365263 0.000954
data -0.330930 0.577744 -1.423476 -0.131418 -0.365263 0.000954
data -0.330930 0.577363 -1.421187 -0.132944 -0.367933 0.000954
data -0.330548 0.577363 -1.418517 -0.134470 -0.367933 0.000954
data -0.330167 0.576982 -1.416610 -0.135614 -0.369841 0.000954
data -0.330167 0.576982 -1.413939 -0.137140 -0.370985 0.000954
data -0.330167 0.576982 -1.413939 -0.137140 -0.370985 0.000954
data -0.329785 0.576219 -1.409362 -0.137140 -0.370985 0.000954
data -0.329404 0.576219 -1.407836 -0.139811 -0.372892 0.000954
data -0.329404 0.576219 -1.407836 -0.139811 -0.372892 0.000954
data -0.328641 0.575837 -1.400969 -0.144007 -0.375944 0.000954
data -0.328641 0.575837 -1.398680 -0.145151 -0.376707 0.000954
data -0.328259 0.575456 -1.396772 -0.146296 -0.377851 0.000954
data -0.328259 0.575456 -1.394102 -0.147821 -0.378614 0.000954
data -0.328259 0.575456 -1.394102 -0.147821 -0.378614 0.000954
data -0.327878 0.575074 -1.389906 -0.150110 -0.380140 0.000954
data -0.327497 0.575074 -1.386854 -0.152018 -0.381285 0.000954
data -0.327497 0.575074 -1.384947 -0.153162 -0.382429 0.000954
data -0.327115 0.575074 -1.382277 -0.154688 -0.383574 0.000954
data -0.326734 0.574693 -1.379988 -0.156214 -0.384718 0.000954
data -0.326734 0.574693 -1.378080 -0.157359 -0.385862 0.000572
data -0.326352 0.574693 -1.374266 -0.159266 -0.387770 0.000954
data -0.325971 0.574693 -1.371214 -0.161174 -0.387770 0.000954
data -0.325971 0.574693 -1.371214 -0.161174 -0.389296 0.000954
data -0.325589 0.574693 -1.371214 -0.161174 -0.389296 0.000954
data -0.325208 0.574693 -1.367018 -0.163081 -0.391203 0.000954
data -0.324826 0.574693 -1.363203 -0.164989 -0.393110 0.000954
data -0.324826 0.574693 -1.360914 -0.166133 -0.394255 0.000954
data -0.324445 0.574693 -1.358625 -0.167277 -0.395018 0.000954
data -0.324063 0.574693 -1.356337 -0.168803 -0.396162 0.000572
data -0.323682 0.574693 -1.352522 -0.168803 -0.396162 0.000572
data -0.323682 0.574693 -1.351377 -0.171474 -0.398451 0.000954
data -0.323300 0.574693 -1.348707 -0.172618 -0.399595 0.000954
data -0.322919 0.574693 -1.346418 -0.173762 -0.399595 0.000954
data -0.322919 0.574693 -1.344893 -0.174525 -0.401503 0.000954
data -0.322537 0.574693 -1.342984 -0.176051 -0.402647 0.000954
data -0.322156 0.574693 -1.340695 -0.177196 -0.403410 0.000954
data -0.322156 0.574693 -1.340695 -0.177196 -0.403410 0.000954
data -0.321774 0.574693 -1.340695 -0.177196 -0.403410 0.000954
data -0.321774 0.574693 -1.340695 -0.177196 -0.403410 0.000954
data -0.321393 0.574693 -1.334973 -0.181010 -0.406844 0.000954
data -0.321012 0.574693 -1.330777 -0.183299 -0.409514 0.000954
data -0.321012 0.574693 -1.328870 -0.184062 -0.410659 0.000954
data -0.320630 0.574693 -1.326581 -0.185588 -0.412185 0.000954
data -0.320249 0.574693 -1.325055 -0.186351 -0.413329 0.000954
data -0.319867 0.574693 -1.321622 -0.187877 -0.413329 0.000954
data -0.319486 0.574693 -1.320477 -0.188258 -0.415999 0.000572
data -0.319104 0.574693 -1.318189 -0.189021 -0.417525 0.000954
data -0.319104 0.574693 -1.316281 -0.190166 -0.418288 0.000954
data -0.318723 0.574693 -1.314755 -0.190928 -0.419433 0.000954
data -0.318341 0.574693 -1.312848 -0.191310 -0.420577 0.000954
data -0.317960 0.574693 -1.311322 -0.192073 -0.421340 0.000954
data -0.317960 0.574693 -1.309033 -0.193217 -0.422866 0.000572
data -0.317960 0.574693 -1.309033 -0.193217 -0.422866 0.000572
data -0.317197 0.574693 -1.309033 -0.193217 -0.422866 0.000572
data -0.316815 0.574693 -1.303693 -0.195125 -0.425918 0.000954
data -0.316434 0.574693 -1.302167 -0.195888 -0.427062 0.000954
data -0.316052 0.574693 -1.300641 -0.196269 -0.428206 0.000954
data -0.315671 0.574693 -1.298734 -0.197032 -0.429732 0.000954
data -0.315289 0.574693 -1.298734 -0.197032 -0.429732 0.000954
data -0.315289 0.574693 -1.295682 -0.198558 -0.431640 0.000954
data -0.315289 0.574693 -1.295682 -0.198558 -0.431640 0.000954
data -0.314527 0.574693 -1.293012 -0.200465 -0.433547 0.000954
data -0.314145 0.574693 -1.291104 -0.201228 -0.435454 0.000954
data -0.313764 0.574693 -1.289197 -0.202373 -0.436980 0.000954
data -0.313382 0.574693 -1.288053 -0.203135 -0.436980 0.000954
data -0.313001 0.574693 -1.286908 -0.203898 -0.439269 0.000954
data -0.313001 0.574693 -1.285382 -0.204661 -0.440413 0.000954
data -0.312238 0.574693 -1.282712 -0.206569 -0.442702 0.000954
data -0.312238 0.574693 -1.282712 -0.206569 -0.442702 0.000954
data -0.311475 0.574693 -1.281185 -0.207713 -0.444228 0.000954
data -0.311093 0.574693 -1.279278 -0.208858 -0.446136 0.000954
data -0.310712 0.574693 -1.277752 -0.209620 -0.447661 0.000954
data -0.310330 0.574693 -1.276608 -0.210383 -0.449187 0.000954
data -0.310330 0.574693 -1.276608 -0.210383 -0.449187 0.000954
data -0.310330 0.574693 -1.276608 -0.210383 -0.449187 0.000954
data -0.308805 0.574693 -1.272411 -0.212291 -0.451476 0.000954
data -0.308805 0.574693 -1.272411 -0.212291 -0.451476 0.000954
data -0.308042 0.574693 -1.270123 -0.214198 -0.455291 0.000954
data -0.307660 0.574693 -1.267834 -0.215343 -0.457580 0.000954
data -0.307279 0.574693 -1.266689 -0.216105 -0.458724 0.000954
data -0.306897 0.574693 -1.265545 -0.216487 -0.459868 0.000954
data -0.306897 0.574693 -1.265545 -0.216487 -0.459868 0.000954
data -0.306134 0.574693 -1.263256 -0.218013 -0.462920 0.000954
data -0.304990 0.574693 -1.260204 -0.219540 -0.466735 0.000954
data -0.304990 0.574693 -1.260204 -0.219540 -0.466735 0.000954
data -0.304608 0.574693 -1.260204 -0.219540 -0.466735 0.000954
data -0.304227 0.574693 -1.258678 -0.220303 -0.469025 0.000954
data -0.303464 0.574693 -1.256390 -0.221447 -0.472076 0.000954
data -0.303082 0.574693 -1.255245 -0.222210 -0.472076 0.000954
data -0.302320 0.574693 -1.253719 -0.222973 -0.475891 0.000572
data -0.301938 0.574693 -1.252575 -0.223354 -0.477417 0.000954
data -0.301175 0.574693 -1.252575 -0.223354 -0.477417 0.000954
data -0.300794 0.574693 -1.252575 -0.223354 -0.477417 0.000954
data -0.300794 0.574693 -1.249905 -0.224880 -0.481613 0.000954
data -0.300031 0.574693 -1.247234 -0.225643 -0.485809 0.000572
data -0.299268 0.574693 -1.246090 -0.226406 -0.488098 0.000954
data -0.298886 0.574693 -1.244946 -0.226788 -0.490005 0.000954
data -0.298505 0.574693 -1.243801 -0.227169 -0.492294 0.000954
data -0.298505 0.574693 -1.243801 -0.227169 -0.492294 0.000954
data -0.296979 0.574693 -1.243801 -0.227169 -0.492294 0.000954
data -0.296597 0.574693 -1.239986 -0.228695 -0.499924 0.000572
data -0.296597 0.574693 -1.239986 -0.228695 -0.499924 0.000572
data -0.295453 0.574693 -1.238079 -0.229458 -0.504120 0.000954
data -0.295072 0.574693 -1.236172 -0.229839 -0.507553 0.000954
data -0.294690 0.574693 -1.235027 -0.229839 -0.510605 0.000954
data -0.293927 0.574693 -1.233883 -0.230221 -0.513657 0.000954
data -0.293927 0.574693 -1.233883 -0.230221 -0.513657 0.000954
data -0.292783 0.574693 -1.231594 -0.230221 -0.520523 0.000954
data -0.292020 0.574693 -1.230068 -0.230221 -0.524719 0.000954
data -0.291638 0.574693 -1.228924 -0.230221 -0.528152 0.000572
data -0.290875 0.574693 -1.227779 -0.230221 -0.531968 0.000572
data -0.290494 0.574693 -1.227016 -0.230221 -0.535020 0.000954
data -0.290112 0.574693 -1.226254 -0.230221 -0.538453 0.000954
data -0.288968 0.574693 -1.223202 -0.230221 -0.538453 0.000954
data -0.288205 0.574693 -1.222439 -0.230221 -0.552949 0.000954
data -0.287824 0.574693 -1.221676 -0.229839 -0.557527 0.000954
data -0.287061 0.574693 -1.220913 -0.229839 -0.561723 0.000954
data -0.286679 0.574693 -1.219769 -0.229839 -0.566300 0.000954
data -0.286298 0.574693 -1.219006 -0.229458 -0.566300 0.000954
data -0.285535 0.574693 -1.218242 -0.229458 -0.575456 0.000954
data -0.285153 0.574693 -1.217097 -0.229076 -0.580033 0.000954
data -0.285153 0.574693 -1.217097 -0.229076 -0.580033 0.000954
data -0.284009 0.574693 -1.215571 -0.228695 -0.589570 0.000954
data -0.283628 0.574693 -1.214808 -0.228695 -0.596819 0.000954
data -0.282865 0.574693 -1.214046 -0.228313 -0.602160 0.000954
data -0.282483 0.574693 -1.213283 -0.228313 -0.602160 0.000954
data -0.282102 0.574693 -1.212901 -0.227932 -0.612078 0.000954
data -0.281720 0.574693 -1.212138 -0.227932 -0.617418 0.000954
data -0.280956 0.574693 -1.212138 -0.227932 -0.617418 0.000954
data -0.280956 0.574693 -1.212138 -0.227932 -0.617418 0.000954
data -0.280193 0.574693 -1.210231 -0.227551 -0.617418 0.000954
data -0.279430 0.574693 -1.209086 -0.227169 -0.643358 0.000954
data -0.279049 0.574693 -1.208705 -0.227169 -0.643358 0.000954
data -0.278667 0.574693 -1.208323 -0.227169 -0.654039 0.000954
data -0.278286 0.574693 -1.207561 -0.226788 -0.661670 0.000954
data -0.277905 0.574693 -1.207179 -0.226788 -0.666629 0.000954
data -0.277142 0.574693 -1.206035 -0.226406 -0.676166 0.000954
data -0.276379 0.574693 -1.206035 -0.226406 -0.676166 0.000954
data -0.276379 0.574693 -1.205272 -0.226406 -0.683795 0.000572
data -0.275997 0.574693 -1.204509 -0.226025 -0.692950 0.000572
data -0.275234 0.574693 -1.204127 -0.226025 -0.699054 0.000954
data -0.274853 0.574693 -1.203364 -0.225643 -0.706302 0.000954
data -0.274471 0.574693 -1.202983 -0.225643 -0.711642 0.000954
data -0.274090 0.574693 -1.202601 -0.225643 -0.718509 0.000954
data -0.274090 0.574693 -1.202601 -0.225643 -0.718509 0.000954
data -0.274090 0.574693 -1.202601 -0.225643 -0.718509 0.000954
data -0.271801 0.574693 -1.200694 -0.225643 -0.751698 0.000954
data -0.271420 0.574693 -1.200313 -0.225643 -0.757801 0.000954
data -0.270657 0.574693 -1.199550 -0.225643 -0.766575 0.000954
data -0.270275 0.574693 -1.199550 -0.225643 -0.766575 0.000954
data -0.269894 0.574693 -1.199168 -0.225643 -0.778400 0.000954
data -0.269894 0.574693 -1.199168 -0.225643 -0.778400 0.000954
data -0.269131 0.574693 -1.198405 -0.225643 -0.793279 0.000954
data -0.268368 0.574693 -1.198024 -0.225643 -0.802434 0.000954
data -0.267986 0.574693 -1.198024 -0.225643 -0.808537 0.000954
data -0.267605 0.574693 -1.197642 -0.225643 -0.808537 0.000954
data -0.267223 0.574693 -1.197642 -0.225643 -0.821507 0.000572
data -0.266842 0.574693 -1.197261 -0.225643 -0.828755 0.000954
data -0.266460 0.574693 -1.197261 -0.225643 -0.837529 0.000954
data -0.265697 0.574693 -1.197261 -0.225643 -0.837529 0.000954
data -0.265316 0.574693 -1.196879 -0.226025 -0.855078 0.000572
data -0.264935 0.574693 -1.196498 -0.226025 -0.861563 0.000572
data -0.264553 0.574693 -1.196498 -0.226025 -0.868429 0.000954
data -0.263790 0.574693 -1.196498 -0.226025 -0.874914 0.000954
data -0.263409 0.574693 -1.196116 -0.226025 -0.881781 0.000954
data -0.263027 0.574693 -1.196116 -0.226025 -0.889791 0.000954
data -0.262646 0.574693 -1.196116 -0.226025 -0.897039 0.000954
data -0.261883 0.574693 -1.196116 -0.226025 -0.897039 0.000954
data -0.261501 0.574693 -1.196116 -0.226025 -0.913825 0.000954
data -0.261120 0.574693 -1.196116 -0.226025 -0.920691 0.000954
data -0.260738 0.574693 -1.196116 -0.226025 -0.926795 0.000954
data -0.260357 0.574693 -1.196116 -0.226025 -0.926795 0.000954
data -0.259975 0.574693 -1.196116 -0.226025 -0.940909 0.000954
data -0.259594 0.574693 -1.196116 -0.226406 -0.947776 0.000954
data -0.258831 0.574693 -1.196116 -0.226025 -0.963416 0.000572
data -0.258831 0.574693 -1.196116 -0.226025 -0.963416 0.000572
data -0.258068 0.574693 -1.196116 -0.226025 -0.963416 0.000572
data -0.257687 0.574693 -1.196116 -0.226025 -0.982109 0.000572
data -0.257305 0.574693 -1.196116 -0.226025 -0.989738 0.000954
data -0.256924 0.574693 -1.196116 -0.226025 -0.996605 0.000954
data -0.256542 0.574693 -1.196116 -0.226025 -0.996605 0.000954
data -0.256161 0.574693 -1.196116 -0.226025 -1.011482 0.000954
data -0.255779 0.574693 -1.196116 -0.226025 -1.011482 0.000954
data -0.255779 0.574693 -1.196116 -0.226025 -1.027504 0.000954
data -0.255016 0.574693 -1.196116 -0.226025 -1.031701 0.000954
data -0.254635 0.574693 -1.196116 -0.226025 -1.042764 0.000954
data -0.254253 0.574693 -1.196116 -0.226025 -1.042764 0.000954
data -0.254253 0.574693 -1.196116 -0.226025 -1.057641 0.000954
data -0.253872 0.574693 -1.196116 -0.226025 -1.065270 0.000954
data -0.253109 0.574693 -1.196116 -0.226025 -1.078240 0.000954
data -0.252728 0.574693 -1.196116 -0.226025 -1.087014 0.000954
data -0.252346 0.574693 -1.196116 -0.226025 -1.094263 0.000954
data -0.252346 0.574693 -1.196116 -0.226025 -1.094263 0.000954
data -0.252346 0.574693 -1.196116 -0.226025 -1.094263 0.000954
data -0.251583 0.574693 -1.196116 -0.226025 -1.107615 0.000954
data -0.251583 0.574693 -1.196116 -0.226025 -1.107615 0.000954
data -0.251202 0.574693 -1.196116 -0.226025 -1.125544 0.000954
data -0.250820 0.574693 -1.196116 -0.226025 -1.136225 0.000954
data -0.250820 0.574693 -1.196116 -0.226025 -1.136225 0.000954
data -0.250057 0.574693 -1.196116 -0.226406 -1.147669 0.000954
data -0.250057 0.574693 -1.196116 -0.226406 -1.157207 0.000954
data -0.249676 0.574693 -1.196116 -0.226406 -1.164073 0.000954
data -0.249294 0.574693 -1.196116 -0.226406 -1.171321 0.000954
data -0.249294 0.574693 -1.196116 -0.226406 -1.178569 0.000954
data -0.248913 0.574693 -1.196116 -0.226406 -1.185054 0.000954
data -0.248913 0.574693 -1.196116 -0.226406 -1.185054 0.000954
data -0.248531 0.574693 -1.196116 -0.226406 -1.185054 0.000954
data -0.248531 0.574693 -1.196116 -0.226406 -1.185054 0.000954
data -0.248531 0.574693 -1.196116 -0.226406 -1.185054 0.000954
data -0.248531 0.574693 -1.196116 -0.226406 -1.185054 0.000954
data -0.247387 0.574693 -1.195735 -0.226788 -1.224728 0.000954
data -0.247387 0.574693 -1.195735 -0.226788 -1.230450 0.000954
data -0.247387 0.574693 -1.195735 -0.226788 -1.230450 0.000954
data -0.246624 0.574693 -1.195735 -0.226788 -1.236553 0.000954
data -0.246624 0.574693 -1.195735 -0.226788 -1.248379 0.000572
data -0.246243 0.574693 -1.195735 -0.226788 -1.257915 0.000954
data -0.246243 0.574693 -1.195735 -0.227169 -1.264019 0.000954
data -0.245861 0.574693 -1.195735 -0.227169 -1.264019 0.000954
data -0.245861 0.574693 -1.195735 -0.227169 -1.276989 0.000954
data -0.245480 0.574693 -1.195735 -0.227169 -1.282331 0.000954
data -0.245480 0.574693 -1.195735 -0.227169 -1.282331 0.000954
data -0.245480 0.574693 -1.195735 -0.227169 -1.282331 0.000954
data -0.245480 0.574693 -1.195354 -0.227169 -1.299878 0.000954
data -0.245480 0.574693 -1.195354 -0.227169 -1.299878 0.000954
data -0.245098 0.574693 -1.194972 -0.227169 -1.310178 0.000954
data -0.245098 0.574693 -1.194972 -0.227169 -1.315900 0.000954
data -0.244717 0.574693 -1.194972 -0.227169 -1.326200 0.000954
data -0.244717 0.574693 -1.194591 -0.227169 -1.331922 0.000954
data -0.244717 0.574693 -1.194591 -0.227169 -1.337262 0.000954
data -0.244717 0.574693 -1.194591 -0.227169 -1.337262 0.000954
data -0.244335 0.574693 -1.194591 -0.227169 -1.337262 0.000954
data -0.244335 0.574311 -1.193828 -0.227169 -1.356337 0.000954
data -0.243954 0.574693 -1.193446 -0.227169 -1.361296 0.000954
data -0.243954 0.574693 -1.193446 -0.227169 -1.361296 0.000954
data -0.243954 0.574693 -1.193446 -0.227169 -1.367781 0.000954
data -0.243954 0.574693 -1.193065 -0.227551 -1.377699 0.000954
data -0.243954 0.574693 -1.193065 -0.227551 -1.377699 0.000954
data -0.243954 0.574693 -1.193065 -0.227551 -1.377699 0.000954
data -0.243954 0.574311 -1.191920 -0.227551 -1.396391 0.000954
data -0.243954 0.574311 -1.191539 -0.227551 -1.405928 0.000954
data -0.243954 0.574311 -1.191157 -0.227551 -1.410888 0.000954
data -0.243954 0.574311 -1.190776 -0.227551 -1.417373 0.000954
data -0.243954 0.574311 -1.190394 -0.227932 -1.417373 0.000954
data -0.243954 0.574311 -1.190013 -0.227932 -1.428054 0.000954
data -0.243954 0.574311 -1.190013 -0.227932 -1.428054 0.000954
data -0.243954 0.574311 -1.189631 -0.227932 -1.428054 0.000954
data -0.243954 0.574311 -1.188869 -0.227932 -1.444839 0.000954
data -0.243954 0.574311 -1.188487 -0.228313 -1.451324 0.000954
data -0.243954 0.574311 -1.188106 -0.228313 -1.451324 0.000954
data -0.243954 0.574311 -1.187724 -0.228695 -1.459716 0.000954
data -0.243954 0.574311 -1.187343 -0.229076 -1.466582 0.000954
data -0.243954 0.574311 -1.186580 -0.229076 -1.474213 0.000954
data -0.243954 0.574311 -1.186580 -0.229076 -1.474213 0.000954
data -0.243954 0.574311 -1.186198 -0.229458 -1.479935 0.000954
data -0.243954 0.574311 -1.186198 -0.229458 -1.479935 0.000954
data -0.243954 0.574311 -1.186198 -0.229458 -1.479935 0.000954
data -0.243954 0.574311 -1.185054 -0.229839 -1.494812 0.000954
data -0.243954 0.574311 -1.185054 -0.229839 -1.494812 0.000954
data -0.243954 0.574311 -1.183909 -0.229839 -1.507019 0.000572
data -0.243954 0.573930 -1.183146 -0.229839 -1.511978 0.000954
data -0.243954 0.573930 -1.183146 -0.229839 -1.511978 0.000954
data -0.243954 0.573930 -1.183146 -0.229839 -1.511978 0.000954
data -0.243954 0.573930 -1.182002 -0.229839 -1.521515 0.000954
data -0.243954 0.573548 -1.181621 -0.229839 -1.530289 0.000954
data -0.243954 0.573548 -1.181239 -0.229839 -1.534867 0.000954
data -0.243954 0.573548 -1.180858 -0.229839 -1.538301 0.000954
data -0.243954 0.573548 -1.180476 -0.229839 -1.543260 0.000954
data -0.243954 0.573167 -1.179332 -0.229839 -1.551652 0.000954
data -0.243954 0.572785 -1.178950 -0.229839 -1.556230 0.000954
data -0.243954 0.572785 -1.178187 -0.229839 -1.556230 0.000954
data -0.243954 0.572785 -1.177806 -0.229839 -1.563478 0.000954
data -0.243954 0.572404 -1.177424 -0.229839 -1.568055 0.000954
data -0.243954 0.572404 -1.177043 -0.229839 -1.571870 0.000954
data -0.243954 0.572404 -1.176661 -0.229839 -1.575303 0.000572
data -0.243954 0.572022 -1.175899 -0.229839 -1.580262 0.000954
data -0.243954 0.572022 -1.175899 -0.229839 -1.580262 0.000954
data -0.243954 0.571641 -1.175517 -0.229839 -1.583695 0.000572
data -0.243954 0.571641 -1.174373 -0.229458 -1.589036 0.000572
data -0.243954 0.571259 -1.173991 -0.229458 -1.589036 0.000572
data -0.243954 0.571259 -1.173610 -0.229458 -1.595140 0.000954
data -0.243954 0.571259 -1.173610 -0.229458 -1.595140 0.000954
data -0.243954 0.570878 -1.172847 -0.229458 -1.600481 0.000954
data -0.243954 0.570878 -1.172847 -0.229458 -1.600481 0.000954
data -0.244335 0.570497 -1.170939 -0.229076 -1.610018 0.000954
data -0.244335 0.570115 -1.170558 -0.228695 -1.613451 0.000954
data -0.244335 0.570115 -1.170558 -0.228695 -1.613451 0.000954
data -0.244335 0.569734 -1.169414 -0.228695 -1.619555 0.000954
data -0.244335 0.569352 -1.168651 -0.228695 -1.622988 0.000954
data -0.244717 0.569352 -1.168269 -0.228695 -1.625277 0.000572
data -0.244717 0.568971 -1.167125 -0.228695 -1.630236 0.000954
data -0.244717 0.568971 -1.167125 -0.228695 -1.630236 0.000954
data -0.244717 0.568589 -1.166743 -0.228695 -1.633669 0.000954
data -0.245098 0.568589 -1.165599 -0.228695 -1.638247 0.000954
data -0.245480 0.568208 -1.165217 -0.228695 -1.641680 0.000954
data -0.245480 0.568208 -1.164454 -0.228695 -1.644732 0.000954
data -0.245480 0.567826 -1.164073 -0.228695 -1.647402 0.000572
data -0.245861 0.567445 -1.163692 -0.229076 -1.651217 0.000954
data -0.245861 0.567445 -1.163692 -0.229076 -1.651217 0.000954
data -0.246624 0.566682 -1.162166 -0.229076 -1.651217 0.000954
data -0.247005 0.566682 -1.161784 -0.229458 -1.661899 0.000954
data -0.247005 0.566300 -1.161403 -0.229076 -1.664569 0.000954
data -0.247387 0.565919 -1.160640 -0.229076 -1.667621 0.000954
data -0.247768 0.565537 -1.159877 -0.229076 -1.670672 0.000954
data -0.247768 0.565537 -1.159495 -0.229076 -1.673343 0.000954
data -0.248150 0.565156 -1.158732 -0.229076 -1.676394 0.000572
data -0.248150 0.565156 -1.158732 -0.229076 -1.676394 0.000572
data -0.248531 0.564775 -1.158732 -0.229076 -1.676394 0.000572
data -0.248913 0.564393 -1.156825 -0.228695 -1.685168 0.000954
data -0.249294 0.564012 -1.156444 -0.228695 -1.687457 0.000954
data -0.249294 0.563630 -1.155680 -0.228313 -1.687457 0.000954
data -0.249676 0.563249 -1.155298 -0.228313 -1.693179 0.000954
data -0.249676 0.562867 -1.154535 -0.227932 -1.696231 0.000954
data -0.250057 0.562867 -1.154535 -0.227932 -1.696231 0.000954
data -0.250057 0.562867 -1.154535 -0.227932 -1.696231 0.000954
data -0.250057 0.562867 -1.154535 -0.227932 -1.696231 0.000954
data -0.251202 0.561341 -1.151484 -0.226788 -1.709582 0.000954
data -0.251202 0.560960 -1.151102 -0.226406 -1.712253 0.000954
data -0.251583 0.560960 -1.151102 -0.226406 -1.712253 0.000954
data -0.251965 0.560578 -1.149958 -0.225643 -1.717593 0.000954
data -0.251965 0.560578 -1.149958 -0.225643 -1.717593 0.000954
data -0.252346 0.559815 -1.148813 -0.225262 -1.723698 0.000954
data -0.252346 0.559815 -1.148813 -0.225262 -1.723698 0.000954
data -0.252728 0.559052 -1.147669 -0.225262 -1.723698 0.000954
data -0.252728 0.558671 -1.146906 -0.223736 -1.732853 0.000954
data -0.253109 0.558290 -1.146524 -0.223354 -1.735523 0.000954
data -0.253109 0.557908 -1.145761 -0.222973 -1.738575 0.000954
data -0.253490 0.557527 -1.145380 -0.222591 -1.741245 0.000954
data -0.253490 0.557145 -1.144617 -0.222591 -1.743916 0.000954
data -0.253872 0.557145 -1.144617 -0.222591 -1.743916 0.000954
data -0.253872 0.557145 -1.144617 -0.222591 -1.743916 0.000954
data -0.253872 0.556001 -1.143473 -0.221447 -1.751163 0.000954
data -0.254253 0.554856 -1.142328 -0.220684 -1.751163 0.000572
data -0.254253 0.554475 -1.141947 -0.220684 -1.756123 0.000954
data -0.254253 0.554093 -1.141565 -0.220303 -1.761082 0.000954
data -0.254635 0.553330 -1.140802 -0.219921 -1.764515 0.000954
data -0.254635 0.552949 -1.140421 -0.219921 -1.766804 0.000954
data -0.255016 0.552186 -1.139658 -0.219921 -1.766804 0.000954
data -0.255016 0.552186 -1.139658 -0.219158 -1.771000 0.000954
data -0.255398 0.551042 -1.138514 -0.218777 -1.774052 0.000954
data -0.255398 0.550660 -1.138132 -0.218394 -1.777866 0.000954
data -0.255779 0.549897 -1.137369 -0.218013 -1.780155 0.000954
data -0.255779 0.549134 -1.136988 -0.217631 -1.780155 0.000954
data -0.256161 0.548753 -1.136606 -0.217250 -1.784352 0.000572
data -0.256161 0.547990 -1.135843 -0.216487 -1.786260 0.000954
data -0.256924 0.546082 -1.134317 -0.214961 -1.792363 0.000954
data -0.256924 0.546082 -1.134317 -0.214961 -1.792363 0.000954
data -0.256924 0.546082 -1.134317 -0.214961 -1.792363 0.000954
data -0.257687 0.545320 -1.133554 -0.213817 -1.795415 0.000954
data -0.258068 0.544557 -1.132792 -0.212672 -1.797704 0.000954
data -0.258068 0.543794 -1.132410 -0.211909 -1.799611 0.000954
data -0.258068 0.543794 -1.132410 -0.211909 -1.799611 0.000954
data -0.258831 0.542268 -1.131266 -0.210002 -1.799611 0.000954
data -0.259212 0.542268 -1.131266 -0.210002 -1.803044 0.000572
data -0.259212 0.541123 -1.130121 -0.208095 -1.806096 0.000954
data -0.259594 0.539979 -1.129358 -0.206569 -1.807240 0.000954
data -0.259975 0.539216 -1.128977 -0.205806 -1.809529 0.000954
data -0.260357 0.538453 -1.128595 -0.205043 -1.810674 0.000954
data -0.260738 0.537690 -1.127832 -0.205043 -1.810674 0.000954
data -0.260738 0.536927 -1.127451 -0.202373 -1.812963 0.000954
data -0.261120 0.536164 -1.126688 -0.200847 -1.814488 0.000954
data -0.261120 0.536164 -1.126688 -0.200847 -1.814488 0.000954
data -0.261120 0.536164 -1.126688 -0.200847 -1.814488 0.000954
data -0.261883 0.533875 -1.125162 -0.198176 -1.816777 0.000954
data -0.262264 0.532731 -1.124781 -0.195888 -1.819066 0.000954
data -0.262646 0.532350 -1.124018 -0.195125 -1.819829 0.000954
data -0.262646 0.531587 -1.123636 -0.193599 -1.820973 0.000954
data -0.263027 0.530823 -1.123255 -0.192454 -1.821736 0.000954
data -0.263409 0.530060 -1.122873 -0.191310 -1.822499 0.000954
data -0.263409 0.530060 -1.122873 -0.191310 -1.822499 0.000954
data -0.263409 0.530060 -1.122873 -0.191310 -1.822499 0.000954
data -0.264553 0.527390 -1.120966 -0.187877 -1.824407 0.000954
data -0.264553 0.526627 -1.120584 -0.186351 -1.826314 0.000954
data -0.264935 0.525864 -1.120584 -0.186351 -1.826314 0.000954
data -0.264935 0.525101 -1.119822 -0.184062 -1.828221 0.000572
data -0.265316 0.524338 -1.119059 -0.182918 -1.829366 0.000572
data -0.265697 0.523575 -1.118677 -0.181392 -1.830510 0.000954
data -0.265697 0.523575 -1.118677 -0.181392 -1.830510 0.000954
data -0.266079 0.522049 -1.117914 -0.179484 -1.830510 0.000954
data -0.266460 0.522049 -1.117914 -0.179484 -1.832036 0.000954
data -0.266460 0.520142 -1.116770 -0.177196 -1.834325 0.000954
data -0.267223 0.518997 -1.116388 -0.176051 -1.834706 0.000954
data -0.267223 0.517853 -1.116007 -0.175288 -1.836614 0.000954
data -0.267605 0.517090 -1.115625 -0.174144 -1.837377 0.000954
data -0.267986 0.515564 -1.115244 -0.172999 -1.839284 0.000954
data -0.267986 0.515564 -1.115244 -0.172999 -1.839284 0.000954
data -0.268749 0.514038 -1.114862 -0.172236 -1.839284 0.000954
data -0.269131 0.512894 -1.114481 -0.171474 -1.841954 0.000954
data -0.269131 0.512894 -1.114481 -0.171474 -1.841954 0.000954
data -0.269131 0.512894 -1.114481 -0.171474 -1.841954 0.000954
data -0.269131 0.512894 -1.114481 -0.171474 -1.841954 0.000954
data -0.270657 0.507935 -1.112955 -0.168422 -1.847677 0.000954
data -0.270657 0.507935 -1.112955 -0.168422 -1.847677 0.000954
data -0.272182 0.507935 -1.112955 -0.168422 -1.847677 0.000954
data -0.272182 0.503738 -1.111811 -0.165751 -1.847677 0.000954
data -0.272564 0.503357 -1.111429 -0.165370 -1.853399 0.000954
data -0.273327 0.501831 -1.111048 -0.164226 -1.856451 0.000954
data -0.273708 0.500687 -1.110666 -0.163844 -1.857595 0.000954
data -0.274471 0.499161 -1.110285 -0.162318 -1.860647 0.000954
data -0.274471 0.499161 -1.110285 -0.162318 -1.860647 0.000954
data -0.274853 0.499161 -1.110285 -0.162318 -1.860647 0.000954
data -0.275234 0.496872 -1.109522 -0.160792 -1.862173 0.000954
data -0.275616 0.496109 -1.109140 -0.159648 -1.865225 0.000572
data -0.275997 0.494965 -1.108759 -0.158504 -1.866751 0.000954
data -0.276379 0.494202 -1.108377 -0.157741 -1.868277 0.000954
data -0.277142 0.493057 -1.107996 -0.156596 -1.869802 0.000954
data -0.277905 0.493057 -1.107996 -0.156596 -1.869802 0.000954
data -0.278286 0.490768 -1.106852 -0.153925 -1.872854 0.000954
data -0.278667 0.490768 -1.106852 -0.153925 -1.872854 0.000954
data -0.279049 0.489243 -1.106089 -0.152018 -1.876669 0.000572
data -0.279430 0.488480 -1.105707 -0.151255 -1.877813 0.000954
data -0.279812 0.487335 -1.105326 -0.150110 -1.879721 0.000954
data -0.280575 0.486191 -1.105326 -0.150110 -1.879721 0.000954
data -0.280575 0.485428 -1.104563 -0.148584 -1.882772 0.000954
data -0.280575 0.485428 -1.104563 -0.148584 -1.882772 0.000954
data -0.281720 0.483139 -1.103800 -0.147058 -1.885824 0.000954
data -0.282483 0.482376 -1.103418 -0.147058 -1.885824 0.000954
data -0.282865 0.481613 -1.103418 -0.145533 -1.889257 0.000954
data -0.283246 0.481613 -1.103418 -0.145533 -1.889257 0.000954
data -0.283628 0.479706 -1.103037 -0.144388 -1.890783 0.000954
data -0.284009 0.478943 -1.102655 -0.143625 -1.893072 0.000954
data -0.284390 0.478180 -1.102274 -0.142862 -1.894217 0.000954
data -0.284390 0.478180 -1.102274 -0.142862 -1.894217 0.000954
data -0.284390 0.478180 -1.102274 -0.142862 -1.894217 0.000954
data -0.285916 0.475128 -1.101511 -0.140192 -1.894217 0.000954
data -0.286679 0.473984 -1.101130 -0.140192 -1.898031 0.000954
data -0.287061 0.473221 -1.100748 -0.137903 -1.901464 0.000954
data -0.287824 0.472076 -1.100367 -0.136759 -1.902990 0.000954
data -0.288205 0.470932 -1.099985 -0.134851 -1.902990 0.000954
data -0.288968 0.470169 -1.099985 -0.134089 -1.906425 0.000954
data -0.288968 0.470169 -1.099985 -0.134089 -1.906425 0.000954
data -0.288968 0.470169 -1.099985 -0.134089 -1.906425 0.000954
data -0.290494 0.467879 -1.099604 -0.131800 -1.909095 0.000954
data -0.291257 0.466353 -1.099222 -0.129892 -1.909095 0.000954
data -0.291638 0.465209 -1.098841 -0.128366 -1.912147 0.000954
data -0.292401 0.464446 -1.098841 -0.127604 -1.914817 0.000572
data -0.292783 0.463683 -1.098841 -0.126841 -1.916724 0.000954
data -0.293546 0.462539 -1.098459 -0.125696 -1.918632 0.000954
data -0.293546 0.462539 -1.098459 -0.125696 -1.918632 0.000954
data -0.293546 0.462539 -1.098459 -0.125696 -1.918632 0.000954
data -0.295453 0.459487 -1.098459 -0.123026 -1.923591 0.000954
data -0.296216 0.458343 -1.098841 -0.122263 -1.927024 0.000954
data -0.296597 0.457580 -1.098841 -0.121500 -1.928931 0.000954
data -0.297360 0.456435 -1.098841 -0.120737 -1.930839 0.000954
data -0.297742 0.455291 -1.098841 -0.119974 -1.933127 0.000954
data -0.297742 0.455291 -1.098841 -0.119974 -1.933127 0.000954
data -0.298886 0.453383 -1.098841 -0.118448 -1.937324 0.000954
data -0.298886 0.453383 -1.098841 -0.118448 -1.937324 0.000954
data -0.300031 0.451858 -1.098841 -0.117304 -1.941520 0.000954
data -0.300794 0.449950 -1.098841 -0.115778 -1.945716 0.000954
data -0.301557 0.449950 -1.098841 -0.115778 -1.945716 0.000954
data -0.301938 0.448806 -1.098841 -0.114634 -1.948005 0.000954
data -0.302320 0.447280 -1.098841 -0.113489 -1.951438 0.000954
data -0.303082 0.446517 -1.098841 -0.112726 -1.953727 0.000954
data -0.303082 0.446517 -1.098841 -0.112726 -1.953727 0.000954
data -0.304990 0.446517 -1.098841 -0.112726 -1.953727 0.000954
data -0.304990 0.446517 -1.098841 -0.112726 -1.953727 0.000954
data -0.305753 0.446517 -1.098841 -0.112726 -1.953727 0.000954
data -0.306516 0.443084 -1.098841 -0.110056 -1.961738 0.000954
data -0.307279 0.440032 -1.098841 -0.107767 -1.966697 0.000954
data -0.307660 0.439269 -1.098841 -0.107004 -1.969368 0.000954
data -0.308423 0.438125 -1.098841 -0.105860 -1.971657 0.000954
data -0.309567 0.438125 -1.098841 -0.105860 -1.971657 0.000954
data -0.309567 0.436217 -1.098841 -0.103952 -1.975090 0.000954
data -0.310712 0.435073 -1.098841 -0.102808 -1.976234 0.000954
data -0.311093 0.434310 -1.098841 -0.102045 -1.978905 0.000572
data -0.311856 0.433166 -1.098841 -0.100901 -1.980431 0.000572
data -0.312238 0.432403 -1.098841 -0.100519 -1.981956 0.000954
data -0.313382 0.431258 -1.098841 -0.100519 -1.981956 0.000954
data -0.313382 0.431258 -1.098841 -0.098230 -1.984245 0.000572
data -0.314908 0.429351 -1.098841 -0.098230 -1.984245 0.000572
data -0.315671 0.428206 -1.098841 -0.094797 -1.988441 0.000954
data -0.316815 0.426299 -1.098841 -0.092507 -1.988441 0.000954
data -0.317578 0.425536 -1.098841 -0.091363 -1.990730 0.000954
data -0.318341 0.424773 -1.098841 -0.090219 -1.991493 0.000954
data -0.319104 0.424010 -1.098841 -0.088693 -1.992256 0.000954
data -0.320249 0.422103 -1.098841 -0.086022 -1.993401 0.000954
data -0.320249 0.422103 -1.098841 -0.086022 -1.993401 0.000954
data -0.321012 0.420959 -1.098841 -0.083734 -1.993401 0.000954
data -0.321774 0.420196 -1.098841 -0.082971 -1.994164 0.000954
data -0.322919 0.418670 -1.098841 -0.080300 -1.994164 0.000954
data -0.322919 0.418670 -1.098841 -0.080300 -1.994164 0.000954
data -0.324445 0.417144 -1.098841 -0.078393 -1.993782 0.000572
data -0.325208 0.416381 -1.098841 -0.076104 -1.993401 0.000954
data -0.326734 0.414474 -1.098841 -0.072289 -1.992256 0.000954
data -0.326734 0.414474 -1.098841 -0.072289 -1.992256 0.000954
data -0.326734 0.414474 -1.098841 -0.072289 -1.992256 0.000954
data -0.327878 0.412948 -1.098841 -0.070001 -1.991112 0.000954
data -0.329404 0.411803 -1.098841 -0.067712 -1.990349 0.000954
data -0.329785 0.411040 -1.098841 -0.066186 -1.988823 0.000954
data -0.330930 0.410277 -1.098841 -0.064660 -1.987297 0.000954
data -0.330930 0.410277 -1.098841 -0.064660 -1.987297 0.000954
data -0.332837 0.409133 -1.098841 -0.062753 -1.985390 0.000954
data -0.332837 0.407989 -1.098841 -0.060464 -1.982719 0.000954
data -0.333982 0.406844 -1.098841 -0.058938 -1.982719 0.000954
data -0.334363 0.406080 -1.098841 -0.057031 -1.978905 0.000954
data -0.335507 0.405317 -1.098841 -0.055505 -1.978905 0.000954
data -0.335889 0.404936 -1.098841 -0.053979 -1.974709 0.000954
data -0.336652 0.404173 -1.098841 -0.052835 -1.972420 0.000954
data -0.337415 0.403410 -1.098841 -0.051690 -1.970131 0.000954
data -0.337415 0.403410 -1.098841 -0.051690 -1.970131 0.000954
data -0.338941 0.401884 -1.098841 -0.048638 -1.964408 0.000572
data -0.339704 0.401503 -1.098841 -0.047875 -1.962119 0.000572
data -0.340466 0.400740 -1.098841 -0.045968 -1.957923 0.000954
data -0.340848 0.400358 -1.098841 -0.044824 -1.954490 0.000954
data -0.341611 0.399595 -1.098841 -0.043679 -1.950675 0.000954
data -0.342374 0.399214 -1.098841 -0.042535 -1.947623 0.000954
data -0.342755 0.398451 -1.098841 -0.041772 -1.943809 0.000954
data -0.343901 0.398451 -1.098841 -0.041772 -1.943809 0.000954
data -0.344282 0.397306 -1.098841 -0.039865 -1.935035 0.000954
data -0.344664 0.396544 -1.098841 -0.039102 -1.929313 0.000954
data -0.345427 0.396162 -1.098841 -0.037957 -1.924735 0.000954
data -0.345808 0.395781 -1.098841 -0.037194 -1.920539 0.000954
data -0.346189 0.395399 -1.098841 -0.036431 -1.915961 0.000954
data -0.346952 0.394636 -1.098841 -0.035668 -1.911002 0.000572
data -0.348097 0.393873 -1.098841 -0.034524 -1.900702 0.000572
data -0.348097 0.393873 -1.098841 -0.034524 -1.900702 0.000572
data -0.348097 0.393873 -1.098841 -0.034524 -1.900702 0.000572
data -0.349241 0.392729 -1.098841 -0.033380 -1.886969 0.000954
data -0.350004 0.391966 -1.098841 -0.033380 -1.886969 0.000954
data -0.350386 0.391966 -1.098841 -0.032235 -1.874380 0.000954
data -0.350767 0.391203 -1.098841 -0.031854 -1.867514 0.000954
data -0.351149 0.390821 -1.098841 -0.031472 -1.861410 0.000954
data -0.351912 0.390440 -1.098841 -0.030708 -1.853399 0.000954
data -0.352674 0.390440 -1.098841 -0.030708 -1.853399 0.000954
data -0.352674 0.390440 -1.098841 -0.030708 -1.853399 0.000954
data -0.353437 0.389296 -1.098841 -0.029182 -1.831655 0.000954
data -0.353819 0.388914 -1.098841 -0.028801 -1.824025 0.000954
data -0.354200 0.388533 -1.098841 -0.028038 -1.816014 0.000954
data -0.354582 0.388151 -1.098841 -0.027657 -1.809148 0.000954
data -0.354963 0.388151 -1.098841 -0.027657 -1.801137 0.000954
data -0.355726 0.387388 -1.098841 -0.026894 -1.780155 0.000954
data -0.356489 0.387007 -1.098841 -0.025749 -1.769093 0.000954
data -0.356489 0.387007 -1.098841 -0.025749 -1.769093 0.000954
data -0.356489 0.387007 -1.098841 -0.025749 -1.769093 0.000954
data -0.356489 0.387007 -1.098841 -0.025749 -1.769093 0.000954
data -0.357634 0.386244 -1.098841 -0.025368 -1.756886 0.000954
data -0.357634 0.386244 -1.098841 -0.025368 -1.756886 0.000954
data -0.358397 0.385481 -1.098841 -0.023842 -1.731709 0.000954
data -0.359159 0.385481 -1.098841 -0.023460 -1.714541 0.000954
data -0.359159 0.385481 -1.098841 -0.023460 -1.714541 0.000954
data -0.359922 0.385099 -1.098841 -0.022697 -1.699283 0.000954
data -0.360304 0.385099 -1.098841 -0.022316 -1.686313 0.000954
data -0.360685 0.384718 -1.098841 -0.021935 -1.677539 0.000954
data -0.360685 0.384718 -1.098841 -0.021935 -1.669909 0.000954
data -0.361067 0.384718 -1.098841 -0.021553 -1.660754 0.000954
data -0.361448 0.384336 -1.098841 -0.021172 -1.649309 0.000954
data -0.361448 0.384336 -1.098841 -0.021172 -1.649309 0.000954
data -0.361448 0.384336 -1.098841 -0.021172 -1.649309 0.000954
data -0.361448 0.384336 -1.098841 -0.021172 -1.649309 0.000954
data -0.362593 0.384336 -1.098841 -0.020409 -1.623751 0.000954
data -0.362974 0.384336 -1.098841 -0.020027 -1.603151 0.000954
data -0.363356 0.384336 -1.098841 -0.019646 -1.594759 0.000954
data -0.363356 0.384336 -1.098841 -0.019646 -1.594759 0.000954
data -0.363737 0.384336 -1.098841 -0.019264 -1.578355 0.000572
data -0.364119 0.384336 -1.098841 -0.018883 -1.560044 0.000572
data -0.364119 0.384336 -1.098841 -0.018883 -1.560044 0.000954
data -0.364500 0.384336 -1.098841 -0.018883 -1.551652 0.000954
data -0.364500 0.384336 -1.098841 -0.018501 -1.537156 0.000954
data -0.364882 0.384336 -1.098841 -0.018501 -1.527237 0.000954
data -0.364882 0.384336 -1.098841 -0.018501 -1.519226 0.000954
data -0.364882 0.384336 -1.098841 -0.018120 -1.510834 0.000954
data -0.364882 0.384718 -1.098841 -0.018120 -1.495956 0.000954
data -0.365263 0.384718 -1.098841 -0.017738 -1.495956 0.000954
data -0.365263 0.384718 -1.098841 -0.017738 -1.485657 0.000954
data -0.365263 0.384718 -1.098841 -0.017738 -1.471161 0.000954
data -0.365263 0.385099 -1.098841 -0.017738 -1.458190 0.000954
data -0.365263 0.385099 -1.098841 -0.017357 -1.450179 0.000954
data -0.365263 0.385481 -1.098841 -0.017357 -1.441024 0.000572
data -0.365263 0.385862 -1.098841 -0.017357 -1.431869 0.000954
data -0.365263 0.385862 -1.098841 -0.017357 -1.431869 0.000954
data -0.365263 0.385862 -1.098841 -0.017357 -1.431869 0.000954
data -0.365644 0.386625 -1.098841 -0.017357 -1.404783 0.000954
data -0.365644 0.387007 -1.098841 -0.017357 -1.396391 0.000954
data -0.365644 0.387007 -1.098841 -0.017357 -1.396391 0.000954
data -0.365644 0.387388 -1.098841 -0.017357 -1.379606 0.000954
data -0.365644 0.387770 -1.099222 -0.016975 -1.371595 0.000954
data -0.365644 0.388151 -1.099222 -0.016975 -1.356718 0.000954
data -0.365644 0.388151 -1.099222 -0.016975 -1.356718 0.000954
data -0.365644 0.388533 -1.099222 -0.016975 -1.356718 0.000954
data -0.365644 0.388914 -1.098841 -0.016975 -1.341840 0.000954
data -0.365644 0.389296 -1.098841 -0.016975 -1.325055 0.000954
data -0.365644 0.389677 -1.099222 -0.016975 -1.317426 0.000954
data -0.365644 0.390059 -1.099222 -0.016975 -1.317426 0.000954
data -0.365644 0.390059 -1.098841 -0.017357 -1.299878 0.000954
data -0.365644 0.390440 -1.099222 -0.016975 -1.291867 0.000954
data -0.365644 0.390821 -1.099222 -0.016975 -1.291867 0.000954
data -0.365644 0.391203 -1.099222 -0.016975 -1.270885 0.000572
data -0.365644 0.391584 -1.099222 -0.016975 -1.270885 0.000572
data -0.365644 0.391584 -1.099222 -0.017357 -1.263638 0.000954
data -0.365644 0.391966 -1.099222 -0.016975 -1.263638 0.000954
data -0.365644 0.392347 -1.099222 -0.016975 -1.240749 0.000954
data -0.365644 0.392729 -1.099222 -0.016975 -1.231976 0.000954
data -0.365644 0.392729 -1.099222 -0.016975 -1.231976 0.000954
data -0.365644 0.393110 -1.099222 -0.016975 -1.215571 0.000954
data -0.365644 0.393492 -1.099222 -0.016975 -1.215571 0.000954
data -0.365644 0.393873 -1.099222 -0.016975 -1.197261 0.000954
data -0.365644 0.394255 -1.099222 -0.016975 -1.197261 0.000954
data -0.365644 0.394636 -1.099222 -0.016975 -1.180476 0.000572
data -0.365644 0.394636 -1.099222 -0.016975 -1.173610 0.000954
data -0.365644 0.395018 -1.099222 -0.016594 -1.166743 0.000954
data -0.365644 0.395018 -1.099222 -0.016594 -1.166743 0.000954
data -0.365644 0.395018 -1.099222 -0.016594 -1.166743 0.000954
data -0.365644 0.395018 -1.099222 -0.016594 -1.166743 0.000954
data -0.365644 0.395018 -1.099222 -0.016594 -1.166743 0.000954
data -0.365644 0.395018 -1.099222 -0.016594 -1.166743 0.000954
data -0.365644 0.395018 -1.099222 -0.016594 -1.166743 0.000954
data -0.365644 0.395018 -1.099222 -0.016594 -1.166743 0.000954
data -0.365263 0.398069 -1.099222 -0.016594 -1.118677 0.000954
data -0.365263 0.398069 -1.099222 -0.016594 -1.118677 0.000954
data -0.365263 0.399977 -1.099222 -0.016594 -1.118677 0.000954
data -0.365263 0.400358 -1.099222 -0.016212 -1.082437 0.000954
data -0.364882 0.401121 -1.099604 -0.016594 -1.070992 0.000954
data -0.364882 0.401503 -1.099604 -0.016212 -1.061837 0.000954
data -0.364882 0.401503 -1.099604 -0.016212 -1.061837 0.000954
data -0.364500 0.402266 -1.099604 -0.016212 -1.053826 0.000954
data -0.364500 0.402266 -1.099604 -0.016212 -1.053826 0.000954
data -0.364500 0.403028 -1.099604 -0.016212 -1.039330 0.000954
data -0.364500 0.403410 -1.099604 -0.016212 -1.035516 0.000954
data -0.364119 0.404173 -1.099604 -0.016212 -1.025978 0.000954
data -0.364119 0.404554 -1.099604 -0.016212 -1.019875 0.000954
data -0.364119 0.404936 -1.099604 -0.016212 -1.014915 0.000572
data -0.364119 0.404936 -1.099604 -0.016212 -1.014915 0.000572
data -0.363737 0.406080 -1.099985 -0.016212 -0.999275 0.000572
data -0.363737 0.406080 -1.099985 -0.016212 -0.999275 0.000572
data -0.363737 0.406463 -1.099985 -0.016212 -0.999275 0.000572
data -0.363737 0.407226 -1.099985 -0.015831 -0.983253 0.000954
data -0.363737 0.407607 -1.099985 -0.015831 -0.983253 0.000954
data -0.363737 0.407989 -1.099985 -0.015831 -0.972954 0.000954
data -0.363737 0.407989 -1.099985 -0.015831 -0.972954 0.000954
data -0.363737 0.407989 -1.099985 -0.015831 -0.972954 0.000954
data -0.363737 0.409133 -1.099985 -0.015450 -0.958457 0.000954
data -0.363737 0.409896 -1.099985 -0.015450 -0.958457 0.000954
data -0.363737 0.410277 -1.099985 -0.014687 -0.944343 0.000954
data -0.363737 0.410659 -1.099985 -0.013924 -0.938621 0.000572
data -0.363737 0.411040 -1.099985 -0.013924 -0.938621 0.000572
data -0.363737 0.411040 -1.099985 -0.013542 -0.929084 0.000954
data -0.363737 0.411040 -1.099985 -0.013542 -0.929084 0.000954
data -0.363737 0.411803 -1.100367 -0.012779 -0.917640 0.000954
data -0.363737 0.411803 -1.100367 -0.012779 -0.917640 0.000954
data -0.363737 0.413329 -1.100367 -0.011635 -0.905813 0.000954
data -0.363737 0.413711 -1.100367 -0.010872 -0.897039 0.000572
data -0.363737 0.414092 -1.100367 -0.010109 -0.890936 0.000572
data -0.363737 0.414855 -1.100367 -0.010109 -0.890936 0.000572
data -0.363737 0.414855 -1.100367 -0.009346 -0.884832 0.000954
data -0.363737 0.415618 -1.100367 -0.008965 -0.879873 0.000572
data -0.363737 0.415999 -1.100367 -0.008202 -0.872244 0.000954
data -0.363737 0.415999 -1.100367 -0.008202 -0.872244 0.000954
data -0.363737 0.416762 -1.100367 -0.007057 -0.863852 0.000954
data -0.363737 0.417144 -1.100367 -0.006294 -0.858511 0.000572
data -0.363737 0.417525 -1.100367 -0.005531 -0.854315 0.000572
data -0.363737 0.418288 -1.100367 -0.004768 -0.849737 0.000572
data -0.363737 0.418288 -1.100367 -0.004005 -0.845922 0.000954
data -0.363737 0.418288 -1.100367 -0.004005 -0.845922 0.000954
data -0.363737 0.418288 -1.100367 -0.004005 -0.845922 0.000954
data -0.363737 0.419433 -1.100367 -0.002098 -0.834096 0.000954
data -0.363737 0.419433 -1.100367 -0.002098 -0.834096 0.000954
data -0.363737 0.420196 -1.100367 0.000191 -0.825704 0.000954
data -0.363737 0.420577 -1.100367 0.000954 -0.819219 0.000954
data -0.363737 0.420959 -1.100367 0.001717 -0.815022 0.000954
data -0.363737 0.421340 -1.100367 0.002480 -0.810826 0.000572
data -0.363737 0.421340 -1.100367 0.002480 -0.810826 0.000572
data -0.363737 0.422484 -1.100367 0.003624 -0.803578 0.000954
data -0.363737 0.422866 -1.100367 0.004768 -0.798238 0.000954
data -0.363737 0.423247 -1.100367 0.005150 -0.794805 0.000572
data -0.363737 0.423629 -1.100748 0.005913 -0.790990 0.000572
data -0.363737 0.424010 -1.100748 0.006294 -0.787557 0.000954
data -0.363737 0.424392 -1.100748 0.007057 -0.784123 0.000954
data -0.363737 0.424773 -1.100748 0.007439 -0.779926 0.000954
data -0.363737 0.424773 -1.100748 0.007439 -0.779926 0.000954
data -0.363737 0.424773 -1.100748 0.007439 -0.779926 0.000954
data -0.363737 0.425918 -1.100748 0.009346 -0.769245 0.000954
data -0.363737 0.426299 -1.100748 0.009727 -0.765812 0.000954
data -0.363737 0.426681 -1.100748 0.009727 -0.765812 0.000954
data -0.363737 0.426681 -1.100748 0.010490 -0.758945 0.000954
data -0.363737 0.427062 -1.100748 0.010872 -0.755512 0.000954
data -0.363737 0.427444 -1.100748 0.011635 -0.752842 0.000954
data -0.363737 0.428206 -1.100748 0.012398 -0.747883 0.000954
data -0.363737 0.428206 -1.100748 0.012398 -0.747883 0.000954
data -0.363737 0.428969 -1.100748 0.013542 -0.742542 0.000954
data -0.363737 0.429351 -1.100748 0.014687 -0.739872 0.000954
data -0.363737 0.429732 -1.100748 0.015068 -0.736439 0.000954
data -0.363737 0.430114 -1.100748 0.015831 -0.734150 0.000954
data -0.363737 0.430495 -1.100748 0.016594 -0.731098 0.000954
data -0.363737 0.430495 -1.100748 0.016594 -0.731098 0.000954
data -0.363737 0.431640 -1.100748 0.018120 -0.724232 0.000954
data -0.363737 0.432403 -1.100748 0.019264 -0.720036 0.000954
data -0.363737 0.432784 -1.100748 0.019646 -0.720036 0.000954
data -0.363737 0.432784 -1.100748 0.019646 -0.717746 0.000954
data -0.363737 0.433928 -1.100748 0.021172 -0.712787 0.000572
data -0.363737 0.433928 -1.100748 0.021172 -0.712787 0.000572
data -0.363737 0.435073 -1.100748 0.021172 -0.712787 0.000572
data -0.363737 0.435073 -1.100748 0.023460 -0.705157 0.000954
data -0.363737 0.435073 -1.100748 0.023460 -0.705157 0.000954
data -0.363737 0.436217 -1.100748 0.026131 -0.699817 0.000954
data -0.363737 0.436980 -1.100748 0.026894 -0.694858 0.000954
data -0.363737 0.437362 -1.100748 0.027657 -0.692187 0.000954
data -0.363737 0.437743 -1.100748 0.028038 -0.689898 0.000954
data -0.363737 0.438125 -1.100748 0.028801 -0.687610 0.000954
data -0.363737 0.438125 -1.100748 0.028801 -0.687610 0.000954
data -0.363737 0.439651 -1.100748 0.031854 -0.684558 0.000954
data -0.363737 0.439651 -1.100748 0.031854 -0.684558 0.000954
data -0.363737 0.439651 -1.100748 0.031854 -0.678836 0.000954
data -0.363737 0.439651 -1.100748 0.031854 -0.678836 0.000954
data -0.363737 0.441176 -1.100748 0.033761 -0.671588 0.000954
data -0.363737 0.441558 -1.100748 0.034524 -0.669299 0.000954
data -0.363737 0.442321 -1.100748 0.035287 -0.669299 0.000954
data -0.363737 0.442702 -1.100748 0.036050 -0.665103 0.000954
data -0.363737 0.442702 -1.100748 0.036050 -0.665103 0.000954
data -0.363737 0.442702 -1.100748 0.036050 -0.665103 0.000954
data -0.363737 0.444228 -1.100748 0.037957 -0.657855 0.000954
data -0.363737 0.444610 -1.100748 0.037957 -0.657855 0.000954
data -0.363737 0.444991 -1.100748 0.039483 -0.653276 0.000954
data -0.363737 0.445373 -1.100748 0.040246 -0.651369 0.000954
data -0.363737 0.446136 -1.100748 0.041009 -0.649843 0.000954
data -0.363737 0.446136 -1.100748 0.041009 -0.649843 0.000954
data -0.363737 0.447280 -1.100748 0.041009 -0.649843 0.000954
data -0.363737 0.448043 -1.100748 0.043679 -0.642595 0.000954
data -0.363737 0.448806 -1.100748 0.044442 -0.642595 0.000954
data -0.363737 0.449569 -1.100748 0.044824 -0.639162 0.000954
data -0.363737 0.450332 -1.100748 0.045587 -0.637255 0.000954
data -0.363737 0.450713 -1.100748 0.045968 -0.637255 0.000954
data -0.363737 0.451476 -1.100748 0.046731 -0.633821 0.000954
data -0.363737 0.452621 -1.100748 0.046731 -0.633821 0.000954
data -0.363737 0.453002 -1.100748 0.048257 -0.630007 0.000954
data -0.363737 0.453765 -1.100748 0.048638 -0.627718 0.000954
data -0.363737 0.454146 -1.100748 0.049020 -0.625811 0.000954
data -0.363737 0.454909 -1.100748 0.049020 -0.625811 0.000954
data -0.363737 0.455672 -1.100748 0.050546 -0.623140 0.000954
data -0.363737 0.456435 -1.100748 0.051309 -0.621233 0.000954
data -0.363737 0.456817 -1.100748 0.051690 -0.620089 0.000954
data -0.363737 0.456817 -1.100748 0.051690 -0.620089 0.000954
data -0.363737 0.457961 -1.100748 0.051690 -0.620089 0.000954
data -0.363737 0.458724 -1.100748 0.053597 -0.615511 0.000954
data -0.363737 0.459105 -1.100748 0.053979 -0.613985 0.000954
data -0.363737 0.459487 -1.100748 0.054360 -0.612841 0.000954
data -0.363737 0.459868 -1.100748 0.054742 -0.611315 0.000954
data -0.363737 0.459868 -1.100748 0.054742 -0.611315 0.000954
data -0.363737 0.461013 -1.100748 0.055123 -0.609026 0.000954
data -0.363737 0.461013 -1.100748 0.055123 -0.609026 0.000954
data -0.363737 0.461013 -1.100748 0.055123 -0.609026 0.000954
data -0.363737 0.462920 -1.100748 0.056268 -0.609026 0.000954
data -0.363737 0.463683 -1.100748 0.056649 -0.604067 0.000954
data -0.363737 0.464446 -1.100748 0.057031 -0.603304 0.000954
data -0.363737 0.465209 -1.100748 0.057412 -0.602160 0.000954
data -0.363737 0.465590 -1.100748 0.057412 -0.601015 0.000954
data -0.363737 0.467116 -1.100748 0.057412 -0.601015 0.000954
data -0.363737 0.467879 -1.100748 0.057794 -0.598726 0.000954
data -0.363737 0.468261 -1.100748 0.057794 -0.597200 0.000954
data -0.363737 0.468261 -1.100748 0.057794 -0.597200 0.000954
data -0.363737 0.469788 -1.100748 0.057794 -0.595675 0.000954
data -0.363737 0.470551 -1.100748 0.057794 -0.594149 0.000954
data -0.363737 0.471313 -1.100748 0.057794 -0.594149 0.000954
data -0.363737 0.472076 -1.100748 0.057794 -0.592240 0.000954
data -0.363737 0.472076 -1.100748 0.057794 -0.592240 0.000954
data -0.363737 0.473221 -1.100748 0.057794 -0.592240 0.000954
data -0.363737 0.473984 -1.100748 0.058175 -0.590714 0.000954
data -0.363737 0.474747 -1.100748 0.058175 -0.588807 0.000954
data -0.363737 0.475510 -1.100748 0.058175 -0.588044 0.000954
data -0.363737 0.475891 -1.100748 0.058175 -0.588044 0.000954
data -0.363737 0.476273 -1.100748 0.058175 -0.586900 0.000954
data -0.363737 0.477036 -1.100748 0.058175 -0.585755 0.000572
data -0.363737 0.478943 -1.100748 0.058557 -0.585755 0.000572
data -0.363737 0.479706 -1.100748 0.058938 -0.583085 0.000954
data -0.363737 0.480087 -1.100748 0.058938 -0.582322 0.000954
data -0.363737 0.480850 -1.100748 0.058938 -0.582322 0.000954
data -0.363737 0.480850 -1.100748 0.058938 -0.581559 0.000954
data -0.363737 0.480850 -1.100748 0.058938 -0.581559 0.000954
data -0.363737 0.483139 -1.100748 0.059319 -0.579270 0.000954
data -0.363737 0.483139 -1.100748 0.059319 -0.579270 0.000954
data -0.363737 0.483902 -1.100748 0.059319 -0.578507 0.000954
data -0.363737 0.485428 -1.100748 0.059319 -0.576982 0.000954
data -0.363737 0.485809 -1.100748 0.059701 -0.576600 0.000954
data -0.363737 0.485809 -1.100748 0.059701 -0.576600 0.000954
data -0.363737 0.486954 -1.100748 0.059701 -0.575456 0.000954
data -0.363737 0.488098 -1.100748 0.060082 -0.574311 0.000954
data -0.363737 0.489243 -1.100748 0.060082 -0.573548 0.000954
data -0.363737 0.490005 -1.100748 0.060464 -0.573548 0.000954
data -0.363737 0.490387 -1.100748 0.060464 -0.572022 0.000954
data -0.363737 0.491150 -1.100748 0.060464 -0.571641 0.000954
data -0.363737 0.491531 -1.100748 0.060845 -0.570878 0.000954
data -0.363737 0.492294 -1.100748 0.060845 -0.570115 0.000954
data -0.363737 0.492676 -1.100748 0.060845 -0.570115 0.000954
data -0.363737 0.493057 -1.100748 0.061227 -0.569352 0.000954
data -0.363737 0.493057 -1.100748 0.061227 -0.569352 0.000954
data -0.363737 0.494202 -1.100748 0.061227 -0.569352 0.000954
data -0.363737 0.494965 -1.100748 0.061608 -0.568208 0.000954
data -0.363737 0.495346 -1.100748 0.061990 -0.567063 0.000954
data -0.363737 0.496109 -1.100748 0.061990 -0.567063 0.000954
data -0.363737 0.496490 -1.100748 0.062371 -0.566682 0.000954
data -0.363737 0.497253 -1.100748 0.062371 -0.566300 0.000954
data -0.363737 0.498016 -1.100748 0.062753 -0.565919 0.000954
data -0.363737 0.498016 -1.100748 0.062753 -0.565919 0.000954
data -0.363737 0.499542 -1.100748 0.062753 -0.565919 0.000954
data -0.363737 0.500305 -1.100748 0.062753 -0.565919 0.000954
data -0.363737 0.501068 -1.100748 0.063134 -0.564775 0.000954
data -0.363737 0.501831 -1.100748 0.062753 -0.564393 0.000954
data -0.363737 0.502594 -1.100748 0.062753 -0.564012 0.000954
data -0.363737 0.503357 -1.100748 0.062753 -0.564012 0.000954
data -0.363737 0.504120 -1.100748 0.062753 -0.563630 0.000572
data -0.363737 0.504120 -1.100748 0.062753 -0.563630 0.000572
data -0.363737 0.505646 -1.100748 0.062753 -0.563249 0.000572
data -0.363737 0.506027 -1.100748 0.062753 -0.562867 0.000572
data -0.363737 0.506027 -1.100748 0.062753 -0.562867 0.000572
data -0.363737 0.507553 -1.100748 0.062753 -0.562486 0.000572
data -0.363737 0.507935 -1.100748 0.062753 -0.562486 0.000954
data -0.363737 0.508316 -1.100748 0.062753 -0.562104 0.000572
data -0.363737 0.509079 -1.100748 0.062753 -0.562104 0.000954
data -0.363737 0.509079 -1.100748 0.062753 -0.562104 0.000954
data -0.363737 0.509079 -1.100748 0.062753 -0.562104 0.000954
data -0.363356 0.510605 -1.100748 0.063134 -0.561723 0.000954
data -0.363356 0.511368 -1.100748 0.063134 -0.561341 0.000954
data -0.363356 0.511749 -1.100748 0.063134 -0.561341 0.000954
data -0.363356 0.512512 -1.100748 0.063516 -0.561341 0.000954
data -0.363356 0.513275 -1.100748 0.063516 -0.560960 0.000954
data -0.363356 0.513657 -1.100748 0.063516 -0.560578 0.000954
data -0.363356 0.513657 -1.100748 0.063516 -0.560578 0.000954
data -0.363356 0.515182 -1.100748 0.063897 -0.560197 0.000954
data -0.363356 0.515945 -1.100748 0.064279 -0.559815 0.000954
data -0.362974 0.516708 -1.100748 0.064279 -0.559815 0.000954
data -0.362974 0.517471 -1.100748 0.064279 -0.559434 0.000954
data -0.362974 0.517853 -1.100748 0.064279 -0.559052 0.000954
data -0.362974 0.517853 -1.100748 0.064279 -0.559052 0.000954
data -0.362593 0.519379 -1.100748 0.064660 -0.558290 0.000954
data -0.362593 0.519379 -1.100748 0.064660 -0.558290 0.000954
data -0.362593 0.519379 -1.100748 0.064660 -0.558290 0.000954
data -0.362211 0.521286 -1.100748 0.064660 -0.557527 0.000954
data -0.362211 0.522430 -1.100748 0.065042 -0.557145 0.000954
data -0.361830 0.523193 -1.100748 0.065042 -0.557145 0.000954
data -0.361830 0.523956 -1.100748 0.065042 -0.556382 0.000954
data -0.361830 0.524338 -1.100748 0.065042 -0.556382 0.000954
data -0.361448 0.525101 -1.100748 0.065042 -0.556001 0.000954
data -0.361448 0.525101 -1.100748 0.065042 -0.556001 0.000954
data -0.361448 0.526245 -1.100748 0.065423 -0.556001 0.000954
data -0.361448 0.526627 -1.100748 0.065804 -0.555238 0.000954
data -0.361448 0.527390 -1.100748 0.066186 -0.554856 0.000954
data -0.361448 0.528152 -1.100748 0.066186 -0.554475 0.000954
data -0.361448 0.528534 -1.100748 0.066567 -0.554475 0.000954
data -0.361448 0.529297 -1.100748 0.066567 -0.554093 0.000954
data -0.361448 0.530441 -1.100748 0.067330 -0.553712 0.000954
data -0.361448 0.530441 -1.100748 0.067330 -0.553712 0.000954
data -0.361448 0.531587 -1.100748 0.067712 -0.553712 0.000954
data -0.361448 0.532350 -1.100748 0.068093 -0.552567 0.000954
data -0.361448 0.533113 -1.100748 0.068093 -0.552186 0.000954
data -0.361448 0.533875 -1.100748 0.068475 -0.551805 0.000954
data -0.361448 0.534638 -1.100748 0.068856 -0.551423 0.000954
data -0.361448 0.535401 -1.100748 0.068856 -0.550660 0.000954
data -0.361448 0.536546 -1.100748 0.069238 -0.550279 0.000954
data -0.361448 0.536546 -1.100748 0.069238 -0.550279 0.000954
data -0.361448 0.538072 -1.100748 0.069238 -0.550279 0.000954
data -0.361448 0.538835 -1.100748 0.069619 -0.548753 0.000954
data -0.361448 0.539598 -1.100748 0.069619 -0.547990 0.000954
data -0.361448 0.540360 -1.100748 0.069619 -0.547990 0.000954
data -0.361448 0.540742 -1.100748 0.069619 -0.547227 0.000954
data -0.361448 0.540742 -1.100748 0.069619 -0.547227 0.000954
data -0.361448 0.542649 -1.100748 0.070001 -0.546082 0.000572
data -0.361448 0.542649 -1.100748 0.070001 -0.546082 0.000572
data -0.361448 0.543794 -1.100748 0.070001 -0.545701 0.000954
data -0.361448 0.544557 -1.100748 0.070382 -0.544938 0.000954
data -0.361448 0.544557 -1.100748 0.070382 -0.544938 0.000954
data -0.361448 0.545701 -1.100748 0.070382 -0.544557 0.000954
data -0.361448 0.546845 -1.100748 0.070764 -0.544175 0.000954
data -0.361448 0.547608 -1.100748 0.070764 -0.544175 0.000954
data -0.361448 0.547608 -1.100748 0.070764 -0.544175 0.000954
data -0.361448 0.549516 -1.100748 0.071527 -0.542649 0.000954
data -0.361448 0.550279 -1.100748 0.071527 -0.542268 0.000954
data -0.361448 0.551042 -1.100748 0.071527 -0.541886 0.000954
data -0.361448 0.551042 -1.100748 0.071527 -0.541886 0.000954
data -0.361448 0.552186 -1.100748 0.071527 -0.541123 0.000954
data -0.361067 0.553330 -1.100748 0.071908 -0.540360 0.000954
data -0.361067 0.554475 -1.100748 0.071908 -0.539979 0.000954
data -0.361067 0.554475 -1.100748 0.071908 -0.539979 0.000954
data -0.361067 0.556001 -1.100748 0.072289 -0.539216 0.000954
data -0.361067 0.557145 -1.100748 0.072289 -0.538835 0.000954
data -0.361067 0.557908 -1.100748 0.072289 -0.538453 0.000954
data -0.361067 0.558290 -1.100748 0.072671 -0.538453 0.000954
data -0.360685 0.559052 -1.100748 0.072671 -0.538072 0.000954
data -0.360685 0.559815 -1.100748 0.072671 -0.537690 0.000954
data -0.360685 0.560578 -1.100748 0.073052 -0.537309 0.000954
data -0.360685 0.560578 -1.100748 0.073052 -0.537309 0.000954
data -0.360685 0.560578 -1.100748 0.073052 -0.537309 0.000954
data -0.360685 0.562867 -1.100748 0.073434 -0.536927 0.000572
data -0.360685 0.563249 -1.100748 0.073815 -0.536927 0.000954
data -0.360685 0.564012 -1.100748 0.073815 -0.536546 0.000954
data -0.360304 0.565156 -1.100748 0.074197 -0.536546 0.000954
data -0.360304 0.565919 -1.100748 0.074578 -0.536164 0.000954
data -0.360304 0.566682 -1.100748 0.074578 -0.536164 0.000954
data -0.359922 0.567445 -1.100748 0.074960 -0.535783 0.000954
data -0.359922 0.568589 -1.100748 0.075341 -0.535401 0.000954
data -0.359922 0.568589 -1.100748 0.075341 -0.535401 0.000954
data -0.359541 0.570115 -1.100748 0.075341 -0.535401 0.000954
data -0.359541 0.571259 -1.100748 0.076104 -0.534638 0.000954
data -0.359541 0.572022 -1.100748 0.076486 -0.534257 0.000954
data -0.359159 0.572785 -1.100748 0.076486 -0.533875 0.000954
data -0.359159 0.573548 -1.100748 0.076867 -0.533494 0.000954
data -0.359159 0.574311 -1.100748 0.077249 -0.533113 0.000954
data -0.359159 0.574311 -1.100748 0.077249 -0.533113 0.000954
data -0.358778 0.575456 -1.100748 0.077630 -0.532731 0.000954
data -0.358778 0.576600 -1.100748 0.078012 -0.532350 0.000954
data -0.358778 0.577363 -1.100748 0.078012 -0.532350 0.000954
data -0.358778 0.578126 -1.100748 0.078393 -0.532350 0.000954
data -0.358778 0.578889 -1.100748 0.078774 -0.531968 0.000954
data -0.358778 0.580415 -1.100748 0.079156 -0.531968 0.000954
data -0.358397 0.580415 -1.100748 0.079156 -0.531968 0.000954
data -0.358397 0.580415 -1.100748 0.079156 -0.531968 0.000954
data -0.358397 0.583085 -1.100748 0.079537 -0.531587 0.000954
data -0.358015 0.583848 -1.100748 0.079537 -0.530823 0.000954
data -0.358015 0.584611 -1.100748 0.079919 -0.530823 0.000954
data -0.358015 0.585374 -1.100748 0.079919 -0.530441 0.000954
data -0.357634 0.586518 -1.100748 0.079919 -0.530060 0.000954
data -0.357634 0.586518 -1.100748 0.079919 -0.530060 0.000954
data -0.357634 0.588426 -1.100748 0.080300 -0.529678 0.000954
data -0.357252 0.589189 -1.100748 0.080300 -0.529678 0.000954
data -0.357252 0.589952 -1.100748 0.080300 -0.528915 0.000572
data -0.357252 0.590714 -1.100748 0.080300 -0.528915 0.000572
data -0.356871 0.591477 -1.100748 0.080300 -0.528534 0.000954
data -0.356871 0.592240 -1.100748 0.080300 -0.528534 0.000954
data -0.356871 0.594149 -1.100748 0.080300 -0.528534 0.000954
data -0.356871 0.594149 -1.100748 0.080682 -0.527771 0.000954
data -0.356871 0.595293 -1.100748 0.080682 -0.527390 0.000954
data -0.356871 0.596056 -1.100748 0.081063 -0.527390 0.000954
data -0.356871 0.596819 -1.100748 0.081063 -0.527008 0.000954
data -0.356871 0.597582 -1.100748 0.081063 -0.527008 0.000954
data -0.356489 0.598345 -1.100748 0.081063 -0.526627 0.000954
data -0.356489 0.599108 -1.100748 0.081063 -0.526245 0.000954
data -0.356489 0.599108 -1.100748 0.081063 -0.526245 0.000954
data -0.356489 0.599108 -1.100748 0.081063 -0.526245 0.000954
data -0.356489 0.602541 -1.100748 0.081063 -0.524719 0.000954
data -0.356489 0.603304 -1.100748 0.081063 -0.524338 0.000954
data -0.356489 0.603304 -1.100748 0.081063 -0.524338 0.000954
data -0.356108 0.605211 -1.100748 0.081063 -0.523575 0.000572
data -0.356108 0.605211 -1.100748 0.081063 -0.523575 0.000572
data -0.356108 0.606737 -1.100748 0.081063 -0.522430 0.000954
data -0.356108 0.606737 -1.100748 0.081063 -0.522430 0.000954
data -0.356108 0.606737 -1.100748 0.081063 -0.522430 0.000954
data -0.355726 0.609789 -1.100748 0.081063 -0.521286 0.000954
data -0.355726 0.610552 -1.100748 0.081063 -0.520905 0.000954
data -0.355345 0.611315 -1.100748 0.081063 -0.520905 0.000954
data -0.355345 0.612459 -1.100748 0.081063 -0.520142 0.000954
data -0.355345 0.613222 -1.100748 0.081445 -0.520142 0.000954
data -0.355345 0.613985 -1.100748 0.081445 -0.519760 0.000954
data -0.354963 0.615892 -1.100748 0.081445 -0.519760 0.000954
data -0.354963 0.615892 -1.100748 0.081445 -0.519379 0.000954
data -0.355345 0.617418 -1.100748 0.081063 -0.518997 0.000954
data -0.355345 0.618181 -1.100748 0.081063 -0.518616 0.000954
data -0.355345 0.618944 -1.100748 0.081063 -0.518234 0.000572
data -0.355345 0.619707 -1.100748 0.081063 -0.518234 0.000572
data -0.355345 0.620470 -1.100748 0.081063 -0.517853 0.000954
data -0.355345 0.620470 -1.100748 0.081063 -0.517853 0.000954
data -0.355345 0.620470 -1.100748 0.081063 -0.517853 0.000954
data -0.355345 0.623522 -1.100748 0.081063 -0.517090 0.000954
data -0.355345 0.624285 -1.100748 0.081063 -0.517090 0.000954
data -0.355345 0.625048 -1.100748 0.081063 -0.516708 0.000954
data -0.355345 0.625811 -1.100748 0.081063 -0.516327 0.000954
data -0.355345 0.625811 -1.100748 0.081063 -0.516327 0.000954
data -0.355345 0.625811 -1.100748 0.081063 -0.516327 0.000954
data -0.355345 0.628862 -1.100748 0.081063 -0.515945 0.000954
data -0.355345 0.628862 -1.100748 0.081063 -0.515945 0.000954
data -0.355345 0.630007 -1.100748 0.081445 -0.515945 0.000572
data -0.355345 0.631151 -1.100748 0.081445 -0.515945 0.000954
data -0.355345 0.632296 -1.100748 0.081445 -0.515564 0.000572
data -0.355345 0.633440 -1.100748 0.081445 -0.515564 0.000572
data -0.355345 0.633440 -1.100748 0.081445 -0.515564 0.000954
data -0.355345 0.634584 -1.100748 0.081445 -0.515564 0.000954
data -0.355345 0.637255 -1.100748 0.081445 -0.515564 0.000954
data -0.355345 0.637255 -1.100748 0.081063 -0.515564 0.000954
data -0.355345 0.638399 -1.100748 0.081063 -0.515564 0.000954
data -0.355345 0.639544 -1.100748 0.081063 -0.515564 0.000954
data -0.355345 0.640306 -1.100748 0.081063 -0.515564 0.000954
data -0.355345 0.640688 -1.100748 0.081063 -0.515564 0.000954
data -0.355345 0.640688 -1.100748 0.081063 -0.515564 0.000954
data -0.355345 0.642214 -1.100748 0.081063 -0.515564 0.000954
data -0.355345 0.643358 -1.100748 0.081063 -0.515564 0.000954
data -0.355345 0.643358 -1.100748 0.081063 -0.515564 0.000954
data -0.355345 0.644884 -1.100748 0.081063 -0.515564 0.000954
data -0.355345 0.646029 -1.100748 0.081445 -0.515945 0.000954
data -0.355345 0.646791 -1.100748 0.081445 -0.515945 0.000954
data -0.355345 0.647554 -1.100748 0.081445 -0.515945 0.000954
data -0.355345 0.647554 -1.100748 0.081445 -0.515945 0.000954
data -0.355345 0.647554 -1.100748 0.081445 -0.515945 0.000954
data -0.355345 0.651751 -1.100748 0.081445 -0.515945 0.000954
data -0.355345 0.652895 -1.100748 0.080682 -0.515945 0.000954
data -0.355345 0.653658 -1.100748 0.080300 -0.515945 0.000954
data -0.355345 0.654039 -1.100748 0.079919 -0.515945 0.000954
data -0.355345 0.655184 -1.100748 0.079537 -0.515945 0.000954
data -0.355345 0.655565 -1.100748 0.079537 -0.516327 0.000954
data -0.355345 0.655565 -1.100748 0.079537 -0.516327 0.000954
data -0.355345 0.657092 -1.100748 0.078774 -0.516327 0.000954
data -0.355345 0.657474 -1.100748 0.078774 -0.516327 0.000954
data -0.355345 0.658237 -1.100748 0.078774 -0.516327 0.000954
data -0.354963 0.658999 -1.100748 0.078774 -0.516327 0.000954
data -0.354963 0.658999 -1.100748 0.078774 -0.516327 0.000954
data -0.354963 0.659762 -1.100748 0.078393 -0.516327 0.000954
data -0.354963 0.660525 -1.100748 0.078393 -0.516327 0.000954
data -0.354963 0.660525 -1.100748 0.078393 -0.516327 0.000954
data -0.354963 0.661670 -1.100748 0.078393 -0.516708 0.000954
data -0.354963 0.662051 -1.100748 0.078012 -0.516708 0.000954
data -0.354963 0.662433 -1.100748 0.078012 -0.516708 0.000954
data -0.354963 0.663196 -1.100748 0.078012 -0.516708 0.000954
data -0.354963 0.663577 -1.100748 0.077249 -0.516708 0.000954
data -0.354963 0.663959 -1.100748 0.077249 -0.516708 0.000954
data -0.354963 0.664340 -1.100748 0.077249 -0.516708 0.000954
data -0.354582 0.665103 -1.100748 0.077249 -0.516708 0.000954
data -0.354582 0.665103 -1.100748 0.076486 -0.516708 0.000954
data -0.354582 0.665866 -1.100748 0.076486 -0.516708 0.000954
data -0.354582 0.666247 -1.100748 0.076486 -0.516708 0.000954
data -0.354200 0.666629 -1.100748 0.076104 -0.516708 0.000954
data -0.354200 0.667392 -1.100748 0.076104 -0.516708 0.000954
data -0.354200 0.667773 -1.100748 0.076104 -0.516708 0.000954
data -0.353819 0.667773 -1.100748 0.075723 -0.516708 0.000954
data -0.353819 0.667773 -1.100748 0.075723 -0.516708 0.000954
data -0.353437 0.668536 -1.100748 0.075723 -0.516708 0.000954
data -0.353437 0.668918 -1.100748 0.075723 -0.516708 0.000954
data -0.353056 0.669299 -1.100748 0.075723 -0.516708 0.000954
data -0.353056 0.669681 -1.100748 0.075723 -0.517090 0.000954
data -0.353056 0.669681 -1.100748 0.075723 -0.517090 0.000954
data -0.352674 0.670062 -1.100748 0.075723 -0.517090 0.000954
data -0.352674 0.670444 -1.100748 0.075723 -0.517090 0.000954
data -0.352674 0.670444 -1.100748 0.075723 -0.517090 0.000954
data -0.352293 0.670825 -1.100748 0.075723 -0.517471 0.000954
data -0.352293 0.671206 -1.100748 0.076104 -0.517853 0.000954
data -0.352293 0.671206 -1.100748 0.076104 -0.517853 0.000954
data -0.352293 0.671588 -1.100748 0.076104 -0.518616 0.000954
data -0.352293 0.671588 -1.100748 0.076104 -0.518616 0.000954
data -0.352293 0.671588 -1.100748 0.076104 -0.518997 0.000954
data -0.352293 0.671588 -1.100748 0.076104 -0.519379 0.000954
data -0.352293 0.671588 -1.100748 0.076104 -0.519379 0.000954
data -0.352293 0.671588 -1.100748 0.076104 -0.519379 0.000954
data -0.352293 0.672351 -1.100748 0.076104 -0.522049 0.000954
data -0.352293 0.672351 -1.100748 0.076104 -0.522049 0.000954
data -0.352293 0.672351 -1.100748 0.075723 -0.523575 0.000954
data -0.352293 0.672351 -1.100748 0.075723 -0.523575 0.000954
data -0.351912 0.672732 -1.100748 0.075723 -0.525101 0.000954
data -0.351912 0.672732 -1.100748 0.075723 -0.525864 0.000954
data -0.351912 0.672732 -1.100748 0.075723 -0.525864 0.000954
data -0.351912 0.672732 -1.100748 0.075723 -0.525864 0.000954
data -0.351912 0.672732 -1.100748 0.075341 -0.528915 0.000954
data -0.351912 0.672732 -1.100748 0.075341 -0.529678 0.000954
data -0.351912 0.672732 -1.100748 0.075341 -0.529678 0.000954
data -0.351912 0.672732 -1.100748 0.075341 -0.529678 0.000954
data -0.351530 0.673114 -1.100748 0.074960 -0.533113 0.000954
data -0.351530 0.673114 -1.100748 0.074960 -0.533113 0.000954
data -0.351530 0.673114 -1.100748 0.074578 -0.535783 0.000954
data -0.351149 0.673114 -1.100748 0.074578 -0.535783 0.000954
data -0.351149 0.673114 -1.100748 0.073815 -0.539216 0.000954
data -0.351149 0.673114 -1.100748 0.073815 -0.540742 0.000954
data -0.350767 0.673114 -1.100748 0.073434 -0.542649 0.000954
data -0.350767 0.673114 -1.100748 0.073052 -0.544557 0.000954
data -0.350767 0.673114 -1.100748 0.072671 -0.546464 0.000954
data -0.350386 0.673114 -1.100748 0.072289 -0.548371 0.000954
data -0.350386 0.673114 -1.100748 0.072289 -0.548371 0.000954
data -0.350386 0.673114 -1.100748 0.071527 -0.548371 0.000954
data -0.350386 0.673114 -1.100748 0.071527 -0.552567 0.000954
data -0.350386 0.673114 -1.100748 0.070382 -0.557908 0.000954
data -0.350386 0.673114 -1.100748 0.069619 -0.557908 0.000954
data -0.350386 0.673114 -1.100748 0.069238 -0.563249 0.000954
data -0.350386 0.672732 -1.100748 0.068475 -0.565537 0.000954
data -0.350386 0.672732 -1.100748 0.068475 -0.565537 0.000954
data -0.350386 0.672732 -1.100748 0.068475 -0.565537 0.000954
data -0.350386 0.672732 -1.100748 0.068475 -0.565537 0.000954
data -0.350386 0.672732 -1.100748 0.066186 -0.574693 0.000954
data -0.350386 0.672732 -1.100748 0.064660 -0.581559 0.000954
data -0.350386 0.672732 -1.100748 0.063897 -0.584611 0.000954
data -0.350386 0.672732 -1.100748 0.063897 -0.584611 0.000954
data -0.350386 0.672732 -1.100748 0.063897 -0.584611 0.000954
data -0.350386 0.672732 -1.100748 0.061608 -0.591859 0.000954
data -0.350386 0.672732 -1.100748 0.061608 -0.591859 0.000954
data -0.350386 0.672351 -1.100748 0.058938 -0.601778 0.000954
data -0.350386 0.672351 -1.100748 0.058938 -0.601778 0.000954
data -0.350386 0.671969 -1.100748 0.058938 -0.601778 0.000954
data -0.350386 0.671969 -1.100748 0.058938 -0.601778 0.000954
data -0.350386 0.671969 -1.100748 0.055886 -0.611315 0.000954
data -0.350386 0.671588 -1.100748 0.052453 -0.622759 0.000954
data -0.350386 0.671588 -1.100748 0.049020 -0.635347 0.000954
data -0.350386 0.671588 -1.100748 0.047875 -0.639162 0.000954
data -0.350386 0.671588 -1.100748 0.046731 -0.643358 0.000954
data -0.350386 0.671588 -1.100748 0.045587 -0.647936 0.000954
data -0.350386 0.671206 -1.100748 0.044061 -0.652514 0.000954
data -0.350386 0.671206 -1.100748 0.042916 -0.656711 0.000954
data -0.350386 0.670825 -1.100748 0.040627 -0.664340 0.000954
data -0.350386 0.670825 -1.100748 0.040627 -0.664340 0.000954
data -0.350386 0.670825 -1.100748 0.038720 -0.670444 0.000954
data -0.350386 0.670444 -1.100748 0.038720 -0.670444 0.000954
data -0.350004 0.670444 -1.100748 0.034905 -0.683414 0.000954
data -0.350004 0.670062 -1.100748 0.034905 -0.683414 0.000954
data -0.350004 0.670062 -1.100748 0.031854 -0.692950 0.000954
data -0.350004 0.669681 -1.100748 0.030327 -0.698291 0.000954
data -0.349623 0.669681 -1.100748 0.027657 -0.707065 0.000954
data -0.349623 0.669681 -1.100748 0.027657 -0.707065 0.000954
data -0.349241 0.669299 -1.100748 0.024986 -0.715457 0.000954
data -0.348860 0.669299 -1.100748 0.024986 -0.715457 0.000954
data -0.348860 0.669299 -1.100748 0.021553 -0.727665 0.000954
data -0.348478 0.668918 -1.100748 0.019646 -0.733387 0.000954
data -0.348097 0.668918 -1.100748 0.019646 -0.733387 0.000954
data -0.348097 0.668536 -1.100748 0.015831 -0.742542 0.000954
data -0.348097 0.668536 -1.100748 0.013924 -0.751698 0.000954
data -0.348097 0.668536 -1.100748 0.013924 -0.751698 0.000954
data -0.348097 0.668536 -1.100748 0.013924 -0.751698 0.000954
data -0.347334 0.667773 -1.100748 0.008202 -0.770390 0.000954
data -0.347334 0.667392 -1.100748 0.006294 -0.776875 0.000954
data -0.346952 0.667392 -1.100748 0.004387 -0.783360 0.000954
data -0.346952 0.667392 -1.100748 0.002861 -0.788320 0.000954
data -0.346571 0.667010 -1.100748 0.000954 -0.794042 0.000954
data -0.346571 0.667010 -1.100748 0.000954 -0.794042 0.000954
data -0.346189 0.666629 -1.100748 0.000954 -0.794042 0.000954
data -0.346189 0.666247 -1.100748 -0.005150 -0.815022 0.000954
data -0.345808 0.665866 -1.100748 -0.006676 -0.820745 0.000954
data -0.345808 0.665866 -1.100748 -0.008202 -0.827229 0.000954
data -0.345427 0.665484 -1.100748 -0.008202 -0.827229 0.000954
data -0.345427 0.665103 -1.100367 -0.012016 -0.839818 0.000954
data -0.345427 0.664721 -1.100367 -0.013924 -0.846304 0.000954
data -0.345427 0.664721 -1.100367 -0.013924 -0.846304 0.000954
data -0.345045 0.664340 -1.100367 -0.017357 -0.858130 0.000954
data -0.345045 0.663959 -1.100367 -0.020409 -0.867285 0.000954
data -0.344664 0.663577 -1.100367 -0.022697 -0.873770 0.000954
data -0.344664 0.663196 -1.100367 -0.024223 -0.879492 0.000954
data -0.344282 0.662814 -1.100367 -0.025749 -0.885214 0.000954
data -0.344282 0.662433 -1.100367 -0.027657 -0.892080 0.000954
data -0.343901 0.662433 -1.100367 -0.027657 -0.892080 0.000954
data -0.343901 0.661670 -1.100367 -0.031854 -0.906195 0.000954
data -0.343518 0.661288 -1.100367 -0.032998 -0.910010 0.000954
data -0.343518 0.660907 -1.100367 -0.035287 -0.910010 0.000954
data -0.343518 0.660525 -1.100367 -0.037194 -0.925269 0.000954
data -0.343137 0.660144 -1.100367 -0.039102 -0.931754 0.000954
data -0.343137 0.659762 -1.100367 -0.039102 -0.931754 0.000954
data -0.343137 0.659762 -1.100367 -0.039102 -0.931754 0.000954
data -0.342755 0.658618 -1.100367 -0.044824 -0.945868 0.000954
data -0.342755 0.658618 -1.100367 -0.044824 -0.945868 0.000954
data -0.342374 0.657855 -1.100367 -0.047875 -0.965705 0.000954
data -0.342374 0.657855 -1.100367 -0.047875 -0.965705 0.000954
data -0.341992 0.657092 -1.100367 -0.050927 -0.977531 0.000954
data -0.341611 0.656329 -1.100367 -0.053216 -0.987450 0.000954
data -0.341611 0.655947 -1.100367 -0.054360 -0.993172 0.000954
data -0.341611 0.655565 -1.100367 -0.055886 -0.999275 0.000954
data -0.341611 0.654802 -1.100367 -0.057412 -1.006142 0.000954
data -0.341611 0.654802 -1.100367 -0.057412 -1.006142 0.000954
data -0.341229 0.654039 -1.100367 -0.060082 -1.018730 0.000954
data -0.341229 0.652895 -1.100367 -0.061990 -1.028648 0.000954
data -0.340848 0.652514 -1.100367 -0.063516 -1.034371 0.000954
data -0.340848 0.651751 -1.100367 -0.064660 -1.040856 0.000954
data -0.340848 0.651369 -1.100367 -0.066186 -1.048104 0.000954
data -0.340466 0.650606 -1.100367 -0.066949 -1.053063 0.000954
data -0.340466 0.650225 -1.100367 -0.068856 -1.061456 0.000954
data -0.340466 0.650225 -1.100367 -0.068856 -1.061456 0.000954
data -0.340085 0.649080 -1.100367 -0.070764 -1.071374 0.000954
data -0.339704 0.648317 -1.100367 -0.072671 -1.082055 0.000954
data -0.339704 0.648317 -1.100367 -0.072671 -1.082055 0.000954
data -0.339322 0.647173 -1.100367 -0.075341 -1.091592 0.000954
data -0.339322 0.646791 -1.100367 -0.076486 -1.100748 0.000954
data -0.339322 0.646410 -1.100367 -0.077249 -1.106470 0.000954
data -0.339322 0.646410 -1.100367 -0.077249 -1.106470 0.000954
data -0.338941 0.646410 -1.100367 -0.077249 -1.106470 0.000954
data -0.338941 0.644884 -1.100367 -0.080300 -1.121347 0.000954
data -0.338941 0.643740 -1.100367 -0.080300 -1.121347 0.000954
data -0.338559 0.642977 -1.100367 -0.083734 -1.140039 0.000954
data -0.338559 0.642595 -1.100367 -0.084496 -1.146906 0.000954
data -0.338178 0.641832 -1.100367 -0.084496 -1.146906 0.000954
data -0.338178 0.641451 -1.100367 -0.086404 -1.157207 0.000954
data -0.338178 0.641451 -1.100367 -0.086404 -1.157207 0.000954
data -0.337796 0.639925 -1.100367 -0.089837 -1.157207 0.000954
data -0.337796 0.639925 -1.100367 -0.089837 -1.175899 0.000954
data -0.337415 0.639925 -1.100367 -0.089837 -1.175899 0.000954
data -0.337033 0.638018 -1.100367 -0.093270 -1.185054 0.000954
data -0.337033 0.637255 -1.100367 -0.094034 -1.198787 0.000954
data -0.337033 0.636873 -1.100367 -0.095179 -1.203746 0.000954
data -0.336652 0.635347 -1.100367 -0.097849 -1.215953 0.000954
data -0.336652 0.635347 -1.100367 -0.097849 -1.215953 0.000954
data -0.336652 0.634203 -1.100367 -0.099375 -1.225491 0.000954
data -0.336270 0.633821 -1.100367 -0.100519 -1.231213 0.000954
data -0.336270 0.633059 -1.100367 -0.101664 -1.236935 0.000954
data -0.335889 0.632296 -1.100367 -0.102808 -1.243038 0.000954
data -0.335889 0.631533 -1.100367 -0.103952 -1.243038 0.000954
data -0.335889 0.630770 -1.100367 -0.105097 -1.253719 0.000954
data -0.335889 0.630770 -1.100367 -0.105097 -1.253719 0.000954
data -0.335507 0.628862 -1.100367 -0.105097 -1.253719 0.000954
data -0.335507 0.628862 -1.100367 -0.107386 -1.266689 0.000954
data -0.335126 0.627718 -1.100367 -0.108912 -1.272793 0.000954
data -0.335126 0.627337 -1.100367 -0.110056 -1.281949 0.000954
data -0.335126 0.626574 -1.100367 -0.110819 -1.286527 0.000954
data -0.335126 0.625811 -1.100367 -0.111582 -1.291104 0.000954
data -0.335126 0.625048 -1.100367 -0.112345 -1.296445 0.000954
data -0.335126 0.625048 -1.100367 -0.112345 -1.296445 0.000954
data -0.335126 0.623903 -1.100367 -0.113871 -1.305982 0.000954
data -0.335126 0.622759 -1.100367 -0.115015 -1.312848 0.000954
data -0.335126 0.621996 -1.100367 -0.115778 -1.318570 0.000954
data -0.335126 0.621233 -1.100367 -0.116159 -1.322766 0.000954
data -0.335126 0.620089 -1.100367 -0.116922 -1.328107 0.000954
data -0.335126 0.619326 -1.100367 -0.116922 -1.328107 0.000954
data -0.335126 0.618563 -1.100367 -0.118448 -1.337644 0.000954
data -0.335126 0.618563 -1.100367 -0.118448 -1.337644 0.000954
data -0.335126 0.616274 -1.100367 -0.119974 -1.349089 0.000954
data -0.335126 0.615511 -1.100367 -0.120356 -1.353666 0.000954
data -0.335126 0.615511 -1.100367 -0.120356 -1.353666 0.000954
data -0.335126 0.613985 -1.100367 -0.121500 -1.360151 0.000954
data -0.335126 0.612841 -1.100367 -0.122263 -1.367399 0.000954
data -0.335126 0.612078 -1.100367 -0.123026 -1.372358 0.000954
data -0.335126 0.610933 -1.100367 -0.123407 -1.377317 0.000954
data -0.335126 0.610933 -1.100367 -0.123407 -1.377317 0.000954
data -0.335126 0.609026 -1.100367 -0.124552 -1.386473 0.000954
data -0.335126 0.607882 -1.100367 -0.125315 -1.393339 0.000954
data -0.335126 0.607119 -1.100367 -0.125696 -1.397535 0.000954
data -0.335126 0.606356 -1.100367 -0.126078 -1.401350 0.000954
data -0.335126 0.605211 -1.100367 -0.126841 -1.401350 0.000954
data -0.335126 0.604067 -1.100367 -0.127222 -1.411651 0.000954
data -0.335126 0.603304 -1.100367 -0.127604 -1.416228 0.000954
data -0.335126 0.603304 -1.100367 -0.127604 -1.416228 0.000954
data -0.335126 0.601397 -1.100367 -0.127604 -1.416228 0.000954
data -0.335126 0.600252 -1.100367 -0.129129 -1.429961 0.000954
data -0.335507 0.599489 -1.100367 -0.129511 -1.429961 0.000954
data -0.335126 0.598345 -1.100367 -0.129892 -1.438735 0.000954
data -0.335126 0.597200 -1.100367 -0.129892 -1.438735 0.000954
data -0.335126 0.596056 -1.100367 -0.130655 -1.449035 0.000954
data -0.335507 0.594912 -1.100367 -0.131037 -1.455138 0.000954
data -0.335507 0.593385 -1.100367 -0.131037 -1.455138 0.000954
data -0.335507 0.592240 -1.100367 -0.131418 -1.465056 0.000954
data -0.335126 0.591477 -1.100367 -0.131800 -1.469635 0.000954
data -0.335507 0.590333 -1.100367 -0.131800 -1.473831 0.000954
data -0.335126 0.589570 -1.100367 -0.131800 -1.479553 0.000954
data -0.335126 0.588426 -1.100367 -0.131800 -1.482605 0.000954
data -0.335126 0.588426 -1.100367 -0.131800 -1.482605 0.000954
data -0.335507 0.586137 -1.100367 -0.132181 -1.490234 0.000954
data -0.335507 0.586137 -1.100367 -0.132181 -1.490234 0.000954
data -0.335507 0.584611 -1.100367 -0.132181 -1.499008 0.000954
data -0.335507 0.583085 -1.100367 -0.132181 -1.505875 0.000954
data -0.335507 0.583085 -1.100367 -0.132181 -1.505875 0.000954
data -0.335507 0.583085 -1.100367 -0.132181 -1.505875 0.000954
data -0.335507 0.580033 -1.100367 -0.132181 -1.514267 0.000954
data -0.335507 0.577744 -1.100367 -0.131800 -1.526474 0.000954
data -0.335507 0.576600 -1.100367 -0.131418 -1.531434 0.000954
data -0.335507 0.575837 -1.100367 -0.131418 -1.535249 0.000954
data -0.335507 0.574693 -1.100367 -0.131418 -1.539445 0.000954
data -0.335507 0.573548 -1.100367 -0.131037 -1.543641 0.000954
data -0.335507 0.572404 -1.100367 -0.131037 -1.543641 0.000954
data -0.335507 0.571259 -1.100367 -0.131037 -1.553559 0.000954
data -0.335507 0.570115 -1.100367 -0.131037 -1.556230 0.000954
data -0.335507 0.570115 -1.100367 -0.131037 -1.556230 0.000954
data -0.335507 0.570115 -1.100367 -0.131037 -1.556230 0.000954
data -0.335507 0.570115 -1.100367 -0.131037 -1.556230 0.000954
data -0.335507 0.565537 -1.100367 -0.130274 -1.572633 0.000954
data -0.335507 0.564012 -1.100367 -0.130274 -1.574922 0.000954
data -0.335507 0.562867 -1.100367 -0.130274 -1.580644 0.000954
data -0.335507 0.561723 -1.100367 -0.129892 -1.584458 0.000954
data -0.335507 0.561723 -1.100367 -0.129892 -1.584458 0.000954
data -0.335507 0.561723 -1.100367 -0.129892 -1.584458 0.000954
data -0.335507 0.557527 -1.100367 -0.129129 -1.598955 0.000954
data -0.335507 0.556764 -1.100367 -0.128748 -1.602007 0.000954
data -0.335507 0.556764 -1.100367 -0.128748 -1.602007 0.000954
data -0.335507 0.556764 -1.100367 -0.128748 -1.602007 0.000954
data -0.335507 0.556764 -1.100367 -0.128748 -1.602007 0.000954
data -0.335507 0.556764 -1.100367 -0.128748 -1.602007 0.000954
data -0.335507 0.549516 -1.100367 -0.126841 -1.622225 0.000954
data -0.335507 0.547608 -1.100367 -0.126841 -1.622225 0.000954
data -0.335507 0.546464 -1.100367 -0.125696 -1.631380 0.000954
data -0.335507 0.545320 -1.100367 -0.125315 -1.635195 0.000954
data -0.335507 0.545320 -1.100367 -0.125315 -1.635195 0.000954
data -0.335507 0.545320 -1.100367 -0.125315 -1.635195 0.000954
data -0.335889 0.542268 -1.100367 -0.123789 -1.644350 0.000954
data -0.335889 0.542268 -1.100367 -0.123789 -1.644350 0.000954
data -0.335889 0.542268 -1.100367 -0.123789 -1.644350 0.000954
data -0.335889 0.537690 -1.100367 -0.123789 -1.644350 0.000954
data -0.335889 0.536164 -1.100367 -0.120737 -1.659991 0.000954
data -0.335889 0.535020 -1.100367 -0.119974 -1.663043 0.000954
data -0.335889 0.533494 -1.100367 -0.118830 -1.667239 0.000954
data -0.335889 0.532350 -1.100367 -0.118067 -1.667239 0.000954
data -0.335889 0.531204 -1.100367 -0.117304 -1.673343 0.000954
data -0.335889 0.531204 -1.100367 -0.117304 -1.673343 0.000954
data -0.335889 0.528534 -1.100367 -0.115015 -1.679828 0.000954
data -0.335889 0.527008 -1.100367 -0.114252 -1.682117 0.000954
data -0.335889 0.525864 -1.100367 -0.112345 -1.687457 0.000954
data -0.335889 0.524719 -1.100367 -0.111200 -1.690509 0.000954
data -0.335889 0.523575 -1.100367 -0.110056 -1.693561 0.000954
data -0.335889 0.522430 -1.100367 -0.108912 -1.696612 0.000954
data -0.335889 0.520905 -1.100367 -0.107767 -1.700046 0.000954
data -0.335889 0.520905 -1.100367 -0.107767 -1.700046 0.000954
data -0.335507 0.518616 -1.100367 -0.105478 -1.706149 0.000954
data -0.335507 0.517090 -1.100367 -0.103952 -1.709582 0.000954
data -0.335507 0.515564 -1.100367 -0.102427 -1.713397 0.000954
data -0.335507 0.514420 -1.100367 -0.100901 -1.716830 0.000954
data -0.335507 0.512894 -1.100367 -0.099375 -1.720264 0.000954
data -0.335507 0.512131 -1.100367 -0.097849 -1.722935 0.000954
data -0.335507 0.510605 -1.100367 -0.096323 -1.726368 0.000954
data -0.335507 0.510605 -1.100367 -0.096323 -1.726368 0.000954
data -0.335507 0.508316 -1.100367 -0.094034 -1.732090 0.000954
data -0.335507 0.506790 -1.100367 -0.091744 -1.737049 0.000954
data -0.335507 0.505646 -1.100367 -0.090600 -1.739338 0.000954
data -0.335507 0.504501 -1.100367 -0.090600 -1.739338 0.000954
data -0.335507 0.503357 -1.100367 -0.087930 -1.745060 0.000954
data -0.335507 0.501831 -1.100367 -0.086022 -1.748493 0.000954
data -0.335507 0.501831 -1.100367 -0.086022 -1.748493 0.000954
data -0.335507 0.501831 -1.100367 -0.086022 -1.748493 0.000954
data -0.335507 0.497253 -1.100367 -0.081445 -1.757648 0.000954
data -0.335507 0.496109 -1.100367 -0.078774 -1.763371 0.000954
data -0.335507 0.494965 -1.100367 -0.077630 -1.766041 0.000954
data -0.335507 0.493439 -1.100367 -0.075723 -1.769855 0.000954
data -0.335507 0.492294 -1.100367 -0.073815 -1.772907 0.000954
data -0.335507 0.491150 -1.100367 -0.072671 -1.775578 0.000954
data -0.335507 0.488861 -1.100367 -0.072671 -1.775578 0.000954
data -0.335507 0.488861 -1.100367 -0.068475 -1.775578 0.000954
data -0.335507 0.488861 -1.100367 -0.068475 -1.775578 0.000954
data -0.335507 0.486191 -1.100367 -0.068475 -1.775578 0.000954
data -0.335507 0.484665 -1.100367 -0.064279 -1.790837 0.000954
data -0.335507 0.483139 -1.100367 -0.062371 -1.793508 0.000954
data -0.335507 0.481995 -1.100367 -0.060845 -1.796178 0.000954
data -0.335507 0.480469 -1.100367 -0.058557 -1.799993 0.000954
data -0.335507 0.480469 -1.100367 -0.058557 -1.799993 0.000954
data -0.335507 0.478180 -1.100367 -0.054742 -1.799993 0.000954
data -0.335507 0.476273 -1.100367 -0.052453 -1.808766 0.000954
data -0.335507 0.475128 -1.100367 -0.050546 -1.811055 0.000954
data -0.335507 0.473984 -1.100367 -0.048638 -1.813725 0.000954
data -0.335507 0.472458 -1.100367 -0.046350 -1.816396 0.000954
data -0.335507 0.471313 -1.100367 -0.044442 -1.819066 0.000954
data -0.335507 0.470169 -1.100367 -0.042153 -1.821736 0.000954
data -0.335507 0.470169 -1.100367 -0.042153 -1.821736 0.000954
data -0.335507 0.466353 -1.100367 -0.038339 -1.826695 0.000954
data -0.335507 0.465209 -1.100367 -0.034905 -1.828603 0.000954
data -0.335507 0.464065 -1.100367 -0.032998 -1.832417 0.000954
data -0.335507 0.462539 -1.100367 -0.030327 -1.835088 0.000954
data -0.335507 0.461394 -1.100367 -0.028419 -1.837377 0.000954
data -0.335507 0.460250 -1.100367 -0.026131 -1.839665 0.000954
data -0.335507 0.460250 -1.100367 -0.026131 -1.839665 0.000954
data -0.335507 0.460250 -1.100367 -0.026131 -1.839665 0.000954
data -0.335507 0.456054 -1.100367 -0.026131 -1.839665 0.000954
data -0.335507 0.454146 -1.100367 -0.015450 -1.849585 0.000954
data -0.335507 0.452239 -1.100367 -0.012779 -1.849585 0.000954
data -0.335507 0.451095 -1.100367 -0.010872 -1.854162 0.000954
data -0.335507 0.451095 -1.100367 -0.010872 -1.854162 0.000954
data -0.335507 0.448424 -1.100367 -0.006294 -1.856833 0.000954
data -0.335507 0.447280 -1.100367 -0.004005 -1.860647 0.000954
data -0.335507 0.447280 -1.100367 -0.004005 -1.860647 0.000954
data -0.335507 0.444228 -1.100367 0.000191 -1.864080 0.000954
data -0.335507 0.442702 -1.100367 0.004005 -1.867514 0.000954
data -0.335507 0.441558 -1.100367 0.006676 -1.869802 0.000954
data -0.335507 0.440413 -1.100367 0.008583 -1.871328 0.000954
data -0.335507 0.438888 -1.100367 0.011253 -1.873236 0.000954
data -0.335507 0.437362 -1.100367 0.013542 -1.875525 0.000954
data -0.335507 0.437362 -1.100367 0.013542 -1.875525 0.000954
data -0.335507 0.434691 -1.100367 0.018883 -1.879721 0.000954
data -0.335507 0.432784 -1.100367 0.021935 -1.882010 0.000954
data -0.335507 0.431640 -1.100367 0.024605 -1.883917 0.000954
data -0.335507 0.430114 -1.100367 0.026894 -1.885443 0.000954
data -0.335507 0.428969 -1.100367 0.029564 -1.887732 0.000954
data -0.335507 0.428969 -1.100367 0.029564 -1.887732 0.000954
data -0.335507 0.426299 -1.100367 0.029564 -1.887732 0.000954
data -0.335507 0.426299 -1.100367 0.034142 -1.890783 0.000954
data -0.335507 0.422866 -1.100367 0.039102 -1.894217 0.000954
data -0.335507 0.421721 -1.100367 0.042535 -1.896505 0.000954
data -0.335507 0.419814 -1.100367 0.042535 -1.896505 0.000954
data -0.335507 0.418670 -1.100367 0.047494 -1.899557 0.000954
data -0.335507 0.417525 -1.100367 0.049783 -1.900702 0.000954
data -0.335507 0.416381 -1.100367 0.052072 -1.902227 0.000954
data -0.335507 0.414092 -1.100367 0.055886 -1.904135 0.000954
data -0.335507 0.414092 -1.100367 0.055886 -1.904135 0.000954
data -0.335507 0.411803 -1.100367 0.055886 -1.904135 0.000954
data -0.335507 0.410277 -1.100367 0.063134 -1.907950 0.000954
data -0.335507 0.408751 -1.100367 0.065804 -1.909095 0.000954
data -0.335507 0.407607 -1.100367 0.068093 -1.910239 0.000954
data -0.335507 0.406080 -1.100367 0.071145 -1.911765 0.000954
data -0.335507 0.404554 -1.100367 0.073434 -1.912910 0.000954
data -0.335507 0.403028 -1.100367 0.076104 -1.913672 0.000954
data -0.335507 0.403028 -1.100367 0.076104 -1.913672 0.000954
data -0.335507 0.400358 -1.100367 0.081445 -1.915198 0.000954
data -0.335507 0.398069 -1.100367 0.085259 -1.916343 0.000954
data -0.335507 0.396925 -1.100367 0.087548 -1.917106 0.000954
data -0.335507 0.395781 -1.100367 0.090219 -1.917869 0.000954
data -0.335507 0.394255 -1.100367 0.092889 -1.918632 0.000954
data -0.335507 0.393110 -1.100367 0.095179 -1.919013 0.000954
data -0.335507 0.393110 -1.100367 0.095179 -1.919013 0.000954
data -0.335507 0.393110 -1.100367 0.095179 -1.919013 0.000954
data -0.335507 0.388533 -1.100367 0.095179 -1.919013 0.000954
data -0.335507 0.387007 -1.100367 0.105860 -1.920157 0.000954
data -0.335507 0.385481 -1.100367 0.108530 -1.920539 0.000954
data -0.335507 0.384336 -1.100367 0.110819 -1.920539 0.000954
data -0.335507 0.384336 -1.100367 0.110819 -1.920539 0.000954
data -0.335889 0.382048 -1.100367 0.115015 -1.920157 0.000954
data -0.335889 0.382048 -1.100367 0.115015 -1.920157 0.000954
data -0.335889 0.378233 -1.100367 0.115015 -1.920157 0.000954
data -0.335889 0.377089 -1.100367 0.121881 -1.919776 0.000954
data -0.335889 0.375181 -1.100367 0.127222 -1.919776 0.000954
data -0.335889 0.375181 -1.100367 0.127222 -1.919394 0.000954
data -0.335889 0.373655 -1.100367 0.129892 -1.919013 0.000954
data -0.336270 0.371367 -1.100367 0.134089 -1.919013 0.000954
data -0.336270 0.370604 -1.100367 0.135996 -1.918632 0.000954
data -0.336270 0.370604 -1.100367 0.135996 -1.918632 0.000954
data -0.336270 0.367170 -1.100367 0.141718 -1.918632 0.000954
data -0.336652 0.365644 -1.100367 0.144770 -1.917869 0.000954
data -0.336652 0.364500 -1.100367 0.147058 -1.917487 0.000954
data -0.336652 0.363356 -1.100367 0.149347 -1.917487 0.000954
data -0.337033 0.362211 -1.100367 0.151636 -1.917106 0.000954
data -0.337033 0.362211 -1.100367 0.151636 -1.917106 0.000954
data -0.337033 0.359541 -1.100367 0.157359 -1.917106 0.000954
data -0.337415 0.357252 -1.100367 0.157359 -1.916724 0.000954
data -0.337415 0.357252 -1.100367 0.161174 -1.916343 0.000954
data -0.337796 0.355345 -1.100367 0.164989 -1.915961 0.000954
data -0.338178 0.353819 -1.100367 0.164989 -1.915961 0.000954
data -0.338178 0.352674 -1.100367 0.169566 -1.915580 0.000954
data -0.338178 0.351912 -1.100367 0.171474 -1.915198 0.000954
data -0.338559 0.350386 -1.100367 0.174144 -1.914435 0.000954
data -0.338559 0.348860 -1.100367 0.176814 -1.914054 0.000954
data -0.338559 0.348860 -1.100367 0.176814 -1.914054 0.000954
data -0.338941 0.346189 -1.100367 0.182155 -1.912910 0.000954
data -0.339322 0.345045 -1.100367 0.184443 -1.912528 0.000954
data -0.339322 0.343901 -1.100367 0.186732 -1.912528 0.000954
data -0.339704 0.342755 -1.100367 0.189021 -1.911765 0.000954
data -0.339704 0.341229 -1.100367 0.191691 -1.911002 0.000954
data -0.339704 0.340085 -1.100367 0.193599 -1.910621 0.000954
data -0.340085 0.338941 -1.100367 0.195888 -1.910239 0.000954
data -0.340085 0.338941 -1.100367 0.195888 -1.910239 0.000954
data -0.340085 0.336652 -1.100367 0.198939 -1.909858 0.000954
data -0.340085 0.336652 -1.100367 0.198939 -1.909858 0.000954
data -0.340085 0.336652 -1.100367 0.198939 -1.909858 0.000954
data -0.340085 0.336652 -1.100367 0.198939 -1.909858 0.000954
data -0.340466 0.332074 -1.100367 0.198939 -1.909858 0.000954
data -0.340466 0.330930 -1.100367 0.211146 -1.907187 0.000954
data -0.340466 0.330930 -1.100367 0.211146 -1.907187 0.000954
data -0.340466 0.330930 -1.100367 0.211146 -1.907187 0.000954
data -0.340466 0.327115 -1.100367 0.218777 -1.907187 0.000954
data -0.340466 0.325589 -1.100367 0.220684 -1.905279 0.000954
data -0.340466 0.324826 -1.100367 0.222210 -1.902609 0.000954
data -0.340466 0.323682 -1.100367 0.224499 -1.901846 0.000954
data -0.340466 0.322537 -1.100367 0.226406 -1.901083 0.000954
data -0.340466 0.321393 -1.100367 0.228695 -1.900320 0.000954
data -0.340466 0.321393 -1.100367 0.228695 -1.900320 0.000954
data -0.340466 0.319486 -1.100367 0.232128 -1.898413 0.000954
data -0.340466 0.317960 -1.100367 0.235180 -1.896887 0.000954
data -0.340466 0.317197 -1.100367 0.236706 -1.895742 0.000954
data -0.340466 0.316052 -1.100367 0.238995 -1.894598 0.000954
data -0.340466 0.314908 -1.100367 0.240902 -1.893454 0.000954
data -0.340466 0.314145 -1.100367 0.242428 -1.892691 0.000954
data -0.340466 0.314145 -1.100367 0.242428 -1.892691 0.000954
data -0.340466 0.314145 -1.100367 0.242428 -1.892691 0.000954
data -0.340466 0.310712 -1.100367 0.248150 -1.892691 0.000954
data -0.340466 0.309567 -1.100367 0.251583 -1.886206 0.000954
data -0.340466 0.308423 -1.100367 0.253872 -1.884298 0.000954
data -0.340466 0.307279 -1.100367 0.256161 -1.882772 0.000954
data -0.340466 0.306134 -1.100367 0.256161 -1.882772 0.000954
data -0.340466 0.305371 -1.100367 0.260357 -1.879721 0.000954
data -0.340466 0.303845 -1.100367 0.260357 -1.879721 0.000954
data -0.340466 0.303845 -1.100367 0.264172 -1.876669 0.000954
data -0.340466 0.301938 -1.100367 0.267986 -1.873617 0.000954
data -0.340466 0.301175 -1.100367 0.269894 -1.872091 0.000954
data -0.340466 0.300031 -1.100367 0.272182 -1.869802 0.000954
data -0.340466 0.299268 -1.100367 0.274090 -1.868277 0.000954
data -0.340466 0.298123 -1.100367 0.276379 -1.866751 0.000954
data -0.340466 0.296979 -1.100367 0.278667 -1.864462 0.000954
data -0.340466 0.296979 -1.100367 0.278667 -1.864462 0.000954
data -0.340466 0.294690 -1.100367 0.283628 -1.860647 0.000954
data -0.340466 0.293546 -1.100367 0.287061 -1.857595 0.000954
data -0.340466 0.292401 -1.100367 0.289350 -1.855307 0.000954
data -0.340466 0.291638 -1.100367 0.291257 -1.854162 0.000954
data -0.340466 0.290494 -1.100367 0.293927 -1.854162 0.000954
data -0.340466 0.289731 -1.100367 0.295835 -1.851873 0.000954
data -0.340466 0.288587 -1.100367 0.298123 -1.848440 0.000954
data -0.340466 0.288587 -1.100367 0.298123 -1.848440 0.000954
data -0.340466 0.288587 -1.100367 0.298123 -1.848440 0.000954
data -0.340466 0.285535 -1.100367 0.305371 -1.841954 0.000954
data -0.340466 0.285535 -1.100367 0.305371 -1.841954 0.000954
data -0.340466 0.284009 -1.100748 0.307660 -1.840047 0.000954
data -0.340466 0.282865 -1.100748 0.311093 -1.836995 0.000954
data -0.340466 0.282102 -1.100748 0.313382 -1.834706 0.000954
data -0.340466 0.280956 -1.100748 0.317197 -1.831655 0.000954
data -0.340466 0.280956 -1.100748 0.317197 -1.831655 0.000954
data -0.340466 0.279430 -1.100748 0.317197 -1.831655 0.000954
data -0.340466 0.278286 -1.100748 0.322537 -1.828984 0.000954
data -0.340466 0.277523 -1.100748 0.324826 -1.824025 0.000954
data -0.340466 0.276760 -1.100748 0.326734 -1.822118 0.000954
data -0.340466 0.275616 -1.100748 0.329404 -1.819829 0.000954
data -0.340466 0.274853 -1.100748 0.331311 -1.817922 0.000954
data -0.340466 0.273708 -1.100748 0.333600 -1.816014 0.000954
data -0.340466 0.273708 -1.100748 0.333600 -1.816014 0.000954
data -0.340466 0.272182 -1.100748 0.333600 -1.816014 0.000954
data -0.340466 0.272182 -1.100748 0.333600 -1.816014 0.000954
data -0.340466 0.269894 -1.100748 0.343518 -1.807240 0.000954
data -0.340466 0.269131 -1.100748 0.343518 -1.807240 0.000954
data -0.340466 0.268368 -1.100748 0.347715 -1.803044 0.000954
data -0.340466 0.267605 -1.100748 0.350004 -1.800756 0.000954
data -0.340466 0.267605 -1.100748 0.350004 -1.800756 0.000954
data -0.340466 0.267605 -1.100748 0.350004 -1.800756 0.000954
data -0.340466 0.265316 -1.100748 0.350004 -1.800756 0.000954
data -0.340466 0.264172 -1.100748 0.360304 -1.793126 0.000954
data -0.340466 0.263409 -1.100748 0.362593 -1.791219 0.000954
data -0.340466 0.262646 -1.100748 0.364882 -1.789693 0.000954
data -0.340466 0.261883 -1.100748 0.367552 -1.788167 0.000954
data -0.340466 0.261883 -1.100748 0.367552 -1.788167 0.000954
data -0.340466 0.259212 -1.100748 0.375181 -1.782826 0.000954
data -0.340466 0.258068 -1.100748 0.377851 -1.780918 0.000954
data -0.340466 0.258068 -1.100748 0.377851 -1.780918 0.000954
data -0.340466 0.258068 -1.100748 0.377851 -1.780918 0.000954
data -0.340466 0.258068 -1.100748 0.377851 -1.780918 0.000954
data -0.340466 0.256161 -1.100748 0.382811 -1.780918 0.000954
data -0.340466 0.254635 -1.100748 0.387770 -1.775196 0.000954
data -0.340466 0.253872 -1.100748 0.390440 -1.773670 0.000954
data -0.340466 0.253872 -1.100748 0.390440 -1.773670 0.000954
data -0.340466 0.251965 -1.100748 0.390440 -1.773670 0.000954
data -0.340848 0.250820 -1.100748 0.398832 -1.768330 0.000954
data -0.340848 0.250057 -1.100748 0.401503 -1.766804 0.000954
data -0.340848 0.249294 -1.100748 0.403791 -1.765278 0.000954
data -0.340848 0.248531 -1.100748 0.406463 -1.763752 0.000954
data -0.340848 0.248531 -1.100748 0.406463 -1.763752 0.000954
data -0.341229 0.248531 -1.100748 0.406463 -1.763752 0.000954
data -0.341229 0.246243 -1.100748 0.411803 -1.759937 0.000954
data -0.341229 0.245098 -1.100748 0.411803 -1.759937 0.000954
data -0.341229 0.245098 -1.100748 0.411803 -1.759937 0.000954
data -0.341611 0.243191 -1.100748 0.422484 -1.754978 0.000954
data -0.341992 0.242046 -1.100748 0.422484 -1.754978 0.000954
data -0.341992 0.241283 -1.100748 0.427825 -1.748875 0.000954
data -0.342374 0.240520 -1.100748 0.429732 -1.747349 0.000954
data -0.342755 0.239376 -1.100748 0.433928 -1.743916 0.000954
data -0.342755 0.239376 -1.100748 0.433928 -1.743916 0.000954
data -0.343137 0.238232 -1.100748 0.437362 -1.743916 0.000954
data -0.343137 0.237087 -1.100748 0.440795 -1.739719 0.000954
data -0.343137 0.236324 -1.100748 0.443084 -1.738194 0.000954
data -0.343518 0.235561 -1.100748 0.445754 -1.736668 0.000954
data -0.343518 0.234798 -1.100748 0.448806 -1.734760 0.000954
data -0.343518 0.234035 -1.100748 0.451476 -1.732853 0.000954
data -0.343901 0.232510 -1.100748 0.456817 -1.729420 0.000572
data -0.343901 0.232510 -1.100748 0.456817 -1.729420 0.000572
data -0.344282 0.230984 -1.100748 0.461776 -1.726368 0.000954
data -0.344664 0.229458 -1.100748 0.465209 -1.724079 0.000954
data -0.344664 0.228695 -1.100748 0.469788 -1.721409 0.000954
data -0.344664 0.227932 -1.100748 0.472458 -1.720264 0.000954
data -0.345045 0.227169 -1.100748 0.475510 -1.718356 0.000954
data -0.345045 0.227169 -1.100748 0.475510 -1.718356 0.000954
data -0.345427 0.225262 -1.100748 0.480469 -1.715304 0.000954
data -0.345427 0.224499 -1.100748 0.484283 -1.713016 0.000954
data -0.345427 0.223736 -1.100748 0.487335 -1.711108 0.000954
data -0.345427 0.222973 -1.100748 0.490005 -1.709582 0.000954
data -0.345808 0.222210 -1.100748 0.493057 -1.707675 0.000954
data -0.345808 0.221447 -1.100748 0.495728 -1.705768 0.000954
data -0.346189 0.220684 -1.100748 0.498779 -1.704242 0.000954
data -0.346189 0.220684 -1.100748 0.498779 -1.704242 0.000954
data -0.346952 0.219158 -1.100748 0.505646 -1.699283 0.000954
data -0.346952 0.219158 -1.100748 0.505646 -1.699283 0.000954
data -0.346952 0.218013 -1.100748 0.509079 -1.696612 0.000954
data -0.347334 0.218013 -1.100748 0.509079 -1.696612 0.000954
data -0.347715 0.216487 -1.100748 0.515182 -1.693179 0.000954
data -0.347715 0.215724 -1.100748 0.517853 -1.690509 0.000954
data -0.348097 0.214961 -1.100748 0.520905 -1.688220 0.000954
data -0.348860 0.213054 -1.100748 0.527390 -1.682879 0.000954
data -0.349241 0.212672 -1.100748 0.530441 -1.680591 0.000954
data -0.349623 0.211909 -1.100748 0.533113 -1.678683 0.000954
data -0.349623 0.211146 -1.100748 0.535783 -1.676776 0.000954
data -0.350004 0.210383 -1.100748 0.538072 -1.674487 0.000954
data -0.350386 0.209620 -1.100748 0.540360 -1.672961 0.000954
data -0.350767 0.208476 -1.100748 0.545701 -1.669147 0.000954
data -0.350767 0.208476 -1.100748 0.545701 -1.669147 0.000954
data -0.351530 0.208476 -1.100748 0.545701 -1.669147 0.000954
data -0.351530 0.206950 -1.100748 0.550279 -1.665713 0.000954
data -0.351912 0.206950 -1.100748 0.550279 -1.665713 0.000954
data -0.352293 0.205424 -1.100748 0.556764 -1.661899 0.000954
data -0.352293 0.204661 -1.100748 0.556764 -1.660754 0.000954
data -0.352674 0.204280 -1.100748 0.561723 -1.656940 0.000954
data -0.352674 0.204280 -1.100748 0.561723 -1.656940 0.000954
data -0.353437 0.202754 -1.100748 0.565919 -1.653505 0.000954
data -0.353819 0.202373 -1.100748 0.569734 -1.650454 0.000954
data -0.353819 0.201610 -1.100748 0.572022 -1.648546 0.000572
data -0.354200 0.200847 -1.100748 0.572022 -1.648546 0.000572
data -0.354582 0.200465 -1.100748 0.577363 -1.644350 0.000572
data -0.354582 0.200465 -1.100748 0.577363 -1.644350 0.000572
data -0.354963 0.199321 -1.100748 0.581941 -1.640535 0.000954
data -0.354963 0.199321 -1.100748 0.581941 -1.640535 0.000954
data -0.355726 0.197795 -1.100748 0.586518 -1.640535 0.000954
data -0.356108 0.197413 -1.100748 0.589570 -1.634432 0.000954
data -0.356489 0.197032 -1.100748 0.591859 -1.632524 0.000954
data -0.356871 0.197032 -1.100748 0.591859 -1.632524 0.000954
data -0.356871 0.195888 -1.100748 0.596819 -1.628710 0.000572
data -0.357252 0.195125 -1.100748 0.598726 -1.626802 0.000572
data -0.357634 0.194362 -1.101130 0.601778 -1.624514 0.000954
data -0.357634 0.194362 -1.101130 0.601778 -1.624514 0.000954
data -0.358015 0.193217 -1.100748 0.605974 -1.621462 0.000954
data -0.358397 0.192454 -1.100748 0.609026 -1.621462 0.000954
data -0.358778 0.192073 -1.100748 0.611696 -1.617266 0.000954
data -0.359159 0.191310 -1.100748 0.613604 -1.615740 0.000954
data -0.359541 0.190928 -1.100748 0.616274 -1.613451 0.000954
data -0.359541 0.190166 -1.100748 0.618563 -1.611925 0.000954
data -0.359922 0.189784 -1.101130 0.618563 -1.611925 0.000954
data -0.359922 0.189784 -1.101130 0.621996 -1.609255 0.000572
data -0.360685 0.188258 -1.101130 0.625811 -1.606585 0.000954
data -0.360685 0.188258 -1.101130 0.625811 -1.606585 0.000954
data -0.361448 0.187114 -1.101130 0.625811 -1.606585 0.000954
data -0.361830 0.186732 -1.100748 0.632677 -1.601244 0.000954
data -0.362211 0.185969 -1.101130 0.636492 -1.597811 0.000954
data -0.362593 0.185969 -1.101130 0.636492 -1.597811 0.000954
data -0.362593 0.185206 -1.101130 0.639544 -1.595140 0.000954
data -0.363737 0.184443 -1.101130 0.643358 -1.592088 0.000954
data -0.363737 0.183681 -1.101130 0.646410 -1.589799 0.000954
data -0.364500 0.182918 -1.101130 0.648699 -1.587892 0.000954
data -0.364500 0.182536 -1.101130 0.650606 -1.585984 0.000954
data -0.365263 0.181773 -1.101130 0.650606 -1.585984 0.000954
data -0.365263 0.181392 -1.101130 0.655565 -1.582170 0.000954
data -0.365644 0.181010 -1.101130 0.657855 -1.580262 0.000954
data -0.365644 0.181010 -1.101130 0.657855 -1.580262 0.000954
data -0.366789 0.179484 -1.101130 0.662814 -1.576829 0.000954
data -0.366789 0.179484 -1.101130 0.662814 -1.576829 0.000954
data -0.367170 0.178721 -1.101130 0.662814 -1.576829 0.000954
data -0.367552 0.177958 -1.101130 0.668918 -1.570344 0.000954
data -0.367933 0.177577 -1.101130 0.670825 -1.568818 0.000954
data -0.368315 0.176814 -1.101130 0.673114 -1.566911 0.000954
data -0.368315 0.176814 -1.101130 0.673114 -1.566911 0.000954
data -0.369459 0.175670 -1.101130 0.679599 -1.562715 0.000954
data -0.369841 0.174907 -1.101130 0.681506 -1.560044 0.000572
data -0.370222 0.174525 -1.101130 0.683414 -1.558518 0.000954
data -0.370604 0.174144 -1.101130 0.685702 -1.556611 0.000954
data -0.370604 0.173381 -1.101130 0.687610 -1.554704 0.000572
data -0.370985 0.172999 -1.101130 0.689898 -1.552796 0.000572
data -0.371367 0.172618 -1.101130 0.691424 -1.551270 0.000954
data -0.371748 0.172618 -1.101130 0.691424 -1.551270 0.000954
data -0.372129 0.171855 -1.101130 0.695239 -1.547837 0.000572
data -0.372129 0.171855 -1.101130 0.695239 -1.547837 0.000572
data -0.372129 0.171855 -1.101130 0.695239 -1.547837 0.000572
data -0.372892 0.170329 -1.101130 0.700961 -1.542497 0.000572
data -0.373274 0.169948 -1.101130 0.704394 -1.539445 0.000954
data -0.373274 0.169185 -1.101130 0.705920 -1.537919 0.000572
data -0.373655 0.168803 -1.101130 0.707828 -1.535630 0.000954
data -0.374037 0.168803 -1.101130 0.707828 -1.535630 0.000954
data -0.374418 0.167659 -1.101130 0.712787 -1.531816 0.000954
data -0.374800 0.167277 -1.101130 0.712787 -1.531816 0.000954
data -0.374800 0.166896 -1.101130 0.716601 -1.526855 0.000572
data -0.375181 0.166133 -1.101130 0.718509 -1.524185 0.000572
data -0.375563 0.165751 -1.101130 0.720417 -1.522278 0.000954
data -0.375944 0.165370 -1.101130 0.722324 -1.519608 0.000572
data -0.376326 0.164989 -1.101130 0.724232 -1.517700 0.000572
data -0.376326 0.164989 -1.101130 0.724232 -1.517700 0.000572
data -0.376707 0.164226 -1.101130 0.727665 -1.513504 0.000954
data -0.376707 0.164226 -1.101130 0.727665 -1.513504 0.000954
data -0.376707 0.164226 -1.101130 0.727665 -1.513504 0.000954
data -0.377470 0.162700 -1.101130 0.731861 -1.513504 0.000954
data -0.377851 0.162318 -1.101130 0.735294 -1.503967 0.000954
data -0.377851 0.161555 -1.101130 0.737202 -1.501678 0.000572
data -0.378233 0.160792 -1.101130 0.737202 -1.501678 0.000572
data -0.378233 0.160792 -1.101130 0.737202 -1.501678 0.000572
data -0.378614 0.160029 -1.101130 0.740635 -1.496719 0.000572
data -0.378996 0.159648 -1.101130 0.744068 -1.491760 0.000572
data -0.378996 0.159266 -1.101130 0.745975 -1.489090 0.000572
data -0.379377 0.158885 -1.101130 0.747120 -1.487183 0.000572
data -0.379759 0.158504 -1.101130 0.749027 -1.484512 0.000572
data -0.379759 0.158504 -1.101130 0.749027 -1.484512 0.000572
data -0.379759 0.157741 -1.101130 0.752460 -1.479553 0.000572
data -0.379759 0.157741 -1.101130 0.752460 -1.479553 0.000572
data -0.380140 0.156596 -1.101130 0.754749 -1.475357 0.000572
data -0.380140 0.156596 -1.101130 0.754749 -1.475357 0.000572
data -0.380140 0.155832 -1.101130 0.754749 -1.475357 0.000572
data -0.380140 0.155832 -1.101130 0.759327 -1.468872 0.000572
data -0.380522 0.155451 -1.101130 0.761616 -1.464293 0.000572
data -0.380522 0.155069 -1.101130 0.763523 -1.461623 0.000572
data -0.380903 0.155069 -1.101130 0.763523 -1.461623 0.000572
data -0.380903 0.153925 -1.101130 0.766956 -1.455520 0.000572
data -0.380903 0.153543 -1.101130 0.768864 -1.452468 0.000572
data -0.381285 0.153543 -1.101130 0.770390 -1.450179 0.000572
data -0.381285 0.153162 -1.101130 0.771915 -1.447509 0.000572
data -0.381666 0.152781 -1.101130 0.773441 -1.444839 0.000572
data -0.381666 0.152399 -1.101130 0.774967 -1.442550 0.000572
data -0.381666 0.152399 -1.101130 0.776493 -1.440261 0.000572
data -0.381666 0.152399 -1.101130 0.776493 -1.440261 0.000572
data -0.381666 0.152399 -1.101130 0.776493 -1.440261 0.000572
data -0.382048 0.151255 -1.101130 0.780689 -1.431106 0.000572
data -0.382048 0.150873 -1.101130 0.783360 -1.428054 0.000572
data -0.382048 0.150492 -1.101130 0.785268 -1.424621 0.000572
data -0.382048 0.150492 -1.101130 0.785268 -1.424621 0.000572
data -0.382048 0.150492 -1.101130 0.785268 -1.424621 0.000572
data -0.382048 0.149729 -1.101130 0.788701 -1.416228 0.000572
data -0.382048 0.149729 -1.101130 0.789845 -1.414702 0.000572
data -0.382048 0.149347 -1.101130 0.792134 -1.409743 0.000572
data -0.382048 0.148966 -1.101130 0.792897 -1.407073 0.000572
data -0.381666 0.148966 -1.101130 0.794042 -1.404402 0.000572
data -0.381666 0.148584 -1.101130 0.794042 -1.404402 0.000572
data -0.381666 0.148584 -1.101130 0.795949 -1.398298 0.000572
data -0.381666 0.148203 -1.101130 0.796712 -1.395628 0.000572
data -0.381666 0.148203 -1.101130 0.796712 -1.395628 0.000572
data -0.381666 0.147821 -1.101130 0.797856 -1.390287 0.000572
data -0.381666 0.147821 -1.101130 0.799382 -1.386091 0.000572
data -0.381666 0.147440 -1.101130 0.799764 -1.383421 0.000572
data -0.381666 0.147440 -1.101130 0.800145 -1.379988 0.000572
data -0.381666 0.147058 -1.101130 0.800527 -1.377317 0.000572
data -0.381666 0.147058 -1.101130 0.801671 -1.374266 0.000572
data -0.381666 0.146677 -1.101130 0.802052 -1.370832 0.000572
data -0.381666 0.146677 -1.101130 0.802052 -1.370832 0.000572
data -0.381666 0.146677 -1.101130 0.802052 -1.370832 0.000572
data -0.381666 0.146296 -1.101130 0.803578 -1.362059 0.000572
data -0.381666 0.145914 -1.101130 0.803960 -1.355574 0.000572
data -0.381666 0.145914 -1.101130 0.804341 -1.351759 0.000572
data -0.381666 0.145914 -1.101130 0.804341 -1.347944 0.000572
data -0.381666 0.145914 -1.101130 0.804341 -1.347944 0.000572
data -0.381666 0.145914 -1.101130 0.804723 -1.340695 0.000572
data -0.381666 0.145914 -1.101130 0.804723 -1.340695 0.000572
data -0.381666 0.145914 -1.101130 0.804341 -1.333829 0.000572
data -0.381666 0.145914 -1.101130 0.804341 -1.328107 0.000572
data -0.381666 0.145914 -1.101130 0.804341 -1.324674 0.000572
data -0.381666 0.145914 -1.101130 0.804341 -1.324674 0.000572
data -0.381666 0.145914 -1.101130 0.804341 -1.317426 0.000572
data -0.381666 0.145914 -1.101130 0.803960 -1.312848 0.000572
data -0.381666 0.145914 -1.101130 0.803960 -1.312848 0.000572
data -0.381666 0.145914 -1.101130 0.803578 -1.303693 0.000572
data -0.381666 0.145914 -1.101130 0.803197 -1.301023 0.000572
data -0.381666 0.145914 -1.101130 0.802815 -1.294156 0.000191
data -0.381666 0.145914 -1.101130 0.802434 -1.294156 0.000191
data -0.381666 0.145914 -1.101130 0.802434 -1.285001 0.000191
data -0.381666 0.145914 -1.101130 0.802052 -1.280422 0.000191
data -0.381666 0.145914 -1.101130 0.802052 -1.273556 0.000191
data -0.381666 0.145914 -1.101130 0.801290 -1.264782 0.000191
data -0.381666 0.145914 -1.101130 0.801290 -1.264782 0.000191
data -0.381666 0.145914 -1.101130 0.801290 -1.264782 0.000191
data -0.381666 0.145914 -1.101130 0.801290 -1.264782 0.000191
data -0.381666 0.145914 -1.101130 0.801290 -1.264782 0.000191
data -0.381666 0.146296 -1.101130 0.799764 -1.245327 0.000191
data -0.381666 0.146677 -1.101130 0.799764 -1.241131 0.000191
data -0.381666 0.146677 -1.101130 0.799001 -1.230831 0.000191
data -0.381666 0.146677 -1.101130 0.799001 -1.230831 0.000191
data -0.381666 0.146677 -1.101130 0.798619 -1.224728 0.000191
data -0.381666 0.146677 -1.101130 0.797856 -1.217479 0.000191
data -0.381666 0.147058 -1.101130 0.797475 -1.212138 0.000191
data -0.381666 0.147058 -1.101130 0.797093 -1.207942 0.000191
data -0.381666 0.147440 -1.101130 0.796712 -1.202220 0.000191
data -0.381666 0.147440 -1.101130 0.795949 -1.197261 0.000191
data -0.381666 0.147440 -1.101130 0.795949 -1.197261 0.000191
data -0.381666 0.147821 -1.101130 0.794042 -1.197261 0.000191
data -0.381666 0.147821 -1.101130 0.794042 -1.197261 0.000191
data -0.381666 0.148203 -1.101130 0.792897 -1.176280 0.000191
data -0.381666 0.148584 -1.101130 0.792897 -1.176280 0.000191
data -0.381666 0.148584 -1.101130 0.791753 -1.176280 0.000191
data -0.381666 0.148584 -1.101130 0.790608 -1.161403 0.000572
data -0.381666 0.148966 -1.101130 0.789464 -1.155680 0.000572
data -0.381666 0.148966 -1.101130 0.789464 -1.155680 0.000572
data -0.381666 0.149347 -1.101130 0.786412 -1.146143 0.000572
data -0.381666 0.149347 -1.101130 0.785268 -1.138514 0.000572
data -0.381666 0.149729 -1.101130 0.784123 -1.138514 0.000572
data -0.381666 0.149729 -1.101130 0.782979 -1.128595 0.000572
data -0.381666 0.150110 -1.101130 0.781835 -1.128595 0.000572
data -0.381666 0.150110 -1.101130 0.780689 -1.118296 0.000572
data -0.381666 0.150492 -1.101130 0.778019 -1.109522 0.000572
data -0.381666 0.150492 -1.101130 0.778019 -1.109522 0.000572
data -0.381666 0.150873 -1.101130 0.775349 -1.099985 0.000572
data -0.381666 0.151255 -1.101130 0.773823 -1.095789 0.000572
data -0.381666 0.151255 -1.101130 0.773823 -1.095789 0.000572
data -0.381666 0.151636 -1.101130 0.771915 -1.088922 0.000572
data -0.381666 0.151636 -1.101130 0.769245 -1.081674 0.000572
data -0.381666 0.152018 -1.101130 0.767338 -1.076333 0.000572
data -0.381666 0.152018 -1.101130 0.767338 -1.076333 0.000572
data -0.381666 0.152399 -1.101130 0.763142 -1.065652 0.000572
data -0.381666 0.152781 -1.101130 0.760853 -1.058785 0.000572
data -0.381666 0.153162 -1.101130 0.758945 -1.054208 0.000572
data -0.381666 0.153543 -1.101130 0.757038 -1.049249 0.000572
data -0.381666 0.153543 -1.101130 0.755131 -1.044671 0.000572
data -0.381666 0.153925 -1.101130 0.753223 -1.039330 0.000572
data -0.381666 0.154306 -1.101130 0.751316 -1.035134 0.000572
data -0.381666 0.154306 -1.101130 0.751316 -1.035134 0.000572
data -0.381666 0.154688 -1.101130 0.751316 -1.035134 0.000572
data -0.381666 0.154688 -1.101130 0.751316 -1.035134 0.000572
data -0.381666 0.155451 -1.101130 0.741779 -1.021400 0.000572
data -0.381666 0.155451 -1.101130 0.739491 -1.014534 0.000572
data -0.381666 0.155832 -1.101130 0.737583 -1.006142 0.000572
data -0.381666 0.156214 -1.101130 0.735676 -1.001945 0.000572
data -0.381666 0.156214 -1.101130 0.735676 -1.001945 0.000572
data -0.381666 0.156596 -1.101130 0.731480 -1.001945 0.000572
data -0.381666 0.156978 -1.101130 0.728809 -0.989738 0.000572
data -0.381666 0.157741 -1.101130 0.726139 -0.982109 0.000572
data -0.381666 0.158122 -1.101130 0.723469 -0.977531 0.000572
data -0.381666 0.158122 -1.101130 0.721180 -0.973717 0.000572
data -0.381666 0.158504 -1.101130 0.718509 -0.968375 0.000572
data -0.381666 0.158885 -1.101130 0.716220 -0.968375 0.000572
data -0.381666 0.159266 -1.101130 0.713931 -0.960364 0.000572
data -0.381666 0.160029 -1.101130 0.709353 -0.953116 0.000572
data -0.381666 0.160411 -1.101130 0.707446 -0.949683 0.000572
data -0.381666 0.161174 -1.101130 0.707446 -0.949683 0.000572
data -0.381666 0.161174 -1.101130 0.701343 -0.939002 0.000572
data -0.381666 0.161937 -1.101130 0.699054 -0.934806 0.000572
data -0.381666 0.162318 -1.101130 0.696002 -0.930228 0.000572
data -0.381666 0.162318 -1.101130 0.696002 -0.930228 0.000572
data -0.381666 0.163081 -1.101130 0.691424 -0.930228 0.000572
data -0.381666 0.163463 -1.101130 0.688373 -0.917258 0.000572
data -0.381666 0.163844 -1.101130 0.686084 -0.913444 0.000572
data -0.381666 0.164226 -1.101130 0.686084 -0.913444 0.000572
data -0.381666 0.164607 -1.101130 0.681506 -0.909247 0.000954
data -0.381666 0.164607 -1.101130 0.681506 -0.909247 0.000954
data -0.381666 0.164607 -1.101130 0.681506 -0.906195 0.000572
data -0.381666 0.166133 -1.101130 0.672351 -0.891699 0.000954
data -0.381666 0.166133 -1.101130 0.672351 -0.891699 0.000954
data -0.381666 0.166133 -1.101130 0.672351 -0.891699 0.000954
data -0.381666 0.167659 -1.101130 0.665484 -0.884832 0.000572
data -0.381666 0.168040 -1.101130 0.665484 -0.884832 0.000572
data -0.381666 0.168422 -1.101130 0.660907 -0.874151 0.000572
data -0.381666 0.168803 -1.101130 0.658237 -0.869955 0.000572
data -0.381666 0.169566 -1.101130 0.655565 -0.866522 0.000572
data -0.381666 0.169566 -1.101130 0.655565 -0.866522 0.000572
data -0.381666 0.169566 -1.101130 0.655565 -0.866522 0.000572
data -0.381666 0.170711 -1.101130 0.647936 -0.855459 0.000572
data -0.381666 0.171092 -1.101130 0.646029 -0.852407 0.000572
data -0.381666 0.171855 -1.101130 0.643740 -0.848593 0.000572
data -0.381666 0.172236 -1.101130 0.641069 -0.845160 0.000572
data -0.381666 0.172236 -1.101130 0.641069 -0.845160 0.000572
data -0.381666 0.173381 -1.101130 0.635729 -0.837148 0.000572
data -0.381666 0.173381 -1.101130 0.635729 -0.837148 0.000572
data -0.381666 0.174525 -1.101130 0.632296 -0.832189 0.000572
data -0.381666 0.174907 -1.101130 0.628481 -0.826848 0.000572
data -0.381666 0.175670 -1.101130 0.626192 -0.823415 0.000572
data -0.381666 0.176051 -1.101130 0.623522 -0.819600 0.000572
data -0.381666 0.176433 -1.101130 0.621614 -0.816930 0.000572
data -0.381666 0.176814 -1.101130 0.619326 -0.813497 0.000572
data -0.381666 0.177958 -1.101130 0.615129 -0.807393 0.000572
data -0.381666 0.178721 -1.101130 0.612459 -0.807393 0.000572
data -0.381666 0.179103 -1.101130 0.610552 -0.801290 0.000572
data -0.381666 0.179484 -1.101130 0.608263 -0.798238 0.000572
data -0.381666 0.179484 -1.101130 0.608263 -0.798238 0.000572
data -0.381666 0.180629 -1.101130 0.603685 -0.792134 0.000572
data -0.381666 0.180629 -1.101130 0.603685 -0.792134 0.000572
data -0.381666 0.181392 -1.101130 0.600252 -0.787175 0.000572
data -0.381666 0.182155 -1.101130 0.595675 -0.781071 0.000572
data -0.381666 0.182155 -1.101130 0.595675 -0.781071 0.000572
data -0.381666 0.182918 -1.101130 0.592240 -0.776112 0.000572
data -0.381666 0.182918 -1.101130 0.592240 -0.776112 0.000572
data -0.381666 0.184062 -1.101130 0.588044 -0.769627 0.000572
data -0.381666 0.184825 -1.101130 0.584992 -0.765430 0.000572
data -0.381666 0.185206 -1.101130 0.583085 -0.763142 0.000572
data -0.381666 0.185206 -1.101130 0.583085 -0.763142 0.000572
data -0.381666 0.185206 -1.101130 0.583085 -0.763142 0.000572
data -0.381666 0.185969 -1.101130 0.583085 -0.763142 0.000572
data -0.381666 0.188258 -1.101130 0.576219 -0.753223 0.000572
data -0.381666 0.189021 -1.101130 0.571641 -0.747120 0.000572
data -0.381666 0.189403 -1.101130 0.569734 -0.744068 0.000572
data -0.381666 0.190166 -1.101130 0.567445 -0.741016 0.000572
data -0.381666 0.190928 -1.101130 0.565537 -0.738346 0.000572
data -0.381666 0.191310 -1.101130 0.563630 -0.735294 0.000572
data -0.381666 0.191310 -1.101130 0.563630 -0.735294 0.000572
data -0.381666 0.192454 -1.101130 0.559815 -0.729954 0.000572
data -0.381666 0.192454 -1.101130 0.559815 -0.729954 0.000572
data -0.381666 0.193980 -1.101130 0.559815 -0.729954 0.000572
data -0.381666 0.195125 -1.101130 0.552567 -0.723850 0.000572
data -0.381666 0.195506 -1.101130 0.551423 -0.718509 0.000572
data -0.381666 0.196269 -1.101130 0.549134 -0.715838 0.000572
data -0.381666 0.196269 -1.101130 0.549134 -0.715838 0.000572
data -0.381666 0.196269 -1.101130 0.549134 -0.715838 0.000572
data -0.381666 0.198176 -1.101130 0.543031 -0.710116 0.000572
data -0.381666 0.198558 -1.101130 0.541505 -0.704776 0.000572
data -0.381666 0.199321 -1.101130 0.539598 -0.702106 0.000572
data -0.381666 0.200084 -1.101130 0.537309 -0.699054 0.000572
data -0.381666 0.200084 -1.101130 0.537309 -0.699054 0.000572
data -0.381666 0.200084 -1.101130 0.537309 -0.699054 0.000572
data -0.381666 0.201610 -1.101130 0.533875 -0.694095 0.000572
data -0.381666 0.201610 -1.101130 0.533875 -0.694095 0.000572
data -0.381666 0.201610 -1.101130 0.533875 -0.694095 0.000572
data -0.381666 0.204280 -1.101130 0.527008 -0.684939 0.000572
data -0.381666 0.205043 -1.101130 0.525101 -0.682651 0.000572
data -0.381666 0.205806 -1.101130 0.523193 -0.680362 0.000572
data -0.381285 0.206187 -1.101130 0.522049 -0.678454 0.000572
data -0.381285 0.206950 -1.101130 0.520142 -0.676166 0.000572
data -0.381285 0.206950 -1.101130 0.520142 -0.676166 0.000572
data -0.381285 0.206950 -1.101130 0.520142 -0.676166 0.000572
data -0.381285 0.209620 -1.101130 0.514801 -0.668536 0.000572
data -0.381285 0.210383 -1.101130 0.513275 -0.667010 0.000572
data -0.381285 0.210765 -1.101130 0.512512 -0.665103 0.000572
data -0.381285 0.211528 -1.101130 0.510605 -0.662433 0.000572
data -0.380903 0.212291 -1.101130 0.509079 -0.660907 0.000572
data -0.380903 0.212291 -1.101130 0.509079 -0.660907 0.000572
data -0.380903 0.213054 -1.101130 0.507553 -0.658237 0.000572
data -0.380903 0.214198 -1.101130 0.504883 -0.655184 0.000572
data -0.380522 0.214961 -1.101130 0.502594 -0.652132 0.000572
data -0.380522 0.215343 -1.101130 0.501068 -0.649843 0.000572
data -0.380140 0.216105 -1.101130 0.499542 -0.648317 0.000572
data -0.380140 0.216868 -1.101130 0.498398 -0.646410 0.000572
data -0.380140 0.217250 -1.101130 0.496872 -0.644884 0.000572
data -0.380140 0.217250 -1.101130 0.496872 -0.644884 0.000572
data -0.379377 0.217250 -1.101130 0.496872 -0.644884 0.000572
data -0.379377 0.219540 -1.101130 0.496872 -0.644884 0.000572
data -0.378996 0.220684 -1.101130 0.490768 -0.637636 0.000572
data -0.378996 0.221447 -1.101130 0.489243 -0.637636 0.000572
data -0.378996 0.222210 -1.101130 0.487717 -0.634203 0.000572
data -0.378614 0.223354 -1.101130 0.485809 -0.632296 0.000572
data -0.378614 0.223354 -1.101130 0.485809 -0.632296 0.000572
data -0.378233 0.224499 -1.101130 0.484283 -0.630007 0.000572
data -0.378233 0.224499 -1.101130 0.484283 -0.630007 0.000572
data -0.378233 0.224499 -1.101130 0.484283 -0.630007 0.000572
data -0.377851 0.226788 -1.101130 0.480087 -0.630007 0.000572
data -0.377851 0.228313 -1.101130 0.477417 -0.622759 0.000572
data -0.377470 0.229076 -1.101130 0.477417 -0.622759 0.000572
data -0.377470 0.229839 -1.101130 0.476273 -0.621233 0.000572
data -0.377089 0.230602 -1.101130 0.473602 -0.618944 0.000572
data -0.376707 0.232128 -1.101130 0.473602 -0.618944 0.000572
data -0.376707 0.232891 -1.101130 0.469788 -0.615511 0.000572
data -0.376326 0.233654 -1.101130 0.468261 -0.613985 0.000572
data -0.376326 0.234417 -1.101130 0.467116 -0.612841 0.000572
data -0.375944 0.235180 -1.101130 0.465972 -0.611315 0.000572
data -0.375944 0.235943 -1.101130 0.464446 -0.610170 0.000572
data -0.375944 0.236706 -1.101130 0.463683 -0.609026 0.000572
data -0.375563 0.237850 -1.101130 0.461776 -0.607500 0.000572
data -0.375563 0.237850 -1.101130 0.461776 -0.607500 0.000572
data -0.375181 0.239758 -1.101130 0.459487 -0.605593 0.000572
data -0.375181 0.240520 -1.101130 0.458724 -0.603304 0.000572
data -0.374800 0.241283 -1.101130 0.458724 -0.603304 0.000572
data -0.374800 0.242046 -1.101130 0.456435 -0.601015 0.000572
data -0.374800 0.242809 -1.101130 0.455291 -0.599489 0.000572
data -0.374800 0.243572 -1.101130 0.454146 -0.598345 0.000572
data -0.374418 0.245480 -1.101130 0.451476 -0.595675 0.000572
data -0.374418 0.245480 -1.101130 0.451476 -0.595675 0.000572
data -0.374418 0.245480 -1.101130 0.451476 -0.595675 0.000572
data -0.374418 0.247387 -1.101130 0.449569 -0.593767 0.000572
data -0.374418 0.248913 -1.101130 0.449569 -0.593767 0.000572
data -0.374418 0.249294 -1.101130 0.446898 -0.591096 0.000572
data -0.374418 0.249294 -1.101130 0.446898 -0.591096 0.000572
data -0.374037 0.249294 -1.101130 0.446898 -0.591096 0.000572
data -0.374037 0.249294 -1.101130 0.442702 -0.591096 0.000572
data -0.374037 0.252728 -1.101130 0.442321 -0.587281 0.000572
data -0.374037 0.254253 -1.101130 0.440795 -0.585374 0.000572
data -0.373655 0.254253 -1.101130 0.440795 -0.585374 0.000572
data -0.373655 0.256161 -1.101130 0.439269 -0.583848 0.000572
data -0.373655 0.256924 -1.101130 0.437362 -0.582322 0.000572
data -0.373655 0.258068 -1.101130 0.436599 -0.581178 0.000572
data -0.373655 0.258068 -1.101130 0.436599 -0.581178 0.000572
data -0.373655 0.258068 -1.101130 0.436599 -0.581178 0.000572
data -0.373655 0.258068 -1.101130 0.436599 -0.581178 0.000572
data -0.373274 0.261883 -1.101130 0.432021 -0.578507 0.000572
data -0.372892 0.262646 -1.101130 0.430877 -0.576219 0.000572
data -0.372892 0.263790 -1.101130 0.429732 -0.575456 0.000572
data -0.372511 0.264553 -1.101130 0.428588 -0.574311 0.000572
data -0.372511 0.265316 -1.101130 0.427444 -0.573930 0.000572
data -0.372511 0.266842 -1.101130 0.425918 -0.572404 0.000572
data -0.372511 0.266842 -1.101130 0.425918 -0.572404 0.000572
data -0.372129 0.267986 -1.101130 0.424773 -0.571641 0.000572
data -0.372129 0.269131 -1.101130 0.423247 -0.570497 0.000572
data -0.372129 0.269131 -1.101130 0.423247 -0.570497 0.000572
data -0.371748 0.270657 -1.101130 0.421721 -0.569352 0.000572
data -0.371748 0.271801 -1.101130 0.420577 -0.568589 0.000572
data -0.371748 0.272945 -1.101130 0.419433 -0.567826 0.000572
data -0.371367 0.274853 -1.101130 0.419433 -0.567826 0.000572
data -0.371367 0.275234 -1.101130 0.417525 -0.567826 0.000572
data -0.370985 0.275997 -1.101130 0.416381 -0.565537 0.000572
data -0.370985 0.276760 -1.101130 0.415236 -0.565156 0.000572
data -0.370985 0.277905 -1.101130 0.414474 -0.564393 0.000572
data -0.370604 0.279049 -1.101130 0.413329 -0.563630 0.000572
data -0.370604 0.279049 -1.101130 0.413329 -0.563630 0.000572
data -0.370222 0.280575 -1.101130 0.411803 -0.562486 0.000572
data -0.370222 0.280575 -1.101130 0.411803 -0.562486 0.000572
data -0.369841 0.282865 -1.101130 0.411803 -0.562486 0.000572
data -0.369841 0.282865 -1.101130 0.411803 -0.562486 0.000572
data -0.369841 0.284009 -1.101130 0.408751 -0.560960 0.000572
data -0.369459 0.286298 -1.101130 0.408751 -0.560960 0.000572
data -0.369459 0.287061 -1.101130 0.406463 -0.559434 0.000572
data -0.369459 0.287824 -1.101130 0.405699 -0.559052 0.000572
data -0.369078 0.288968 -1.101130 0.404936 -0.558290 0.000572
data -0.369078 0.288968 -1.101130 0.404936 -0.558290 0.000572
data -0.368696 0.291257 -1.101130 0.402647 -0.557145 0.000572
data -0.368696 0.292401 -1.101130 0.401503 -0.556764 0.000572
data -0.368315 0.293546 -1.101130 0.400740 -0.556382 0.000954
data -0.368315 0.294309 -1.101130 0.399977 -0.555619 0.000572
data -0.367933 0.295453 -1.101130 0.399977 -0.555619 0.000572
data -0.367933 0.295453 -1.101130 0.399977 -0.555619 0.000572
data -0.367933 0.297360 -1.101130 0.397688 -0.554475 0.000572
data -0.367933 0.297360 -1.101130 0.397688 -0.554475 0.000572
data -0.367552 0.299268 -1.101130 0.395781 -0.553330 0.000572
data -0.367552 0.300412 -1.101130 0.394636 -0.552567 0.000572
data -0.367552 0.301557 -1.101130 0.393873 -0.552186 0.000572
data -0.367552 0.302320 -1.101130 0.393492 -0.552186 0.000572
data -0.367170 0.303464 -1.101130 0.392729 -0.551423 0.000572
data -0.367170 0.304608 -1.101130 0.391966 -0.550660 0.000954
data -0.367170 0.306516 -1.101130 0.390821 -0.550660 0.000954
data -0.366789 0.306516 -1.101130 0.390821 -0.549516 0.000572
data -0.366789 0.308423 -1.101130 0.389677 -0.548753 0.000572
data -0.366789 0.309186 -1.101130 0.388914 -0.547990 0.000572
data -0.366407 0.310330 -1.101130 0.388533 -0.547608 0.000572
data -0.366407 0.311475 -1.101130 0.387770 -0.546845 0.000572
data -0.366026 0.311475 -1.101130 0.387770 -0.546845 0.000572
data -0.366026 0.311475 -1.101130 0.387770 -0.546845 0.000572
data -0.365644 0.313382 -1.101130 0.386244 -0.545701 0.000572
data -0.365644 0.315671 -1.101130 0.384718 -0.545701 0.000572
data -0.365644 0.317197 -1.101130 0.383955 -0.543794 0.000572
data -0.365263 0.317960 -1.101130 0.383192 -0.543031 0.000572
data -0.365263 0.317960 -1.101130 0.383192 -0.543031 0.000572
data -0.365263 0.320249 -1.101130 0.382048 -0.542268 0.000572
data -0.365263 0.321774 -1.101130 0.382048 -0.542268 0.000572
data -0.365263 0.321774 -1.101130 0.380140 -0.542268 0.000572
data -0.365263 0.321774 -1.101130 0.380140 -0.542268 0.000572
data -0.365263 0.321774 -1.101130 0.380140 -0.542268 0.000572
data -0.364500 0.325971 -1.101130 0.378614 -0.540360 0.000572
data -0.364500 0.326734 -1.101130 0.377851 -0.539216 0.000572
data -0.364119 0.327878 -1.101130 0.377089 -0.538835 0.000572
data -0.364119 0.329022 -1.101130 0.376326 -0.538453 0.000572
data -0.364119 0.330167 -1.101130 0.375563 -0.538072 0.000572
data -0.363737 0.331311 -1.101130 0.374418 -0.537309 0.000572
data -0.363737 0.331311 -1.101130 0.374418 -0.537309 0.000572
data -0.363737 0.332837 -1.101130 0.373655 -0.537309 0.000572
data -0.363356 0.334363 -1.101130 0.372511 -0.536927 0.000572
data -0.363356 0.335507 -1.101130 0.371748 -0.536546 0.000572
data -0.363356 0.336270 -1.101130 0.370985 -0.536546 0.000572
data -0.363356 0.337415 -1.101130 0.370604 -0.536164 0.000572
data -0.362974 0.338559 -1.101130 0.369841 -0.536164 0.000572
data -0.362974 0.338559 -1.101130 0.369841 -0.536164 0.000572
data -0.362974 0.338559 -1.101130 0.369841 -0.536164 0.000572
data -0.362974 0.342755 -1.101130 0.366789 -0.535020 0.000572
data -0.362593 0.343901 -1.101130 0.366026 -0.534638 0.000572
data -0.362593 0.345045 -1.101130 0.365263 -0.534638 0.000572
data -0.362593 0.345808 -1.101130 0.364500 -0.534257 0.000572
data -0.362211 0.346952 -1.101130 0.364119 -0.533494 0.000572
data -0.362211 0.347715 -1.101130 0.363356 -0.533113 0.000572
data -0.362211 0.347715 -1.101130 0.363356 -0.533113 0.000572
data -0.362211 0.347715 -1.101130 0.363356 -0.533113 0.000572
data -0.361830 0.351530 -1.101130 0.361448 -0.532350 0.000572
data -0.361448 0.352674 -1.101130 0.361067 -0.531968 0.000572
data -0.361448 0.352674 -1.101130 0.361067 -0.531968 0.000572
data -0.361448 0.354963 -1.101130 0.359922 -0.531587 0.000572
data -0.361448 0.355726 -1.101130 0.359541 -0.530823 0.000572
data -0.361448 0.357252 -1.101130 0.358778 -0.530441 0.000572
data -0.361448 0.357252 -1.101130 0.358778 -0.530441 0.000572
data -0.361448 0.360304 -1.101130 0.357634 -0.529678 0.000572
data -0.361448 0.361067 -1.101130 0.356871 -0.529297 0.000572
data -0.361448 0.362211 -1.101130 0.356108 -0.528915 0.000572
data -0.361448 0.363356 -1.101130 0.355726 -0.528534 0.000572
data -0.361448 0.364500 -1.101130 0.355345 -0.528152 0.000572
data -0.361448 0.365644 -1.101130 0.354963 -0.527771 0.000572
data -0.361448 0.367552 -1.101130 0.354200 -0.527008 0.000572
data -0.361448 0.367552 -1.101130 0.354200 -0.527008 0.000572
data -0.361448 0.369078 -1.101130 0.353819 -0.526627 0.000572
data -0.361448 0.370604 -1.101130 0.353056 -0.525864 0.000572
data -0.361448 0.371748 -1.101130 0.353056 -0.525864 0.000572
data -0.361448 0.372892 -1.101130 0.352674 -0.525101 0.000572
data -0.361448 0.373655 -1.101130 0.352293 -0.524719 0.000572
data -0.361448 0.374800 -1.101130 0.351530 -0.524719 0.000572
data -0.361448 0.377470 -1.101130 0.351530 -0.524719 0.000572
data -0.361448 0.377470 -1.101130 0.350386 -0.523575 0.000572
data -0.361448 0.378996 -1.101130 0.349623 -0.522812 0.000572
data -0.361448 0.379759 -1.101130 0.348860 -0.522430 0.000572
data -0.361448 0.381285 -1.101130 0.348478 -0.522049 0.000572
data -0.361067 0.382048 -1.101130 0.348097 -0.521667 0.000954
data -0.361067 0.383192 -1.101130 0.347334 -0.521286 0.000954
data -0.361067 0.384336 -1.101130 0.346952 -0.520905 0.000572
data -0.360685 0.386244 -1.101130 0.346189 -0.520523 0.000572
data -0.360685 0.386244 -1.101130 0.346189 -0.520523 0.000572
data -0.360685 0.388533 -1.101130 0.345427 -0.520142 0.000572
data -0.360685 0.389677 -1.101130 0.344282 -0.519379 0.000572
data -0.360304 0.391203 -1.101130 0.344282 -0.519379 0.000572
data -0.360304 0.392347 -1.101130 0.342755 -0.518997 0.000572
data -0.360304 0.393492 -1.101130 0.341992 -0.518616 0.000572
data -0.359922 0.394636 -1.101130 0.341229 -0.518234 0.000572
data -0.359541 0.394636 -1.101130 0.341229 -0.518234 0.000572
data -0.359541 0.397688 -1.101130 0.339704 -0.518234 0.000572
data -0.359541 0.398451 -1.101130 0.338941 -0.517471 0.000572
data -0.359541 0.399595 -1.101130 0.338178 -0.517090 0.000572
data -0.359159 0.400740 -1.101130 0.337796 -0.517090 0.000572
data -0.359159 0.401884 -1.101130 0.337415 -0.516708 0.000572
data -0.359159 0.403410 -1.101130 0.336652 -0.516327 0.000572
data -0.358778 0.404554 -1.101130 0.336270 -0.516327 0.000572
data -0.358778 0.404554 -1.101130 0.336270 -0.516327 0.000572
data -0.358778 0.404554 -1.101130 0.336270 -0.516327 0.000572
data -0.358778 0.408370 -1.101130 0.335507 -0.515564 0.000572
data -0.358397 0.410277 -1.101130 0.335507 -0.515564 0.000572
data -0.358397 0.411040 -1.101130 0.334363 -0.514801 0.000572
data -0.358397 0.412185 -1.101130 0.333982 -0.514801 0.000572
data -0.358015 0.413329 -1.101130 0.333600 -0.514420 0.000572
data -0.358015 0.415236 -1.101130 0.333600 -0.514420 0.000572
data -0.358015 0.415236 -1.101130 0.333219 -0.514420 0.000572
data -0.357634 0.417144 -1.101130 0.332837 -0.514038 0.000572
data -0.357634 0.418670 -1.101130 0.332837 -0.514038 0.000572
data -0.357252 0.419433 -1.101130 0.332456 -0.514038 0.000572
data -0.357252 0.420577 -1.101130 0.332074 -0.514038 0.000572
data -0.357252 0.420577 -1.101130 0.332074 -0.514038 0.000572
data -0.356871 0.420577 -1.101130 0.332074 -0.514038 0.000572
data -0.356871 0.425918 -1.101130 0.330548 -0.514038 0.000572
data -0.356871 0.425918 -1.101130 0.330548 -0.514038 0.000572
data -0.356871 0.427825 -1.101130 0.330167 -0.514420 0.000572
data -0.356489 0.429351 -1.101130 0.329404 -0.514038 0.000572
data -0.356489 0.430495 -1.101130 0.329404 -0.514038 0.000572
data -0.356489 0.431640 -1.101130 0.329022 -0.514038 0.000572
data -0.356489 0.433166 -1.101130 0.328641 -0.514038 0.000572
data -0.356489 0.433166 -1.101130 0.328641 -0.514038 0.000572
data -0.356489 0.433166 -1.101130 0.328641 -0.514038 0.000572
data -0.356108 0.436217 -1.101130 0.328259 -0.514038 0.000572
data -0.356108 0.438506 -1.101130 0.327497 -0.514038 0.000572
data -0.356108 0.438506 -1.101130 0.327497 -0.514038 0.000572
data -0.356108 0.438506 -1.101130 0.327497 -0.514038 0.000572
data -0.355726 0.442702 -1.101130 0.327497 -0.514038 0.000572
data -0.355345 0.443084 -1.101130 0.326352 -0.514420 0.000572
data -0.355345 0.446136 -1.101130 0.324826 -0.514420 0.000572
data -0.354963 0.448043 -1.101130 0.324063 -0.514420 0.000954
data -0.354963 0.448043 -1.101130 0.324063 -0.514420 0.000954
data -0.354963 0.448043 -1.101130 0.324063 -0.514420 0.000954
data -0.354963 0.450332 -1.101130 0.323300 -0.514420 0.000572
data -0.354963 0.451858 -1.101130 0.322156 -0.514420 0.000572
data -0.354963 0.451858 -1.101130 0.322156 -0.514420 0.000572
data -0.354963 0.451858 -1.101130 0.322156 -0.514420 0.000572
data -0.354963 0.457580 -1.101130 0.320249 -0.514420 0.000572
data -0.354963 0.458724 -1.101130 0.319104 -0.514420 0.000572
data -0.354963 0.458724 -1.101130 0.319104 -0.514420 0.000572
data -0.354963 0.461394 -1.101130 0.317578 -0.514420 0.000572
data -0.354963 0.462920 -1.101130 0.317578 -0.514420 0.000572
data -0.354963 0.464065 -1.101130 0.316052 -0.514420 0.000572
data -0.354963 0.469025 -1.101130 0.313764 -0.514420 0.000572
data -0.354963 0.469025 -1.101130 0.313764 -0.514420 0.000572
data -0.354963 0.469025 -1.101130 0.313764 -0.514420 0.000572
data -0.354963 0.472839 -1.101130 0.312619 -0.514420 0.000572
data -0.354963 0.477417 -1.101130 0.310330 -0.514038 0.000572
data -0.354963 0.477417 -1.101130 0.310330 -0.514038 0.000572
data -0.354963 0.477417 -1.101130 0.310330 -0.514038 0.000572
data -0.354963 0.480469 -1.101130 0.309567 -0.514038 0.000572
data -0.354963 0.481613 -1.101130 0.309567 -0.514038 0.000572
data -0.354963 0.482376 -1.101130 0.309186 -0.514038 0.000572
data -0.354963 0.483521 -1.101130 0.308423 -0.514038 0.000572
data -0.354963 0.486572 -1.101130 0.307660 -0.514038 0.000572
data -0.354963 0.491150 -1.101130 0.306897 -0.514038 0.000572
data -0.354963 0.491150 -1.101130 0.306897 -0.514038 0.000572
data -0.354963 0.491150 -1.101130 0.306897 -0.514038 0.000572
data -0.354963 0.491150 -1.101130 0.306897 -0.514038 0.000572
data -0.354963 0.494583 -1.101130 0.306134 -0.514038 0.000572
data -0.354963 0.497635 -1.101130 0.305753 -0.514038 0.000572
data -0.354963 0.499161 -1.101130 0.305371 -0.514038 0.000572
data -0.354963 0.500305 -1.101130 0.305371 -0.514420 0.000572
data -0.354963 0.501450 -1.101130 0.304990 -0.514038 0.000572
data -0.354963 0.501450 -1.101130 0.304990 -0.514038 0.000572
data -0.354963 0.501450 -1.101130 0.304990 -0.514038 0.000572
data -0.354963 0.501450 -1.101130 0.304608 -0.514038 0.000572
data -0.354963 0.506790 -1.101130 0.304227 -0.514420 0.000572
data -0.354963 0.506790 -1.101130 0.304227 -0.514420 0.000572
data -0.354963 0.510986 -1.101130 0.303464 -0.514420 0.000572
data -0.354963 0.510986 -1.101130 0.303464 -0.514420 0.000572
data -0.354963 0.512131 -1.101130 0.302701 -0.514420 0.000572
data -0.354963 0.515182 -1.101130 0.302320 -0.514038 0.000572
data -0.354963 0.515182 -1.101130 0.302320 -0.514038 0.000572
data -0.354963 0.516708 -1.101130 0.302320 -0.514038 0.000572
data -0.354963 0.517471 -1.101130 0.302320 -0.514038 0.000572
data -0.354963 0.519379 -1.101130 0.301175 -0.514420 0.000572
data -0.354963 0.523193 -1.101130 0.299649 -0.514420 0.000572
data -0.354963 0.523193 -1.101130 0.299649 -0.514420 0.000572
data -0.354963 0.526245 -1.101130 0.298505 -0.514420 0.000572
data -0.354963 0.530823 -1.101130 0.296597 -0.514420 0.000572
data -0.354963 0.530823 -1.101130 0.296597 -0.514420 0.000572
data -0.354963 0.530823 -1.101130 0.296597 -0.514420 0.000572
data -0.354582 0.530823 -1.101130 0.295835 -0.514420 0.000572
data -0.354582 0.535783 -1.101130 0.295072 -0.514420 0.000572
data -0.354582 0.537309 -1.101130 0.293927 -0.514420 0.000572
data -0.354582 0.539216 -1.101130 0.293164 -0.514420 0.000572
data -0.354582 0.539216 -1.101130 0.293164 -0.514420 0.000572
data -0.354582 0.543031 -1.101130 0.291257 -0.514420 0.000572
data -0.354582 0.544557 -1.101130 0.291257 -0.514420 0.000572
data -0.354582 0.545701 -1.101130 0.290112 -0.514038 0.000572
data -0.354200 0.547608 -1.101130 0.288968 -0.514038 0.000572
data -0.354200 0.547608 -1.101130 0.288968 -0.514038 0.000572
data -0.354200 0.547608 -1.101130 0.288968 -0.514038 0.000572
data -0.354200 0.547608 -1.101130 0.288968 -0.514038 0.000572
data -0.354200 0.552949 -1.101130 0.287824 -0.514038 0.000572
data -0.354200 0.552949 -1.101130 0.287442 -0.514038 0.000572
data -0.354200 0.552949 -1.101130 0.287442 -0.514038 0.000572
data -0.354200 0.557145 -1.101130 0.285916 -0.514038 0.000572
data -0.353819 0.559815 -1.101130 0.285153 -0.514038 0.000572
data -0.353819 0.560960 -1.101130 0.285153 -0.514038 0.000572
data -0.353819 0.562104 -1.101130 0.284772 -0.514038 0.000572
data -0.353819 0.564393 -1.101130 0.284390 -0.514038 0.000572
data -0.353819 0.565537 -1.101130 0.284390 -0.514038 0.000572
data -0.353437 0.565537 -1.101130 0.284390 -0.514038 0.000572
data -0.353437 0.565537 -1.101130 0.284390 -0.514038 0.000572
data -0.353437 0.568971 -1.101130 0.284390 -0.514038 0.000572
data -0.353437 0.568971 -1.101130 0.284009 -0.514038 0.000572
data -0.353056 0.568971 -1.101130 0.284009 -0.514038 0.000572
data -0.353056 0.573548 -1.101130 0.284009 -0.514038 0.000572
data -0.353056 0.574311 -1.101130 0.284009 -0.514038 0.000572
data -0.353056 0.575074 -1.101130 0.284009 -0.514038 0.000572
data -0.353056 0.575074 -1.101130 0.284009 -0.514038 0.000572
data -0.353056 0.575074 -1.101130 0.284009 -0.514038 0.000572
data -0.353056 0.575074 -1.101130 0.284009 -0.514038 0.000572
data -0.352674 0.580415 -1.101130 0.283628 -0.514420 0.000572
data -0.352674 0.580415 -1.101130 0.283628 -0.514420 0.000572
data -0.352674 0.583467 -1.101130 0.283628 -0.514420 0.000572
data -0.352674 0.584611 -1.101130 0.283628 -0.514420 0.000572
data -0.352674 0.585755 -1.101130 0.283628 -0.514420 0.000572
data -0.352674 0.585755 -1.101130 0.283628 -0.514420 0.000572
data -0.352674 0.589952 -1.101130 0.282865 -0.514801 0.000572
data -0.352674 0.591477 -1.101130 0.282865 -0.514801 0.000572
data -0.352293 0.593385 -1.101130 0.282102 -0.514801 0.000572
data -0.352293 0.593385 -1.101130 0.282102 -0.514801 0.000572
data -0.352293 0.596056 -1.101130 0.281339 -0.514801 0.000572
data -0.352293 0.598345 -1.101130 0.280956 -0.515182 0.000572
data -0.352293 0.599871 -1.101130 0.280575 -0.515182 0.000572
data -0.352293 0.601397 -1.101130 0.280193 -0.515182 0.000572
data -0.352293 0.602541 -1.101130 0.279430 -0.515182 0.000572
data -0.352293 0.602541 -1.101130 0.279430 -0.515182 0.000572
data -0.352293 0.605211 -1.101130 0.277905 -0.515182 0.000954
data -0.352293 0.607882 -1.101130 0.276379 -0.515182 0.000572
data -0.352293 0.609026 -1.101130 0.275997 -0.515182 0.000572
data -0.352293 0.609026 -1.101130 0.275997 -0.515182 0.000572
data -0.352293 0.611315 -1.101130 0.274471 -0.515564 0.000572
data -0.352293 0.611315 -1.101130 0.274471 -0.515564 0.000572
data -0.352293 0.615511 -1.101130 0.271801 -0.515564 0.000572
data -0.352293 0.616274 -1.101130 0.271038 -0.516327 0.000572
data -0.352293 0.617418 -1.101130 0.270275 -0.516327 0.000572
data -0.352293 0.618563 -1.101130 0.269131 -0.516708 0.000572
data -0.352293 0.619707 -1.101130 0.268368 -0.517090 0.000572
data -0.352293 0.619707 -1.101130 0.268368 -0.517090 0.000572
data -0.352293 0.620852 -1.101130 0.267223 -0.517471 0.000572
data -0.352293 0.623140 -1.101130 0.264935 -0.518234 0.000572
data -0.352293 0.623140 -1.101130 0.264935 -0.518234 0.000572
data -0.352293 0.623140 -1.101130 0.264935 -0.518234 0.000572
data -0.352293 0.623140 -1.101130 0.264935 -0.518234 0.000572
data -0.352293 0.625811 -1.101130 0.261120 -0.519379 0.000572
data -0.352293 0.626574 -1.101130 0.261120 -0.519379 0.000572
data -0.352674 0.627337 -1.101130 0.259212 -0.520905 0.000572
data -0.352674 0.628481 -1.101130 0.258068 -0.522049 0.000572
data -0.352674 0.628862 -1.101130 0.256542 -0.522430 0.000572
data -0.352674 0.628862 -1.101130 0.256542 -0.522430 0.000572
data -0.352674 0.630007 -1.101130 0.255779 -0.523193 0.000572
data -0.352674 0.630007 -1.101130 0.254635 -0.523575 0.000572
data -0.352674 0.630007 -1.101130 0.254635 -0.523575 0.000572
data -0.352674 0.631151 -1.101130 0.252346 -0.524719 0.000572
data -0.352674 0.631151 -1.101130 0.249676 -0.526245 0.000572
data -0.352674 0.631151 -1.101130 0.249676 -0.526245 0.000572
data -0.352674 0.631151 -1.101130 0.249676 -0.526245 0.000572
data -0.352674 0.631151 -1.101130 0.249676 -0.526245 0.000572
data -0.353437 0.633821 -1.101130 0.244335 -0.529678 0.000572
data -0.353437 0.633821 -1.101130 0.244335 -0.529678 0.000572
data -0.353437 0.634203 -1.101130 0.240902 -0.532350 0.000954
data -0.353819 0.634203 -1.101130 0.238995 -0.533875 0.000572
data -0.353819 0.634966 -1.101130 0.238995 -0.533875 0.000572
data -0.354200 0.635347 -1.101130 0.232128 -0.539598 0.000572
data -0.354200 0.635347 -1.101130 0.232128 -0.539598 0.000572
data -0.354200 0.635347 -1.101130 0.232128 -0.539598 0.000572
data -0.354582 0.635347 -1.101130 0.228313 -0.543412 0.000572
data -0.354963 0.635347 -1.101130 0.224117 -0.547227 0.000572
data -0.354963 0.635347 -1.101130 0.222210 -0.548753 0.000572
data -0.354963 0.635347 -1.101130 0.222210 -0.548753 0.000572
data -0.355726 0.635347 -1.101130 0.218394 -0.552567 0.000572
data -0.356108 0.635347 -1.101130 0.218394 -0.552567 0.000572
data -0.356108 0.635347 -1.101130 0.213817 -0.557145 0.000572
data -0.356489 0.635347 -1.101130 0.213817 -0.557145 0.000572
data -0.356489 0.635347 -1.101130 0.210002 -0.560960 0.000954
data -0.356489 0.635347 -1.101130 0.210002 -0.560960 0.000954
data -0.357252 0.635347 -1.101130 0.210002 -0.560960 0.000954
data -0.357634 0.635347 -1.101130 0.202373 -0.565919 0.000572
data -0.357634 0.635347 -1.101130 0.202373 -0.568589 0.000572
data -0.358015 0.635347 -1.101130 0.198558 -0.573167 0.000572
data -0.358015 0.635347 -1.101130 0.195125 -0.576600 0.000572
data -0.358015 0.635347 -1.101130 0.195125 -0.576600 0.000572
data -0.358778 0.634966 -1.100748 0.189784 -0.581178 0.000572
data -0.358778 0.634966 -1.100748 0.189784 -0.581178 0.000572
data -0.358778 0.634966 -1.100748 0.189784 -0.581178 0.000572
data -0.358778 0.634966 -1.100748 0.189784 -0.581178 0.000572
data -0.359159 0.634584 -1.100748 0.189784 -0.581178 0.000572
data -0.359159 0.634584 -1.100748 0.189784 -0.581178 0.000572
data -0.359922 0.634584 -1.100748 0.179866 -0.591859 0.000572
data -0.359922 0.634203 -1.100748 0.171092 -0.601778 0.000572
data -0.359922 0.634203 -1.100748 0.171092 -0.601778 0.000572
data -0.360685 0.633821 -1.100367 0.161937 -0.611315 0.000954
data -0.360685 0.633440 -1.100367 0.157359 -0.616274 0.000572
data -0.360685 0.633440 -1.100367 0.157359 -0.616274 0.000572
data -0.360685 0.632677 -1.100367 0.151636 -0.622759 0.000572
data -0.360685 0.632677 -1.100367 0.151636 -0.622759 0.000572
data -0.360685 0.632677 -1.100367 0.151636 -0.622759 0.000572
data -0.361448 0.631533 -1.099985 0.139048 -0.636492 0.000572
data -0.361448 0.631533 -1.099985 0.139048 -0.636492 0.000572
data -0.361830 0.631151 -1.099985 0.133707 -0.641832 0.000572
data -0.362211 0.630770 -1.099604 0.129892 -0.644121 0.000572
data -0.362211 0.630770 -1.099604 0.129892 -0.644121 0.000572
data -0.362211 0.630388 -1.099604 0.126841 -0.650225 0.000572
data -0.362593 0.630388 -1.099604 0.126841 -0.650225 0.000572
data -0.362593 0.629244 -1.099604 0.115396 -0.660144 0.000572
data -0.362593 0.628481 -1.099604 0.112345 -0.667010 0.000572
data -0.362593 0.628099 -1.099222 0.108530 -0.671206 0.000954
data -0.362593 0.628099 -1.099222 0.108530 -0.671206 0.000954
data -0.362974 0.627718 -1.099222 0.103952 -0.676929 0.000572
data -0.362974 0.626574 -1.098841 0.095942 -0.686847 0.000572
data -0.362974 0.626574 -1.098841 0.095942 -0.686847 0.000572
data -0.363356 0.625811 -1.098841 0.089837 -0.692187 0.000572
data -0.363356 0.625811 -1.098841 0.089837 -0.694476 0.000572
data -0.363356 0.625429 -1.098841 0.087548 -0.697528 0.000572
data -0.363356 0.625048 -1.098459 0.082971 -0.703250 0.000572
data -0.363737 0.623903 -1.098459 0.082971 -0.703250 0.000572
data -0.364119 0.623522 -1.098459 0.073434 -0.716601 0.000572
data -0.364119 0.623522 -1.098459 0.073434 -0.716601 0.000572
data -0.364119 0.623140 -1.098078 0.070764 -0.719654 0.000572
data -0.364119 0.622377 -1.098078 0.067330 -0.724995 0.000572
data -0.364119 0.621996 -1.098078 0.064660 -0.729191 0.000572
data -0.364119 0.621996 -1.098078 0.064660 -0.729191 0.000572
data -0.364500 0.619326 -1.097315 0.052453 -0.747501 0.000572
data -0.364882 0.618944 -1.097315 0.049401 -0.752460 0.000572
data -0.364882 0.618181 -1.096933 0.046350 -0.758183 0.000572
data -0.364882 0.616655 -1.096552 0.040246 -0.770008 0.000572
data -0.365263 0.616655 -1.096552 0.040246 -0.770008 0.000572
data -0.365263 0.615511 -1.096170 0.034524 -0.781835 0.000572
data -0.365644 0.615129 -1.095789 0.032235 -0.786794 0.000572
data -0.365644 0.614367 -1.095789 0.029564 -0.792134 0.000572
data -0.365644 0.614367 -1.095789 0.029564 -0.792134 0.000572
data -0.366026 0.613604 -1.095407 0.025749 -0.801671 0.000572
data -0.366407 0.612459 -1.095026 0.021553 -0.813115 0.000572
data -0.366789 0.611696 -1.094645 0.019264 -0.821126 0.000572
data -0.366789 0.610933 -1.094263 0.016975 -0.828755 0.000572
data -0.367170 0.610552 -1.093882 0.015068 -0.828755 0.000572
data -0.367170 0.610170 -1.093882 0.015068 -0.835622 0.000572
data -0.367170 0.610170 -1.093499 0.013542 -0.840199 0.000572
data -0.367552 0.609789 -1.093118 0.012398 -0.845541 0.000572
data -0.367552 0.609026 -1.092736 0.009727 -0.854696 0.000572
data -0.367552 0.608263 -1.092355 0.007820 -0.861944 0.000572
data -0.367933 0.608263 -1.092355 0.007820 -0.861944 0.000572
data -0.367933 0.607500 -1.091973 0.005150 -0.872625 0.000572
data -0.367933 0.607500 -1.091973 0.005150 -0.872625 0.000572
data -0.367933 0.607119 -1.091592 0.003242 -0.879873 0.000572
data -0.368696 0.605593 -1.090829 -0.000954 -0.898565 0.000572
data -0.368696 0.605593 -1.090829 -0.000954 -0.898565 0.000572
data -0.368696 0.605593 -1.090829 -0.000954 -0.898565 0.000572
data -0.368696 0.605211 -1.090447 -0.002861 -0.907722 0.000572
data -0.369078 0.604448 -1.090066 -0.004768 -0.917640 0.000572
data -0.369078 0.604067 -1.089684 -0.004768 -0.917640 0.000572
data -0.369078 0.603685 -1.089303 -0.007439 -0.931373 0.000572
data -0.369078 0.603304 -1.088922 -0.008583 -0.937476 0.000572
data -0.369459 0.603304 -1.088922 -0.008583 -0.937476 0.000572
data -0.369459 0.602922 -1.088540 -0.010872 -0.949683 0.000572
data -0.369459 0.602541 -1.088159 -0.011635 -0.953879 0.000572
data -0.369841 0.602160 -1.087777 -0.013161 -0.964179 0.000572
data -0.369841 0.601778 -1.087396 -0.014687 -0.970284 0.000572
data -0.369841 0.601397 -1.087396 -0.015450 -0.976006 0.000572
data -0.369841 0.601397 -1.087014 -0.015450 -0.976006 0.000572
data -0.369841 0.601015 -1.087014 -0.017738 -0.983635 0.000572
data -0.369841 0.600634 -1.086633 -0.019646 -0.996223 0.000572
data -0.370222 0.600634 -1.086633 -0.019646 -0.996223 0.000572
data -0.370222 0.599871 -1.086251 -0.021935 -1.008049 0.000572
data -0.370222 0.599108 -1.086251 -0.021935 -1.008049 0.000572
data -0.370604 0.599108 -1.086251 -0.024223 -1.020256 0.000572
data -0.370604 0.598726 -1.085870 -0.025368 -1.026360 0.000572
data -0.370604 0.598345 -1.085870 -0.027275 -1.035516 0.000572
data -0.370604 0.597963 -1.085870 -0.028801 -1.035516 0.000572
data -0.370604 0.597963 -1.085488 -0.029945 -1.047341 0.000572
data -0.370604 0.597963 -1.085488 -0.029945 -1.047341 0.000572
data -0.370985 0.596819 -1.085488 -0.032998 -1.064126 0.000572
data -0.370985 0.596437 -1.085488 -0.034524 -1.070611 0.000572
data -0.370985 0.596056 -1.085488 -0.035668 -1.070611 0.000572
data -0.371367 0.596056 -1.085488 -0.035668 -1.077477 0.000572
data -0.371367 0.595675 -1.085488 -0.038339 -1.088922 0.000572
data -0.371367 0.595293 -1.085488 -0.038339 -1.088922 0.000572
data -0.371367 0.594530 -1.085488 -0.041390 -1.103037 0.000572
data -0.371367 0.594530 -1.085488 -0.041390 -1.103037 0.000572
data -0.371367 0.594530 -1.085488 -0.041390 -1.103037 0.000572
data -0.371748 0.593767 -1.085488 -0.044824 -1.112574 0.000572
data -0.371748 0.593767 -1.085488 -0.045968 -1.124399 0.000572
data -0.371748 0.593385 -1.085488 -0.045968 -1.124399 0.000572
data -0.371748 0.593003 -1.085488 -0.048257 -1.136606 0.000572
data -0.371748 0.593003 -1.085488 -0.049401 -1.142328 0.000572
data -0.371748 0.592622 -1.085488 -0.051690 -1.153009 0.000572
data -0.371748 0.592622 -1.085488 -0.051690 -1.153009 0.000572
data -0.371748 0.592240 -1.085488 -0.053597 -1.159877 0.000572
data -0.371748 0.591859 -1.085488 -0.054742 -1.168269 0.000572
data -0.371748 0.591477 -1.085488 -0.055886 -1.174754 0.000572
data -0.371748 0.591477 -1.085488 -0.055886 -1.174754 0.000572
data -0.371748 0.591477 -1.085488 -0.055886 -1.174754 0.000572
data -0.371748 0.591096 -1.085488 -0.055886 -1.174754 0.000572
data -0.371748 0.590714 -1.085488 -0.060082 -1.199168 0.000572
data -0.371748 0.590714 -1.085488 -0.060082 -1.199168 0.000572
data -0.371748 0.590333 -1.085488 -0.062371 -1.210994 0.000954
data -0.372129 0.589952 -1.085488 -0.064279 -1.223583 0.000572
data -0.372129 0.589952 -1.085488 -0.064279 -1.223583 0.000572
data -0.372129 0.589952 -1.085488 -0.064279 -1.223583 0.000572
data -0.372511 0.589189 -1.085488 -0.065804 -1.233120 0.000572
data -0.372511 0.588807 -1.085488 -0.068093 -1.246853 0.000572
data -0.372892 0.588426 -1.085488 -0.069238 -1.257153 0.000572
data -0.372892 0.588426 -1.085488 -0.069238 -1.257153 0.000572
data -0.373274 0.588044 -1.085488 -0.070764 -1.265545 0.000572
data -0.373274 0.587663 -1.085488 -0.071908 -1.274700 0.000572
data -0.373274 0.587663 -1.085488 -0.072671 -1.281949 0.000572
data -0.373274 0.587663 -1.085488 -0.072671 -1.281949 0.000572
data -0.373655 0.587281 -1.085488 -0.072671 -1.281949 0.000572
data -0.373655 0.586900 -1.085488 -0.074197 -1.294538 0.000572
data -0.373655 0.586900 -1.085488 -0.075341 -1.301785 0.000572
data -0.373655 0.586900 -1.085488 -0.076867 -1.316281 0.000572
data -0.374037 0.586900 -1.085488 -0.077249 -1.320096 0.000572
data -0.374037 0.586518 -1.085488 -0.077249 -1.320096 0.000572
data -0.374418 0.586518 -1.085488 -0.079537 -1.336118 0.000572
data -0.374418 0.586518 -1.085488 -0.080682 -1.336118 0.000572
data -0.374418 0.586518 -1.085488 -0.081063 -1.348707 0.000572
data -0.374800 0.586518 -1.085488 -0.081826 -1.357481 0.000572
data -0.374800 0.586518 -1.085488 -0.081826 -1.357481 0.000572
data -0.375181 0.586137 -1.085488 -0.081826 -1.357481 0.000572
data -0.375181 0.586137 -1.085488 -0.084115 -1.371977 0.000572
data -0.375181 0.586137 -1.085488 -0.084115 -1.380369 0.000572
data -0.375563 0.586137 -1.085488 -0.084115 -1.380369 0.000572
data -0.375563 0.586137 -1.085488 -0.086404 -1.400587 0.000572
data -0.375563 0.586137 -1.085488 -0.086404 -1.400587 0.000572
data -0.375944 0.585755 -1.085488 -0.087930 -1.414321 0.000572
data -0.375944 0.585755 -1.085488 -0.089456 -1.414321 0.000572
data -0.375944 0.585755 -1.085488 -0.089456 -1.429198 0.000572
data -0.376326 0.585755 -1.085488 -0.090219 -1.434157 0.000572
data -0.376326 0.585755 -1.085488 -0.090981 -1.443313 0.000954
data -0.376707 0.585755 -1.085488 -0.091744 -1.450561 0.000572
data -0.376707 0.585755 -1.085488 -0.092889 -1.450561 0.000572
data -0.376707 0.585755 -1.085488 -0.093652 -1.465438 0.000572
data -0.377089 0.585755 -1.085488 -0.094416 -1.473068 0.000572
data -0.377089 0.585755 -1.085488 -0.094416 -1.473068 0.000572
data -0.377470 0.585755 -1.085488 -0.095942 -1.487564 0.000572
data -0.377851 0.585755 -1.085488 -0.095942 -1.487564 0.000572
data -0.377851 0.585755 -1.085488 -0.097086 -1.499008 0.000572
data -0.377851 0.585755 -1.085488 -0.098230 -1.509689 0.000572
data -0.378233 0.585755 -1.085488 -0.098993 -1.516174 0.000572
data -0.378233 0.585755 -1.085488 -0.099756 -1.524185 0.000572
data -0.378233 0.585755 -1.085488 -0.100901 -1.531434 0.000572
data -0.378614 0.585755 -1.085488 -0.100901 -1.531434 0.000572
data -0.378614 0.585755 -1.085488 -0.102045 -1.545167 0.000572
data -0.378996 0.585755 -1.085488 -0.102808 -1.550126 0.000572
data -0.379377 0.585755 -1.085488 -0.103571 -1.560807 0.000572
data -0.379377 0.585755 -1.085488 -0.104334 -1.567674 0.000572
data -0.379759 0.585755 -1.085488 -0.104334 -1.567674 0.000572
data -0.379759 0.585755 -1.085488 -0.105860 -1.581407 0.000572
data -0.380140 0.585755 -1.085488 -0.106241 -1.588655 0.000572
data -0.380140 0.585755 -1.085488 -0.106241 -1.588655 0.000572
data -0.380522 0.585755 -1.085488 -0.106241 -1.588655 0.000572
data -0.380522 0.585755 -1.085488 -0.108149 -1.612688 0.000572
data -0.380522 0.585755 -1.085488 -0.108149 -1.612688 0.000572
data -0.381285 0.585755 -1.085488 -0.108149 -1.612688 0.000572
data -0.381666 0.585755 -1.085488 -0.108530 -1.612688 0.000572
data -0.381666 0.585755 -1.085488 -0.108530 -1.612688 0.000572
data -0.382429 0.585755 -1.085488 -0.109674 -1.644350 0.000572
data -0.382811 0.585755 -1.085488 -0.109674 -1.644350 0.000572
data -0.382811 0.585755 -1.085488 -0.110437 -1.660373 0.000572
data -0.382811 0.585755 -1.085488 -0.110437 -1.660373 0.000572
data -0.383574 0.585755 -1.085488 -0.110819 -1.672198 0.000572
data -0.383574 0.585755 -1.085488 -0.110819 -1.672198 0.000572
data -0.383955 0.585755 -1.085488 -0.111200 -1.683642 0.000572
data -0.383955 0.585755 -1.085488 -0.111200 -1.683642 0.000572
data -0.384718 0.585755 -1.085488 -0.111582 -1.693942 0.000572
data -0.385099 0.585755 -1.085488 -0.111582 -1.693942 0.000572
data -0.385481 0.585755 -1.085488 -0.112345 -1.715304 0.000572
data -0.385481 0.585755 -1.085488 -0.112345 -1.715304 0.000572
data -0.386244 0.585755 -1.085488 -0.112726 -1.725224 0.000572
data -0.386625 0.585755 -1.085488 -0.112726 -1.732853 0.000572
data -0.387007 0.585755 -1.085488 -0.113108 -1.739719 0.000572
data -0.387007 0.585755 -1.085488 -0.113108 -1.739719 0.000572
data -0.387388 0.585755 -1.085488 -0.113489 -1.750782 0.000572
data -0.387388 0.585755 -1.085488 -0.113489 -1.750782 0.000572
data -0.388151 0.585755 -1.085488 -0.113489 -1.750782 0.000572
data -0.388914 0.585755 -1.085488 -0.113871 -1.771000 0.000572
data -0.389296 0.585755 -1.085488 -0.114252 -1.776722 0.000572
data -0.389677 0.585755 -1.085488 -0.114634 -1.783589 0.000572
data -0.389677 0.585755 -1.085488 -0.114634 -1.788548 0.000572
data -0.390059 0.585755 -1.085488 -0.115015 -1.794271 0.000572
data -0.390821 0.585755 -1.085488 -0.115396 -1.805333 0.000572
data -0.391584 0.585755 -1.085488 -0.115396 -1.805333 0.000572
data -0.391584 0.585755 -1.085488 -0.115778 -1.805333 0.000572
data -0.391966 0.585755 -1.085488 -0.115778 -1.814870 0.000572
data -0.392347 0.585755 -1.085488 -0.116159 -1.824788 0.000572
data -0.392729 0.585755 -1.085488 -0.116541 -1.833562 0.000572
data -0.393492 0.585755 -1.085488 -0.116541 -1.840428 0.000572
data -0.393873 0.585755 -1.085488 -0.116922 -1.845770 0.000572
data -0.394255 0.585755 -1.085488 -0.117685 -1.856451 0.000572
data -0.394255 0.585755 -1.085488 -0.117685 -1.856451 0.000572
data -0.395399 0.585755 -1.085488 -0.117685 -1.856451 0.000572
data -0.395781 0.585755 -1.085488 -0.118067 -1.861792 0.000572
data -0.396162 0.585755 -1.085488 -0.118448 -1.877432 0.000572
data -0.396925 0.585755 -1.085488 -0.118830 -1.882772 0.000572
data -0.397306 0.585755 -1.085488 -0.119211 -1.887732 0.000954
data -0.397688 0.585755 -1.085488 -0.119593 -1.894217 0.000572
data -0.397688 0.585755 -1.085488 -0.119593 -1.894217 0.000572
data -0.399214 0.585755 -1.085488 -0.120356 -1.903753 0.000572
data -0.399595 0.585755 -1.085488 -0.120356 -1.912910 0.000572
data -0.400358 0.585755 -1.085488 -0.120737 -1.918632 0.000572
data -0.400740 0.585755 -1.085488 -0.120737 -1.918632 0.000572
data -0.401503 0.585755 -1.085488 -0.121119 -1.929313 0.000572
data -0.401884 0.585755 -1.085488 -0.121500 -1.934653 0.000572
data -0.402266 0.585755 -1.085488 -0.121881 -1.939612 0.000572
data -0.403410 0.585755 -1.085488 -0.121881 -1.939612 0.000572
data -0.403410 0.585755 -1.085488 -0.122644 -1.939612 0.000572
data -0.404173 0.585755 -1.085488 -0.123026 -1.949912 0.000572
data -0.404936 0.585755 -1.085488 -0.123026 -1.960975 0.000572
data -0.405699 0.585755 -1.085488 -0.123026 -1.960975 0.000572
data -0.406080 0.585755 -1.085488 -0.123789 -1.970894 0.000572
data -0.406463 0.585755 -1.085870 -0.123789 -1.975090 0.000572
data -0.407989 0.585755 -1.085870 -0.123789 -1.975090 0.000572
data -0.407989 0.585755 -1.085488 -0.124933 -1.987679 0.000572
data -0.408751 0.585755 -1.085870 -0.124933 -1.990349 0.000572
data -0.409133 0.585755 -1.085870 -0.125315 -1.997978 0.000572
data -0.409896 0.585755 -1.085870 -0.125696 -2.002937 0.000572
data -0.410659 0.585755 -1.085870 -0.126078 -2.007133 0.000572
data -0.411422 0.585755 -1.085870 -0.126459 -2.007133 0.000572
data -0.411803 0.585755 -1.085870 -0.126841 -2.016670 0.000572
data -0.412948 0.585755 -1.085870 -0.127222 -2.023918 0.000572
data -0.413711 0.585755 -1.085870 -0.127222 -2.023918 0.000572
data -0.414092 0.585755 -1.085870 -0.127604 -2.029640 0.000572
data -0.414855 0.585755 -1.085870 -0.127985 -2.029640 0.000572
data -0.415236 0.585755 -1.085870 -0.127985 -2.041467 0.000572
data -0.416381 0.585755 -1.085870 -0.127985 -2.041467 0.000572
data -0.416762 0.585755 -1.085870 -0.128366 -2.050622 0.000572
data -0.417525 0.585755 -1.085870 -0.128366 -2.050622 0.000572
data -0.417525 0.585755 -1.085870 -0.129129 -2.050622 0.000572
data -0.417525 0.585755 -1.085870 -0.129129 -2.050622 0.000572
data -0.417525 0.585755 -1.085870 -0.129129 -2.050622 0.000572
data -0.420196 0.585755 -1.085870 -0.129129 -2.050622 0.000572
data -0.421340 0.585755 -1.085870 -0.129892 -2.078469 0.000572
data -0.422103 0.585755 -1.085870 -0.129892 -2.082665 0.000572
data -0.422866 0.585755 -1.085870 -0.130274 -2.087625 0.000572
data -0.423629 0.585755 -1.085870 -0.130274 -2.091821 0.000572
data -0.424392 0.585755 -1.085870 -0.130274 -2.095636 0.000572
data -0.425918 0.585755 -1.085870 -0.130274 -2.095636 0.000572
data -0.426299 0.585755 -1.085870 -0.130274 -2.095636 0.000572
data -0.426681 0.585755 -1.085870 -0.130655 -2.109369 0.000572
data -0.427444 0.585755 -1.085870 -0.130655 -2.113184 0.000572
data -0.428588 0.585755 -1.085870 -0.130655 -2.113184 0.000572
data -0.428969 0.585755 -1.085870 -0.131037 -2.121576 0.000572
data -0.430114 0.585755 -1.085870 -0.131037 -2.125772 0.000572
data -0.430114 0.585755 -1.085870 -0.131037 -2.125772 0.000572
data -0.432021 0.585755 -1.085870 -0.131037 -2.134546 0.000572
data -0.432784 0.585755 -1.085870 -0.131037 -2.139887 0.000572
data -0.433547 0.585755 -1.085870 -0.131037 -2.143702 0.000572
data -0.434691 0.585755 -1.085870 -0.131037 -2.147516 0.000572
data -0.434691 0.585755 -1.085870 -0.131037 -2.147516 0.000572
data -0.435836 0.585755 -1.085870 -0.131037 -2.153620 0.000572
data -0.436980 0.585755 -1.085870 -0.131037 -2.158580 0.000572
data -0.438506 0.585755 -1.085870 -0.131037 -2.158580 0.000572
data -0.438888 0.585755 -1.085870 -0.131037 -2.165446 0.000572
data -0.438888 0.585755 -1.085870 -0.131037 -2.165446 0.000572
data -0.441939 0.585755 -1.085870 -0.131037 -2.165446 0.000572
data -0.441939 0.585755 -1.085870 -0.131037 -2.165446 0.000572
data -0.443084 0.585755 -1.085870 -0.131037 -2.165446 0.000572
data -0.443084 0.585755 -1.085870 -0.131037 -2.183375 0.000572
data -0.445373 0.585755 -1.085870 -0.131037 -2.194438 0.000572
data -0.445373 0.585755 -1.085870 -0.131037 -2.194438 0.000572
data -0.448043 0.585755 -1.085870 -0.130655 -2.205119 0.000572
data -0.448806 0.585755 -1.085870 -0.130655 -2.205119 0.000572
data -0.449569 0.585755 -1.085870 -0.130655 -2.212367 0.000572
data -0.450713 0.585755 -1.085870 -0.130655 -2.215419 0.000572
data -0.450713 0.585755 -1.085870 -0.130655 -2.215419 0.000572
data -0.450713 0.585755 -1.085870 -0.130655 -2.215419 0.000572
data -0.453383 0.585755 -1.085870 -0.130274 -2.223049 0.000572
data -0.454146 0.585755 -1.085870 -0.130274 -2.229534 0.000572
data -0.455291 0.585755 -1.085870 -0.130274 -2.233349 0.000572
data -0.456054 0.585755 -1.085870 -0.130274 -2.236782 0.000572
data -0.456817 0.585755 -1.085870 -0.130274 -2.239452 0.000954
data -0.458724 0.585755 -1.085870 -0.129892 -2.239452 0.000954
data -0.459487 0.585755 -1.085870 -0.129892 -2.246319 0.000572
data -0.459487 0.585755 -1.085870 -0.129892 -2.246319 0.000572
data -0.459487 0.585755 -1.085870 -0.129892 -2.246319 0.000572
data -0.459487 0.585755 -1.085870 -0.129892 -2.246319 0.000572
data -0.462920 0.585755 -1.085870 -0.129892 -2.256237 0.000572
data -0.463683 0.585755 -1.085870 -0.129892 -2.263866 0.000572
data -0.464828 0.585755 -1.085870 -0.129892 -2.267300 0.000572
data -0.466353 0.585755 -1.085870 -0.129892 -2.267300 0.000572
data -0.466735 0.585755 -1.085870 -0.129892 -2.273022 0.000572
data -0.467879 0.585755 -1.085870 -0.129892 -2.277218 0.000572
data -0.469025 0.585755 -1.085870 -0.129892 -2.277218 0.000572
data -0.469788 0.585755 -1.085870 -0.129892 -2.283322 0.000572
data -0.470551 0.585755 -1.085870 -0.129892 -2.285611 0.000572
data -0.471695 0.585755 -1.085870 -0.129892 -2.288281 0.000572
data -0.471695 0.585755 -1.085870 -0.129892 -2.288281 0.000572
data -0.474365 0.585755 -1.085870 -0.129892 -2.288281 0.000572
data -0.474365 0.585755 -1.085870 -0.129892 -2.288281 0.000572
data -0.476273 0.585755 -1.085870 -0.129511 -2.299344 0.000572
data -0.477036 0.585755 -1.085870 -0.129511 -2.301251 0.000572
data -0.478180 0.585755 -1.085870 -0.129511 -2.301251 0.000572
data -0.478943 0.585755 -1.085870 -0.129511 -2.305448 0.000572
data -0.480087 0.585755 -1.085870 -0.129511 -2.306973 0.000572
data -0.481995 0.585755 -1.085870 -0.129511 -2.306973 0.000572
data -0.481995 0.585755 -1.085870 -0.129129 -2.310025 0.000572
data -0.482758 0.585755 -1.085870 -0.129129 -2.310788 0.000572
data -0.483902 0.585755 -1.085870 -0.129129 -2.312314 0.000572
data -0.485046 0.585755 -1.085870 -0.129129 -2.313077 0.000572
data -0.486191 0.585755 -1.085870 -0.129129 -2.313840 0.000572
data -0.486954 0.585755 -1.085870 -0.129129 -2.314603 0.000572
data -0.488098 0.585755 -1.085870 -0.129129 -2.314984 0.000572
data -0.488098 0.585755 -1.085870 -0.129129 -2.314984 0.000572
data -0.488098 0.585755 -1.085870 -0.129129 -2.314984 0.000572
data -0.490387 0.585755 -1.085870 -0.128748 -2.315747 0.000572
data -0.492676 0.585755 -1.085870 -0.128748 -2.315747 0.000572
data -0.493439 0.585755 -1.085870 -0.128366 -2.315366 0.000954
data -0.494583 0.585755 -1.085870 -0.128366 -2.315366 0.000572
data -0.495728 0.585755 -1.085870 -0.127985 -2.314984 0.000572
data -0.496872 0.585755 -1.085870 -0.127604 -2.314603 0.000572
data -0.496872 0.585755 -1.085870 -0.127604 -2.314603 0.000572
data -0.498779 0.585755 -1.085870 -0.127222 -2.313458 0.000572
data -0.500305 0.585755 -1.085870 -0.126841 -2.313077 0.000572
data -0.501068 0.585755 -1.085870 -0.126459 -2.311933 0.000572
data -0.502594 0.585755 -1.085870 -0.126459 -2.310788 0.000572
data -0.503357 0.585755 -1.085870 -0.126078 -2.309644 0.000572
data -0.504120 0.585755 -1.085870 -0.126078 -2.308499 0.000572
data -0.506027 0.585755 -1.085870 -0.126078 -2.306211 0.000572
data -0.506027 0.585755 -1.085870 -0.126078 -2.306211 0.000572
data -0.507935 0.585755 -1.085870 -0.126078 -2.303159 0.000572
data -0.509079 0.585755 -1.085870 -0.125696 -2.301251 0.000572
data -0.510223 0.585755 -1.085870 -0.125696 -2.297818 0.000572
data -0.511368 0.585755 -1.085870 -0.126078 -2.295148 0.000572
data -0.512894 0.585755 -1.085870 -0.126078 -2.295148 0.000572
data -0.512894 0.585755 -1.085870 -0.126078 -2.295148 0.000572
data -0.514801 0.585755 -1.085870 -0.126078 -2.295148 0.000572
data -0.517090 0.585755 -1.085870 -0.126078 -2.287900 0.000572
data -0.517853 0.585755 -1.085870 -0.126078 -2.277218 0.000572
data -0.518997 0.585755 -1.085870 -0.126078 -2.273785 0.000572
data -0.520142 0.585755 -1.085870 -0.126078 -2.269970 0.000572
data -0.521286 0.585755 -1.085870 -0.126078 -2.265011 0.000572
data -0.522430 0.585755 -1.085870 -0.126078 -2.260815 0.000572
data -0.523956 0.585755 -1.085870 -0.126078 -2.256237 0.000572
data -0.526627 0.585755 -1.085870 -0.126078 -2.256237 0.000572
data -0.526627 0.585755 -1.085870 -0.126078 -2.256237 0.000572
data -0.528152 0.585755 -1.085870 -0.126078 -2.256237 0.000572
data -0.529297 0.585755 -1.085870 -0.126078 -2.232967 0.000572
data -0.530441 0.585755 -1.085870 -0.126078 -2.227627 0.000572
data -0.531587 0.585755 -1.085870 -0.126078 -2.221523 0.000572
data -0.533113 0.585755 -1.085870 -0.125696 -2.214274 0.000572
data -0.534257 0.585755 -1.085870 -0.125696 -2.208552 0.000572
data -0.536164 0.585755 -1.085870 -0.125696 -2.197871 0.000572
data -0.536164 0.585755 -1.085870 -0.125696 -2.197871 0.000572
data -0.538072 0.585755 -1.085870 -0.125696 -2.189860 0.000572
data -0.539598 0.585755 -1.085870 -0.125315 -2.178798 0.000572
data -0.541123 0.585755 -1.085870 -0.125315 -2.169261 0.000572
data -0.542268 0.585755 -1.085870 -0.125315 -2.162776 0.000572
data -0.543412 0.585755 -1.085870 -0.124933 -2.155909 0.000572
data -0.544557 0.585755 -1.085870 -0.124933 -2.146753 0.000572
data -0.547608 0.585755 -1.085870 -0.124552 -2.128443 0.000572
data -0.549134 0.585755 -1.085870 -0.124170 -2.118525 0.000572
data -0.550279 0.585755 -1.085870 -0.123789 -2.108988 0.000572
data -0.551423 0.585755 -1.085870 -0.123407 -2.100214 0.000572
data -0.552949 0.585755 -1.085870 -0.123407 -2.090295 0.000572
data -0.554093 0.585755 -1.085870 -0.123026 -2.090295 0.000572
data -0.555238 0.586137 -1.085870 -0.122644 -2.072366 0.000572
data -0.555238 0.586137 -1.085870 -0.122644 -2.072366 0.000572
data -0.555238 0.586137 -1.085870 -0.122644 -2.072366 0.000572
data -0.558290 0.586137 -1.085870 -0.121500 -2.049859 0.000572
data -0.560197 0.586137 -1.085870 -0.120737 -2.031930 0.000572
data -0.561341 0.586137 -1.085870 -0.120356 -2.022774 0.000572
data -0.562486 0.586137 -1.085870 -0.119974 -2.012856 0.000572
data -0.563630 0.586137 -1.085870 -0.119593 -2.004082 0.000572
data -0.564775 0.586137 -1.085870 -0.118830 -1.992256 0.000954
data -0.567063 0.586137 -1.085870 -0.118067 -1.973183 0.000572
data -0.567826 0.586137 -1.085870 -0.117685 -1.962882 0.000572
data -0.568971 0.586137 -1.085870 -0.116922 -1.962882 0.000572
data -0.570115 0.586137 -1.085870 -0.116159 -1.941901 0.000572
data -0.571259 0.586137 -1.085870 -0.115396 -1.930457 0.000572
data -0.572404 0.586137 -1.085870 -0.114634 -1.918632 0.000572
data -0.573167 0.586137 -1.085870 -0.113871 -1.909095 0.000572
data -0.575074 0.586137 -1.085870 -0.113871 -1.909095 0.000572
data -0.575074 0.586137 -1.085870 -0.112726 -1.888494 0.000572
data -0.576219 0.586137 -1.085870 -0.111963 -1.880102 0.000572
data -0.577363 0.586137 -1.085870 -0.110437 -1.862173 0.000954
data -0.578126 0.586137 -1.085870 -0.109674 -1.850348 0.000954
data -0.579270 0.586518 -1.085870 -0.108912 -1.840428 0.000572
data -0.580033 0.586518 -1.085870 -0.108149 -1.830892 0.000572
data -0.580796 0.586518 -1.085870 -0.107004 -1.817159 0.000572
data -0.582704 0.586518 -1.085870 -0.107004 -1.817159 0.000572
data -0.582704 0.586518 -1.085870 -0.107004 -1.817159 0.000572
data -0.582704 0.586518 -1.085870 -0.103952 -1.782445 0.000572
data -0.584992 0.586900 -1.085870 -0.103189 -1.775578 0.000572
data -0.585755 0.586900 -1.085870 -0.101282 -1.751926 0.000572
data -0.586518 0.586900 -1.085870 -0.100519 -1.740864 0.000572
data -0.586900 0.586900 -1.085870 -0.099756 -1.731327 0.000572
data -0.588044 0.587281 -1.085870 -0.099756 -1.731327 0.000572
data -0.588807 0.587281 -1.085870 -0.098230 -1.710727 0.000572
data -0.588807 0.587281 -1.085870 -0.095942 -1.710727 0.000572
data -0.588807 0.587281 -1.085870 -0.095942 -1.710727 0.000572
data -0.590714 0.587663 -1.085870 -0.095942 -1.685550 0.000572
data -0.591096 0.587663 -1.085870 -0.094034 -1.661136 0.000572
data -0.591477 0.587663 -1.085870 -0.093270 -1.649691 0.000572
data -0.592240 0.588044 -1.085870 -0.092507 -1.638247 0.000572
data -0.592240 0.588044 -1.085870 -0.092507 -1.638247 0.000572
data -0.593385 0.588044 -1.085870 -0.092507 -1.638247 0.000572
data -0.593767 0.588044 -1.085870 -0.089456 -1.600481 0.000572
data -0.594530 0.588426 -1.085870 -0.088311 -1.589417 0.000572
data -0.594912 0.588426 -1.085870 -0.087548 -1.577592 0.000572
data -0.595293 0.588426 -1.085870 -0.086404 -1.566911 0.000572
data -0.595675 0.588426 -1.085870 -0.085641 -1.556611 0.000572
data -0.596056 0.588807 -1.085870 -0.084878 -1.546693 0.000572
data -0.596056 0.588807 -1.085870 -0.084878 -1.546693 0.000572
data -0.596819 0.588807 -1.085870 -0.083352 -1.528763 0.000572
data -0.597200 0.589189 -1.085870 -0.081826 -1.513885 0.000572
data -0.597582 0.589189 -1.085870 -0.080682 -1.502060 0.000572
data -0.597963 0.589189 -1.085870 -0.080300 -1.492905 0.000572
data -0.598345 0.589570 -1.085870 -0.079156 -1.482224 0.000572
data -0.598345 0.589570 -1.085870 -0.078393 -1.472305 0.000572
data -0.598726 0.589952 -1.085870 -0.077249 -1.457427 0.000572
data -0.599108 0.589952 -1.085870 -0.077249 -1.457427 0.000572
data -0.599489 0.589952 -1.085870 -0.075723 -1.432631 0.000572
data -0.599489 0.589952 -1.085870 -0.075723 -1.432631 0.000572
data -0.599871 0.589952 -1.085870 -0.073434 -1.419280 0.000572
data -0.599871 0.589952 -1.085870 -0.073052 -1.403639 0.000572
data -0.599871 0.590333 -1.085870 -0.071908 -1.391050 0.000572
data -0.599871 0.590333 -1.086251 -0.071908 -1.391050 0.000572
data -0.600252 0.590333 -1.086251 -0.071145 -1.383421 0.000572
data -0.600252 0.590333 -1.086251 -0.069619 -1.365873 0.000572
data -0.600252 0.590333 -1.086251 -0.068856 -1.359007 0.000572
data -0.600252 0.590714 -1.086251 -0.068093 -1.349470 0.000572
data -0.600252 0.590714 -1.086251 -0.067330 -1.335355 0.000572
data -0.600252 0.591096 -1.086251 -0.066567 -1.326962 0.000572
data -0.600252 0.591096 -1.086251 -0.065804 -1.314755 0.000572
data -0.600252 0.591477 -1.086251 -0.065804 -1.314755 0.000572
data -0.600252 0.591477 -1.086251 -0.065042 -1.306363 0.000572
data -0.600252 0.591477 -1.086251 -0.065042 -1.306363 0.000572
data -0.600252 0.591859 -1.086251 -0.063897 -1.284238 0.000572
data -0.600252 0.592622 -1.086251 -0.063897 -1.284238 0.000572
data -0.600252 0.592622 -1.086251 -0.061990 -1.257534 0.000572
data -0.600252 0.592622 -1.086251 -0.061227 -1.247997 0.000572
data -0.600252 0.592622 -1.086251 -0.061227 -1.247997 0.000572
data -0.599871 0.593003 -1.086251 -0.061227 -1.247997 0.000572
data -0.599871 0.593003 -1.086251 -0.060082 -1.233120 0.000572
data -0.599871 0.593385 -1.086251 -0.060082 -1.233120 0.000572
data -0.599871 0.593767 -1.086251 -0.057794 -1.205272 0.000572
data -0.599871 0.593767 -1.086251 -0.057412 -1.197261 0.000572
data -0.599489 0.593767 -1.086251 -0.056649 -1.188487 0.000572
data -0.599489 0.593767 -1.086251 -0.056268 -1.182002 0.000572
data -0.599489 0.593767 -1.086251 -0.055886 -1.173991 0.000572
data -0.599489 0.593767 -1.086251 -0.054742 -1.164836 0.000572
data -0.599489 0.593767 -1.086251 -0.054742 -1.164836 0.000572
data -0.599108 0.594149 -1.086251 -0.053597 -1.164836 0.000572
data -0.599108 0.594149 -1.086251 -0.053597 -1.138895 0.000572
data -0.599108 0.594149 -1.086251 -0.052072 -1.135462 0.000572
data -0.599108 0.594149 -1.086251 -0.051309 -1.125162 0.000572
data -0.598726 0.594149 -1.086251 -0.050927 -1.125162 0.000572
data -0.598726 0.594149 -1.086251 -0.050164 -1.110285 0.000572
data -0.598345 0.594149 -1.086251 -0.050164 -1.110285 0.000572
data -0.598345 0.594530 -1.086251 -0.049020 -1.092355 0.000572
data -0.597963 0.594530 -1.086251 -0.049020 -1.092355 0.000572
data -0.597963 0.594530 -1.086251 -0.047875 -1.079003 0.000572
data -0.597582 0.594912 -1.086251 -0.047112 -1.071374 0.000572
data -0.597582 0.594912 -1.086251 -0.046731 -1.065270 0.000572
data -0.597200 0.594912 -1.086251 -0.046350 -1.059548 0.000572
data -0.596819 0.595293 -1.086251 -0.045587 -1.050393 0.000572
data -0.596819 0.595293 -1.086251 -0.045587 -1.050393 0.000572
data -0.596437 0.595675 -1.086251 -0.044442 -1.034371 0.000572
data -0.596056 0.595675 -1.086251 -0.044061 -1.034371 0.000572
data -0.596056 0.595675 -1.086251 -0.043679 -1.022545 0.000572
data -0.595675 0.596056 -1.086251 -0.042916 -1.016060 0.000572
data -0.595293 0.596056 -1.086251 -0.042535 -1.009956 0.000572
data -0.594912 0.596056 -1.086251 -0.041772 -1.003853 0.000572
data -0.594149 0.596056 -1.086251 -0.041772 -1.003853 0.000572
data -0.594149 0.596056 -1.086251 -0.041772 -1.003853 0.000572
data -0.593767 0.596056 -1.086251 -0.040627 -0.988594 0.000572
data -0.593385 0.596056 -1.086251 -0.040627 -0.988594 0.000572
data -0.593003 0.596056 -1.086251 -0.039102 -0.972572 0.000572
data -0.592622 0.596437 -1.086251 -0.038339 -0.966849 0.000572
data -0.592622 0.596437 -1.086251 -0.037957 -0.962272 0.000572
data -0.592240 0.596437 -1.086251 -0.037194 -0.956931 0.000572
data -0.591477 0.596437 -1.086251 -0.036050 -0.943580 0.000572
data -0.591477 0.596437 -1.086251 -0.036050 -0.943580 0.000572
data -0.591477 0.596437 -1.086251 -0.036050 -0.943580 0.000572
data -0.590714 0.596437 -1.086251 -0.034905 -0.936713 0.000572
data -0.590333 0.596437 -1.086251 -0.034905 -0.936713 0.000572
data -0.589952 0.596437 -1.086251 -0.033761 -0.923743 0.000572
data -0.589570 0.596437 -1.086251 -0.032998 -0.918784 0.000572
data -0.589189 0.596437 -1.086251 -0.032617 -0.914588 0.000572
data -0.589189 0.596437 -1.086251 -0.032617 -0.914588 0.000572
data -0.589189 0.596437 -1.086251 -0.032617 -0.914588 0.000572
data -0.588426 0.596437 -1.086251 -0.030708 -0.901617 0.000572
data -0.587663 0.596437 -1.086251 -0.029564 -0.893606 0.000572
data -0.587281 0.596437 -1.086251 -0.028801 -0.888647 0.000572
data -0.586900 0.596437 -1.086251 -0.028038 -0.883688 0.000572
data -0.586518 0.596437 -1.086251 -0.027275 -0.879492 0.000572
data -0.586137 0.596437 -1.086251 -0.026512 -0.875296 0.000572
data -0.586137 0.596437 -1.086251 -0.026512 -0.875296 0.000572
data -0.585755 0.596437 -1.086251 -0.026512 -0.875296 0.000572
data -0.585374 0.596437 -1.086251 -0.024986 -0.866140 0.000572
data -0.584992 0.596437 -1.086251 -0.023460 -0.857748 0.000572
data -0.584611 0.596437 -1.086251 -0.022316 -0.853552 0.000572
data -0.584229 0.596437 -1.086251 -0.022316 -0.853552 0.000572
data -0.583848 0.596437 -1.086251 -0.020409 -0.845160 0.000572
data -0.583467 0.596437 -1.086251 -0.019646 -0.841344 0.000572
data -0.583085 0.596437 -1.086251 -0.019646 -0.841344 0.000572
data -0.583085 0.596437 -1.086251 -0.018120 -0.841344 0.000572
data -0.582322 0.596437 -1.086251 -0.016975 -0.829137 0.000572
data -0.582322 0.596437 -1.086251 -0.016212 -0.825322 0.000572
data -0.581559 0.596437 -1.086251 -0.016212 -0.825322 0.000572
data -0.581559 0.596437 -1.086251 -0.014687 -0.818837 0.000572
data -0.581178 0.596437 -1.086251 -0.013542 -0.814641 0.000572
data -0.580796 0.596437 -1.086251 -0.013542 -0.814641 0.000572
data -0.580796 0.596437 -1.086251 -0.013542 -0.814641 0.000572
data -0.580796 0.596437 -1.086633 -0.011253 -0.803960 0.000572
data -0.580033 0.596437 -1.086633 -0.010490 -0.803960 0.000572
data -0.579270 0.596437 -1.086633 -0.008965 -0.797093 0.000572
data -0.578889 0.596437 -1.086633 -0.007820 -0.793660 0.000572
data -0.578507 0.596437 -1.086633 -0.007057 -0.790227 0.000572
data -0.578126 0.596437 -1.086633 -0.005531 -0.786794 0.000572
data -0.577744 0.596819 -1.086633 -0.004768 -0.783742 0.000572
data -0.577363 0.596819 -1.086633 -0.004768 -0.783742 0.000572
data -0.576982 0.596819 -1.086633 -0.004768 -0.783742 0.000572
data -0.576982 0.596819 -1.086633 -0.000572 -0.776493 0.000572
data -0.576600 0.596819 -1.086633 -0.000572 -0.773060 0.000572
data -0.576219 0.596819 -1.086633 0.000572 -0.769627 0.000572
data -0.575837 0.596819 -1.086633 0.002861 -0.763905 0.000572
data -0.575456 0.596819 -1.086633 0.004005 -0.760853 0.000572
data -0.575074 0.596819 -1.086633 0.005531 -0.757801 0.000572
data -0.575074 0.596819 -1.086633 0.005531 -0.757801 0.000572
data -0.575074 0.596819 -1.086633 0.005531 -0.757801 0.000572
data -0.573930 0.596819 -1.087014 0.005531 -0.757801 0.000572
data -0.573548 0.597582 -1.087014 0.010490 -0.745975 0.000572
data -0.573548 0.597582 -1.087014 0.011635 -0.743687 0.000572
data -0.572785 0.597582 -1.087014 0.012779 -0.740635 0.000572
data -0.572785 0.597582 -1.087396 0.013924 -0.738346 0.000572
data -0.572404 0.597582 -1.087396 0.015450 -0.735676 0.000572
data -0.572404 0.597582 -1.087396 0.015450 -0.735676 0.000572
data -0.571641 0.597582 -1.087396 0.017738 -0.735676 0.000572
data -0.571641 0.597582 -1.087396 0.017738 -0.731861 0.000572
data -0.570878 0.597963 -1.087777 0.021935 -0.725758 0.000572
data -0.570497 0.597963 -1.087777 0.023460 -0.723469 0.000572
data -0.570497 0.597963 -1.087777 0.024986 -0.721180 0.000572
data -0.570115 0.597963 -1.087777 0.026512 -0.718891 0.000572
data -0.570115 0.597963 -1.087777 0.026512 -0.718891 0.000572
data -0.569352 0.597963 -1.087777 0.026512 -0.718891 0.000572
data -0.569352 0.598345 -1.087777 0.026512 -0.718891 0.000572
data -0.568971 0.598345 -1.088159 0.032617 -0.710879 0.000572
data -0.568589 0.598726 -1.088159 0.036050 -0.706683 0.000572
data -0.568589 0.598726 -1.088540 0.037957 -0.704394 0.000572
data -0.568589 0.598726 -1.088540 0.037957 -0.704394 0.000572
data -0.567826 0.599108 -1.088540 0.041390 -0.700580 0.000572
data -0.567445 0.599108 -1.088540 0.041390 -0.700580 0.000572
data -0.567445 0.599489 -1.088922 0.044824 -0.696765 0.000572
data -0.567063 0.599871 -1.088922 0.047112 -0.694476 0.000572
data -0.567063 0.599871 -1.089303 0.048638 -0.692569 0.000572
data -0.566682 0.599871 -1.089303 0.050546 -0.690661 0.000572
data -0.566682 0.600252 -1.089684 0.052072 -0.689136 0.000572
data -0.566300 0.600252 -1.089684 0.053597 -0.687991 0.000572
data -0.566300 0.600634 -1.089684 0.055505 -0.685702 0.000572
data -0.566300 0.600634 -1.089684 0.055505 -0.685702 0.000572
data -0.566300 0.600634 -1.089684 0.055505 -0.685702 0.000572
data -0.565919 0.601015 -1.090447 0.060082 -0.681888 0.000572
data -0.565537 0.601015 -1.090447 0.061608 -0.679599 0.000572
data -0.565537 0.601397 -1.090447 0.063134 -0.678073 0.000572
data -0.565537 0.601397 -1.090829 0.064660 -0.676547 0.000572
data -0.565156 0.601397 -1.090829 0.064660 -0.676547 0.000572
data -0.565156 0.601778 -1.091210 0.067330 -0.673877 0.000572
data -0.564775 0.601778 -1.091592 0.069619 -0.671969 0.000572
data -0.564775 0.601778 -1.091592 0.069619 -0.671969 0.000572
data -0.564775 0.602160 -1.091973 0.072289 -0.669681 0.000572
data -0.564775 0.602160 -1.092355 0.074197 -0.667392 0.000572
data -0.564775 0.602541 -1.092736 0.076104 -0.665866 0.000572
data -0.564775 0.602541 -1.093118 0.077630 -0.664721 0.000572
data -0.564775 0.602922 -1.093118 0.078774 -0.663577 0.000572
data -0.564775 0.603304 -1.093882 0.082208 -0.660525 0.000572
data -0.564775 0.603685 -1.094263 0.083734 -0.658999 0.000572
data -0.564775 0.603685 -1.094263 0.083734 -0.658999 0.000572
data -0.564775 0.603685 -1.094263 0.083734 -0.658999 0.000572
data -0.564775 0.603685 -1.094263 0.083734 -0.658999 0.000572
data -0.564775 0.604448 -1.095407 0.088693 -0.654421 0.000572
data -0.564775 0.604830 -1.095789 0.092507 -0.651369 0.000572
data -0.564775 0.604830 -1.096170 0.094034 -0.650225 0.000572
data -0.564775 0.604830 -1.096170 0.094034 -0.650225 0.000572
data -0.564775 0.605211 -1.096170 0.094034 -0.650225 0.000572
data -0.564775 0.605593 -1.097315 0.097849 -0.650225 0.000572
data -0.564775 0.605593 -1.098078 0.101282 -0.644503 0.000572
data -0.564775 0.605593 -1.098459 0.103189 -0.643358 0.000572
data -0.564775 0.605974 -1.098841 0.104715 -0.642214 0.000572
data -0.564775 0.605974 -1.099604 0.106241 -0.641069 0.000572
data -0.564775 0.605974 -1.099604 0.106241 -0.641069 0.000572
data -0.564775 0.605974 -1.099604 0.106241 -0.641069 0.000572
data -0.564775 0.606356 -1.101511 0.111200 -0.637255 0.000572
data -0.564775 0.606356 -1.101511 0.111200 -0.637255 0.000572
data -0.564775 0.606356 -1.102274 0.114634 -0.634584 0.000572
data -0.564775 0.606356 -1.102274 0.114634 -0.634584 0.000572
data -0.565156 0.606737 -1.103800 0.116922 -0.633059 0.000572
data -0.565156 0.606737 -1.104181 0.119593 -0.631533 0.000572
data -0.565156 0.607119 -1.104944 0.121500 -0.630388 0.000572
data -0.565156 0.607119 -1.104944 0.121500 -0.630388 0.000572
data -0.565156 0.607119 -1.106852 0.125696 -0.627718 0.000572
data -0.565156 0.607500 -1.107615 0.127222 -0.626574 0.000572
data -0.565537 0.607500 -1.107996 0.128748 -0.625429 0.000572
data -0.565537 0.607500 -1.108759 0.130655 -0.624285 0.000572
data -0.565919 0.607500 -1.109522 0.132563 -0.623522 0.000572
data -0.565919 0.607882 -1.111429 0.132563 -0.623522 0.000572
data -0.565919 0.607882 -1.111429 0.136377 -0.620852 0.000572
data -0.566300 0.608263 -1.111429 0.136377 -0.620852 0.000572
data -0.566682 0.608263 -1.112955 0.137903 -0.620470 0.000572
data -0.566682 0.608644 -1.113718 0.140955 -0.618944 0.000572
data -0.567063 0.608644 -1.114481 0.142481 -0.617418 0.000572
data -0.567445 0.609026 -1.115625 0.144007 -0.616274 0.000572
data -0.567445 0.609026 -1.116388 0.144007 -0.616274 0.000572
data -0.567445 0.609026 -1.117151 0.147058 -0.614748 0.000572
data -0.567826 0.609407 -1.119059 0.150110 -0.613222 0.000572
data -0.567826 0.609407 -1.120203 0.150110 -0.613222 0.000572
data -0.567826 0.609407 -1.120966 0.153925 -0.610933 0.000572
data -0.568208 0.609407 -1.120966 0.153925 -0.610933 0.000572
data -0.568208 0.609789 -1.122492 0.156596 -0.609789 0.000572
data -0.568208 0.610170 -1.124018 0.159266 -0.608263 0.000572
data -0.568208 0.610170 -1.124018 0.159266 -0.608263 0.000572
data -0.568589 0.610933 -1.127069 0.165370 -0.605211 0.000572
data -0.568589 0.610933 -1.127069 0.165370 -0.605211 0.000572
data -0.568589 0.610933 -1.127069 0.165370 -0.605211 0.000572
data -0.569352 0.611696 -1.131266 0.172236 -0.602541 0.000572
data -0.569352 0.611696 -1.132029 0.173762 -0.601015 0.000572
data -0.569352 0.611696 -1.132029 0.173762 -0.600634 0.000572
data -0.570115 0.612078 -1.133554 0.176051 -0.599108 0.000572
data -0.570115 0.612459 -1.135080 0.178721 -0.597963 0.000572
data -0.570115 0.612459 -1.135080 0.178721 -0.597963 0.000572
data -0.570497 0.612841 -1.137369 0.183299 -0.595675 0.000572
data -0.570497 0.612841 -1.138132 0.184825 -0.594530 0.000572
data -0.570878 0.613222 -1.139658 0.187114 -0.594530 0.000572
data -0.570878 0.613604 -1.141184 0.189784 -0.591859 0.000572
data -0.571259 0.613604 -1.142328 0.192073 -0.591859 0.000572
data -0.571259 0.613604 -1.142328 0.192073 -0.591859 0.000572
data -0.571641 0.613604 -1.142328 0.192073 -0.591096 0.000572
data -0.572022 0.614367 -1.145761 0.197032 -0.591096 0.000572
data -0.572022 0.614748 -1.146906 0.198939 -0.588426 0.000572
data -0.572404 0.614748 -1.148050 0.200084 -0.586900 0.000572
data -0.572404 0.615129 -1.150339 0.202754 -0.586900 0.000572
data -0.572404 0.615511 -1.151484 0.205424 -0.584229 0.000572
data -0.572785 0.615892 -1.152628 0.207332 -0.583085 0.000572
data -0.572785 0.616274 -1.154154 0.209239 -0.582322 0.000572
data -0.573167 0.616655 -1.156444 0.212291 -0.580796 0.000572
data -0.573167 0.616655 -1.156444 0.212291 -0.580796 0.000572
data -0.573167 0.616655 -1.156444 0.212291 -0.580796 0.000572
data -0.573548 0.617418 -1.159495 0.216487 -0.578507 0.000572
data -0.573548 0.617418 -1.159495 0.216487 -0.578507 0.000572
data -0.573548 0.617418 -1.159495 0.216487 -0.578507 0.000572
data -0.573548 0.617418 -1.159495 0.216487 -0.578507 0.000572
data -0.573930 0.618181 -1.162547 0.219921 -0.576600 0.000572
data -0.574311 0.619326 -1.167125 0.219921 -0.576600 0.000572
data -0.574693 0.619707 -1.169414 0.227551 -0.573930 0.000572
data -0.574693 0.619707 -1.169414 0.227551 -0.572404 0.000572
data -0.574693 0.620089 -1.171321 0.229839 -0.571259 0.000572
data -0.575074 0.620470 -1.173991 0.232510 -0.571259 0.000572
data -0.575074 0.620852 -1.175136 0.234035 -0.568971 0.000572
data -0.575456 0.621233 -1.176661 0.235561 -0.567826 0.000572
data -0.575456 0.621233 -1.178569 0.237469 -0.567063 0.000572
data -0.575456 0.621233 -1.178569 0.237469 -0.567063 0.000572
data -0.575837 0.621996 -1.182002 0.237469 -0.567063 0.000572
data -0.576219 0.621996 -1.183909 0.242809 -0.564393 0.000572
data -0.576600 0.622377 -1.183909 0.242809 -0.564393 0.000572
data -0.576600 0.622377 -1.187724 0.244335 -0.563249 0.000572
data -0.576600 0.622377 -1.187724 0.246624 -0.561723 0.000572
data -0.576982 0.623140 -1.191920 0.249294 -0.560197 0.000572
data -0.577363 0.623522 -1.194209 0.249294 -0.560197 0.000572
data -0.577744 0.623522 -1.196498 0.253490 -0.557908 0.000572
data -0.577744 0.623903 -1.198405 0.255016 -0.557145 0.000572
data -0.577744 0.623903 -1.198405 0.255016 -0.557145 0.000572
data -0.578507 0.624666 -1.198405 0.255016 -0.557145 0.000572
data -0.578507 0.624666 -1.202220 0.258068 -0.555238 0.000572
data -0.578889 0.625048 -1.205653 0.260738 -0.553712 0.000572
data -0.578889 0.625048 -1.205653 0.260738 -0.553712 0.000572
data -0.579270 0.626192 -1.209468 0.263790 -0.551423 0.000572
data -0.579270 0.626574 -1.212138 0.266079 -0.549897 0.000572
data -0.579270 0.626955 -1.214427 0.267986 -0.548753 0.000572
data -0.579270 0.626955 -1.214427 0.267986 -0.548753 0.000572
data -0.579652 0.626955 -1.214427 0.267986 -0.548753 0.000572
data -0.579652 0.626955 -1.214427 0.267986 -0.548753 0.000572
data -0.579652 0.626955 -1.214427 0.267986 -0.548753 0.000572
data -0.580033 0.626955 -1.214427 0.267986 -0.548753 0.000572
data -0.580415 0.629244 -1.222439 0.274471 -0.544175 0.000572
data -0.580415 0.629244 -1.222439 0.274471 -0.544175 0.000572
data -0.580415 0.629244 -1.222439 0.274471 -0.544175 0.000572
data -0.580796 0.630007 -1.233120 0.281720 -0.539598 0.000572
data -0.580796 0.630007 -1.233120 0.281720 -0.539598 0.000572
data -0.581178 0.630770 -1.236935 0.285535 -0.537690 0.000572
data -0.581178 0.630770 -1.236935 0.285535 -0.537690 0.000572
data -0.581559 0.631533 -1.241512 0.285535 -0.537690 0.000572
data -0.581559 0.632296 -1.243801 0.290494 -0.533494 0.000572
data -0.581559 0.632677 -1.245708 0.291638 -0.532350 0.000572
data -0.581559 0.632677 -1.245708 0.291638 -0.532350 0.000572
data -0.581941 0.633440 -1.249905 0.294690 -0.530060 0.000572
data -0.582322 0.633821 -1.249905 0.294690 -0.530060 0.000572
data -0.582322 0.634584 -1.255627 0.295835 -0.529297 0.000572
data -0.582704 0.634966 -1.257534 0.298886 -0.526245 0.000572
data -0.582704 0.635729 -1.257534 0.298886 -0.526245 0.000572
data -0.583085 0.636110 -1.261730 0.301175 -0.523575 0.000572
data -0.583085 0.636492 -1.263256 0.301938 -0.523193 0.000572
data -0.583085 0.636873 -1.266689 0.303464 -0.520905 0.000572
data -0.583467 0.636873 -1.266689 0.303464 -0.520905 0.000572
data -0.583467 0.637255 -1.269360 0.304608 -0.519379 0.000572
data -0.583467 0.637255 -1.269360 0.304608 -0.519379 0.000572
data -0.583467 0.638781 -1.276989 0.308042 -0.514801 0.000572
data -0.583848 0.638781 -1.276989 0.308042 -0.514801 0.000572
data -0.583848 0.639544 -1.281185 0.310330 -0.513657 0.000572
data -0.583848 0.639544 -1.281185 0.310330 -0.513657 0.000572
data -0.584229 0.640306 -1.286145 0.312619 -0.510223 0.000572
data -0.584992 0.640306 -1.286145 0.312619 -0.510223 0.000572
data -0.584992 0.640306 -1.286145 0.312619 -0.510223 0.000572
data -0.584992 0.641069 -1.293393 0.316052 -0.506027 0.000572
data -0.584992 0.641451 -1.294538 0.316815 -0.506027 0.000572
data -0.585374 0.642214 -1.296826 0.317960 -0.505264 0.000572
data -0.585374 0.642214 -1.300641 0.319104 -0.502213 0.000572
data -0.585374 0.642595 -1.303311 0.319867 -0.500687 0.000572
data -0.585374 0.642595 -1.303311 0.319867 -0.500687 0.000572
data -0.585755 0.643740 -1.307889 0.321393 -0.498779 0.000572
data -0.586137 0.644884 -1.307889 0.321393 -0.498016 0.000572
data -0.586137 0.645266 -1.315137 0.323300 -0.494202 0.000572
data -0.586137 0.645647 -1.317807 0.323300 -0.494202 0.000572
data -0.586137 0.646029 -1.319715 0.324063 -0.491531 0.000572
data -0.586518 0.646791 -1.325055 0.324826 -0.488480 0.000572
data -0.586518 0.646791 -1.325055 0.324826 -0.488480 0.000572
data -0.586518 0.646791 -1.325055 0.324826 -0.488480 0.000572
data -0.586900 0.648699 -1.334210 0.325589 -0.485046 0.000572
data -0.586900 0.649080 -1.337644 0.325589 -0.481995 0.000954
data -0.586900 0.649080 -1.337644 0.325589 -0.481995 0.000954
data -0.586900 0.649080 -1.337644 0.325589 -0.481995 0.000954
data -0.586900 0.649843 -1.343366 0.325589 -0.479706 0.000572
data -0.586900 0.650606 -1.347944 0.325589 -0.476273 0.000572
data -0.586900 0.650606 -1.347944 0.325589 -0.476273 0.000572
data -0.586900 0.650988 -1.350996 0.325208 -0.474747 0.000572
data -0.586900 0.650988 -1.350996 0.325208 -0.474747 0.000572
data -0.586900 0.652132 -1.350996 0.325208 -0.474747 0.000572
data -0.586900 0.652132 -1.357862 0.325208 -0.470551 0.000572
data -0.586900 0.652514 -1.360151 0.325208 -0.469025 0.000572
data -0.586900 0.652514 -1.360151 0.325208 -0.469025 0.000572
data -0.586900 0.652514 -1.360151 0.325208 -0.469025 0.000572
data -0.586900 0.652514 -1.360151 0.325208 -0.469025 0.000572
data -0.586900 0.652514 -1.360151 0.325208 -0.469025 0.000572
data -0.586900 0.654039 -1.369307 0.324826 -0.463683 0.000572
data -0.586900 0.654039 -1.369307 0.324826 -0.463683 0.000572
data -0.586900 0.655184 -1.378080 0.324826 -0.459868 0.000572
data -0.586900 0.655565 -1.379988 0.324826 -0.458343 0.000572
data -0.586900 0.655565 -1.381895 0.324445 -0.456054 0.000572
data -0.586900 0.656329 -1.381895 0.324445 -0.456054 0.000572
data -0.586900 0.656329 -1.386854 0.324445 -0.453002 0.000572
data -0.586900 0.656711 -1.389906 0.324445 -0.452239 0.000572
data -0.586900 0.657092 -1.392958 0.324445 -0.449950 0.000572
data -0.586900 0.657474 -1.395628 0.324445 -0.449950 0.000572
data -0.586900 0.657855 -1.397917 0.324445 -0.448424 0.000572
data -0.586900 0.658237 -1.399824 0.324445 -0.446898 0.000572
data -0.586900 0.658237 -1.399824 0.324445 -0.446898 0.000572
data -0.586900 0.658237 -1.399824 0.324063 -0.446898 0.000572
data -0.586900 0.659381 -1.407073 0.324063 -0.446898 0.000572
data -0.586900 0.659762 -1.410506 0.323682 -0.441939 0.000572
data -0.586900 0.660144 -1.412795 0.323682 -0.437743 0.000572
data -0.586518 0.660525 -1.415084 0.323682 -0.436599 0.000572
data -0.586518 0.660907 -1.417373 0.323682 -0.434691 0.000572
data -0.586518 0.661288 -1.419662 0.323682 -0.433547 0.000572
data -0.586518 0.661670 -1.422332 0.323682 -0.431640 0.000572
data -0.586518 0.661670 -1.422332 0.323682 -0.431640 0.000572
data -0.586518 0.662433 -1.426528 0.323682 -0.429351 0.000572
data -0.586518 0.662433 -1.428054 0.324063 -0.428206 0.000572
data -0.586518 0.662814 -1.431487 0.323682 -0.425918 0.000954
data -0.586518 0.663196 -1.434157 0.323682 -0.424010 0.000954
data -0.586518 0.663577 -1.436065 0.324063 -0.423247 0.000572
data -0.586518 0.663959 -1.438735 0.324063 -0.421340 0.000572
data -0.586518 0.663959 -1.438735 0.324063 -0.421340 0.000572
data -0.586518 0.663959 -1.438735 0.324063 -0.421340 0.000572
data -0.586518 0.664721 -1.444839 0.324063 -0.417525 0.000572
data -0.586518 0.664721 -1.444839 0.324063 -0.417525 0.000572
data -0.586518 0.665484 -1.450179 0.323682 -0.414092 0.000572
data -0.586518 0.665866 -1.452468 0.323682 -0.412566 0.000572
data -0.586518 0.665866 -1.452468 0.323682 -0.412566 0.000572
data -0.586518 0.666247 -1.455520 0.323682 -0.410659 0.000572
data -0.586137 0.667010 -1.460860 0.323682 -0.407226 0.000572
data -0.586137 0.667010 -1.460860 0.323682 -0.407226 0.000572
data -0.586137 0.667010 -1.460860 0.323682 -0.407226 0.000572
data -0.586137 0.668155 -1.470779 0.323682 -0.401884 0.000572
data -0.586137 0.668536 -1.473450 0.323682 -0.400358 0.000572
data -0.586137 0.668536 -1.473450 0.323682 -0.400358 0.000572
data -0.586137 0.668536 -1.473450 0.323682 -0.400358 0.000572
data -0.586137 0.669681 -1.482986 0.324063 -0.400358 0.000572
data -0.585755 0.669681 -1.484512 0.323682 -0.394636 0.000572
data -0.585755 0.670062 -1.486420 0.323682 -0.393110 0.000572
data -0.585755 0.670444 -1.489090 0.323682 -0.391966 0.000572
data -0.585374 0.670444 -1.491760 0.323682 -0.390440 0.000572
data -0.585374 0.670825 -1.494049 0.324063 -0.389296 0.000572
data -0.585374 0.670825 -1.494049 0.324063 -0.389296 0.000572
data -0.584992 0.670825 -1.494049 0.324063 -0.389296 0.000572
data -0.584992 0.671206 -1.501678 0.324063 -0.384718 0.000572
data -0.584611 0.671206 -1.501678 0.324063 -0.384718 0.000572
data -0.584611 0.671588 -1.505875 0.324063 -0.382811 0.000572
data -0.584611 0.671588 -1.505875 0.324063 -0.382811 0.000572
data -0.584229 0.672351 -1.512741 0.324063 -0.379759 0.000572
data -0.584229 0.672351 -1.512741 0.324063 -0.379759 0.000572
data -0.584229 0.672351 -1.512741 0.324063 -0.379759 0.000572
data -0.584611 0.672732 -1.518463 0.324063 -0.377089 0.000572
data -0.584611 0.672732 -1.520370 0.324063 -0.376326 0.000572
data -0.584611 0.672732 -1.523041 0.324063 -0.375181 0.000572
data -0.584611 0.673114 -1.525330 0.324063 -0.374418 0.000572
data -0.584611 0.673114 -1.525330 0.324063 -0.374418 0.000572
data -0.584611 0.673114 -1.529144 0.324063 -0.372892 0.000572
data -0.584611 0.673114 -1.529144 0.324063 -0.372892 0.000572
data -0.584611 0.673495 -1.534867 0.324063 -0.372892 0.000572
data -0.584611 0.673877 -1.538682 0.324063 -0.369078 0.000572
data -0.584611 0.673877 -1.538682 0.324063 -0.369078 0.000572
data -0.584611 0.674258 -1.542115 0.324063 -0.367933 0.000572
data -0.584611 0.674258 -1.545548 0.324063 -0.367933 0.000572
data -0.584611 0.674258 -1.545548 0.324063 -0.365263 0.000572
data -0.584611 0.674640 -1.545548 0.324063 -0.365263 0.000572
data -0.584611 0.674640 -1.545548 0.324063 -0.365263 0.000572
data -0.584611 0.675021 -1.556611 0.324445 -0.364119 0.000572
data -0.584611 0.675021 -1.558518 0.324445 -0.362211 0.000572
data -0.584611 0.675021 -1.561189 0.324445 -0.361448 0.000572
data -0.584611 0.675021 -1.561189 0.324445 -0.361448 0.000572
data -0.584611 0.675021 -1.565766 0.324445 -0.361448 0.000572
data -0.584611 0.675403 -1.568055 0.324063 -0.359922 0.000572
data -0.584229 0.675403 -1.568055 0.324063 -0.359922 0.000572
data -0.584229 0.675784 -1.574159 0.324445 -0.358015 0.000572
data -0.584229 0.675784 -1.574159 0.324445 -0.357252 0.000572
data -0.584229 0.675784 -1.576447 0.324445 -0.356871 0.000572
data -0.584229 0.675784 -1.576447 0.324445 -0.356871 0.000572
data -0.584229 0.676166 -1.580262 0.324445 -0.355726 0.000572
data -0.584229 0.676166 -1.582932 0.324445 -0.355345 0.000572
data -0.584229 0.676547 -1.588273 0.324445 -0.353819 0.000572
data -0.584229 0.676547 -1.588273 0.324445 -0.353819 0.000572
data -0.584229 0.676929 -1.591706 0.324445 -0.353437 0.000572
data -0.584229 0.676929 -1.594759 0.324445 -0.353056 0.000954
data -0.584229 0.676929 -1.597048 0.324445 -0.353056 0.000572
data -0.584229 0.676929 -1.597048 0.324445 -0.353056 0.000572
data -0.584229 0.677310 -1.601625 0.324445 -0.352674 0.000572
data -0.584229 0.677310 -1.603151 0.324445 -0.351912 0.000572
data -0.584229 0.677310 -1.603151 0.324445 -0.351912 0.000572
data -0.584229 0.677691 -1.610781 0.324445 -0.351149 0.000572
data -0.584229 0.678073 -1.613451 0.324445 -0.350767 0.000572
data -0.584229 0.678073 -1.613451 0.324445 -0.350767 0.000572
data -0.584229 0.678073 -1.619555 0.324826 -0.349623 0.000572
data -0.584229 0.678454 -1.621843 0.324826 -0.349241 0.000572
data -0.584229 0.678454 -1.621843 0.324826 -0.349241 0.000572
data -0.583848 0.678454 -1.621843 0.324826 -0.349241 0.000572
data -0.583848 0.678836 -1.628328 0.324826 -0.348860 0.000572
data -0.583467 0.678836 -1.631380 0.324826 -0.348860 0.000572
data -0.583467 0.678836 -1.631380 0.324826 -0.348097 0.000572
data -0.583467 0.678836 -1.633669 0.324826 -0.347334 0.000572
data -0.582704 0.678836 -1.633669 0.324826 -0.347334 0.000572
data -0.582704 0.679217 -1.639772 0.324826 -0.346571 0.000572
data -0.582704 0.679217 -1.639772 0.324826 -0.346571 0.000572
data -0.581941 0.679217 -1.639772 0.324826 -0.346571 0.000572
data -0.581941 0.679599 -1.639772 0.324826 -0.346571 0.000572
data -0.581559 0.679599 -1.646257 0.324826 -0.344664 0.000572
data -0.581178 0.679599 -1.650072 0.324826 -0.343901 0.000572
data -0.580796 0.679980 -1.652742 0.324826 -0.342755 0.000572
data -0.580796 0.679980 -1.652742 0.324826 -0.342755 0.000572
data -0.580033 0.679980 -1.657702 0.325208 -0.341992 0.000572
data -0.580033 0.679980 -1.659610 0.325208 -0.341229 0.000572
data -0.579652 0.679980 -1.661899 0.325208 -0.341229 0.000572
data -0.579270 0.680362 -1.663424 0.325208 -0.340466 0.000572
data -0.579270 0.680362 -1.667239 0.325971 -0.338559 0.000572
data -0.578507 0.680743 -1.667239 0.325971 -0.338559 0.000572
data -0.578507 0.680743 -1.670672 0.326352 -0.337796 0.000572
data -0.578507 0.680743 -1.670672 0.326352 -0.337796 0.000572
data -0.577363 0.680743 -1.674869 0.326734 -0.336270 0.000572
data -0.576982 0.680743 -1.680972 0.327497 -0.333982 0.000572
data -0.576219 0.680743 -1.684405 0.328259 -0.332837 0.000572
data -0.576219 0.680743 -1.684405 0.328259 -0.332837 0.000572
data -0.576219 0.680743 -1.684405 0.328259 -0.332837 0.000572
data -0.575837 0.680743 -1.684405 0.328259 -0.332837 0.000572
data -0.575456 0.681125 -1.689746 0.329404 -0.331311 0.000572
data -0.575074 0.680743 -1.692035 0.330548 -0.331311 0.000572
data -0.574693 0.680743 -1.694324 0.330930 -0.329785 0.000572
data -0.574311 0.680743 -1.696231 0.331693 -0.329022 0.000572
data -0.574311 0.680743 -1.698138 0.332456 -0.328259 0.000572
data -0.573548 0.680743 -1.698138 0.332456 -0.328259 0.000572
data -0.573548 0.680743 -1.701571 0.333600 -0.327115 0.000572
data -0.573548 0.680743 -1.701571 0.333600 -0.327115 0.000572
data -0.572785 0.680743 -1.705386 0.335126 -0.325589 0.000572
data -0.572404 0.680743 -1.709201 0.336652 -0.324826 0.000572
data -0.572404 0.680743 -1.710727 0.337033 -0.323682 0.000572
data -0.572404 0.680743 -1.710727 0.337033 -0.323682 0.000572
data -0.571259 0.680743 -1.710727 0.337033 -0.323682 0.000572
data -0.571259 0.680743 -1.710727 0.337033 -0.323682 0.000572
data -0.570878 0.680743 -1.719120 0.339704 -0.321393 0.000572
data -0.570878 0.680743 -1.721027 0.341611 -0.319486 0.000572
data -0.570497 0.680743 -1.721027 0.341611 -0.319486 0.000572
data -0.570115 0.680743 -1.724842 0.343137 -0.317960 0.000572
data -0.570115 0.681125 -1.727131 0.343901 -0.316815 0.000572
data -0.570115 0.681125 -1.727131 0.343901 -0.316815 0.000572
data -0.570115 0.681125 -1.727131 0.343901 -0.316815 0.000572
data -0.570115 0.681125 -1.727131 0.343901 -0.316815 0.000572
data -0.570115 0.681125 -1.727131 0.343901 -0.316815 0.000572
data -0.568589 0.680743 -1.737431 0.347334 -0.311856 0.000572
data -0.568208 0.680743 -1.738956 0.347715 -0.311475 0.000572
data -0.567445 0.680743 -1.742390 0.348478 -0.309949 0.000572
data -0.567063 0.681125 -1.745441 0.348478 -0.309949 0.000572
data -0.566682 0.680743 -1.746586 0.349241 -0.308042 0.000572
data -0.566300 0.680743 -1.748493 0.350004 -0.308042 0.000572
data -0.566300 0.681125 -1.750019 0.350004 -0.307279 0.000572
data -0.565919 0.680743 -1.751545 0.350386 -0.305753 0.000572
data -0.565919 0.680743 -1.751545 0.350386 -0.305753 0.000572
data -0.565919 0.680743 -1.751545 0.350386 -0.305753 0.000572
data -0.565919 0.680743 -1.756886 0.351149 -0.303464 0.000572
data -0.564393 0.681125 -1.759174 0.351149 -0.302701 0.000572
data -0.564012 0.681125 -1.762226 0.351149 -0.301938 0.000572
data -0.563630 0.680743 -1.764133 0.351149 -0.300794 0.000572
data -0.563630 0.680743 -1.764133 0.351149 -0.300794 0.000572
data -0.562867 0.681125 -1.767185 0.351149 -0.299268 0.000572
data -0.562486 0.681125 -1.767185 0.351149 -0.299268 0.000572
data -0.562486 0.681125 -1.767185 0.351149 -0.299268 0.000572
data -0.562486 0.680743 -1.767185 0.351149 -0.299268 0.000572
data -0.561341 0.680743 -1.775959 0.351149 -0.295835 0.000572
data -0.561341 0.680743 -1.775959 0.351149 -0.295835 0.000572
data -0.560960 0.680743 -1.779011 0.351149 -0.294690 0.000572
data -0.560578 0.680743 -1.780918 0.351149 -0.293546 0.000572
data -0.560197 0.681125 -1.782445 0.351149 -0.292783 0.000572
data -0.559815 0.680743 -1.783971 0.350767 -0.292020 0.000572
data -0.559815 0.680743 -1.783971 0.350767 -0.292020 0.000572
data -0.559815 0.680743 -1.783971 0.350767 -0.292020 0.000572
data -0.558671 0.681125 -1.789311 0.350767 -0.289731 0.000572
data -0.557908 0.681125 -1.789311 0.350767 -0.288968 0.000572
data -0.557908 0.680743 -1.792363 0.350386 -0.287061 0.000572
data -0.557527 0.680743 -1.793889 0.350386 -0.286298 0.000572
data -0.557527 0.680743 -1.793889 0.350386 -0.286298 0.000572
data -0.557527 0.680743 -1.793889 0.350386 -0.286298 0.000572
data -0.557527 0.680743 -1.793889 0.350386 -0.286298 0.000572
data -0.555619 0.681125 -1.800374 0.350004 -0.282865 0.000572
data -0.555238 0.681125 -1.801900 0.350004 -0.282102 0.000572
data -0.554856 0.680743 -1.803044 0.349623 -0.281720 0.000572
data -0.554475 0.680743 -1.803044 0.349623 -0.281720 0.000572
data -0.554093 0.680743 -1.804570 0.349623 -0.280956 0.000572
data -0.554093 0.680743 -1.806478 0.349241 -0.280193 0.000572
data -0.554093 0.680743 -1.806478 0.349241 -0.279812 0.000572
data -0.552949 0.680743 -1.806478 0.349241 -0.279812 0.000572
data -0.552949 0.680743 -1.806478 0.349241 -0.279812 0.000572
data -0.552949 0.680743 -1.812200 0.349241 -0.279812 0.000572
data -0.552949 0.680743 -1.812200 0.348478 -0.279812 0.000572
data -0.551423 0.680743 -1.812200 0.348478 -0.279812 0.000572
data -0.550660 0.681125 -1.813344 0.348478 -0.276760 0.000572
data -0.550660 0.681125 -1.813344 0.348478 -0.276760 0.000572
data -0.549897 0.680743 -1.816777 0.347715 -0.276760 0.000572
data -0.549516 0.681125 -1.816777 0.347715 -0.275616 0.000572
data -0.549134 0.681125 -1.818685 0.347334 -0.275616 0.000572
data -0.548753 0.681125 -1.819829 0.346571 -0.274471 0.000954
data -0.548371 0.681125 -1.820592 0.346189 -0.274471 0.000954
data -0.548371 0.680743 -1.820973 0.345808 -0.274090 0.000572
data -0.547608 0.681125 -1.822118 0.345427 -0.273708 0.000572
data -0.547227 0.681125 -1.822881 0.344664 -0.273327 0.000572
data -0.547227 0.681125 -1.822881 0.344664 -0.273327 0.000572
data -0.546464 0.681125 -1.823644 0.344282 -0.272945 0.000572
data -0.546082 0.681125 -1.824788 0.343518 -0.272564 0.000572
data -0.545701 0.680743 -1.825170 0.343137 -0.272182 0.000572
data -0.545320 0.681125 -1.825933 0.343137 -0.272182 0.000572
data -0.544938 0.681125 -1.826314 0.342374 -0.271801 0.000572
data -0.544175 0.681125 -1.827077 0.342374 -0.271801 0.000572
data -0.543794 0.681125 -1.827458 0.340848 -0.271420 0.000572
data -0.543412 0.681125 -1.827458 0.340848 -0.271420 0.000572
data -0.543031 0.681125 -1.828221 0.340085 -0.271038 0.000572
data -0.542649 0.681125 -1.828221 0.339704 -0.270657 0.000572
data -0.542268 0.681125 -1.828603 0.338941 -0.270657 0.000572
data -0.542268 0.680743 -1.828603 0.338559 -0.270275 0.000572
data -0.541886 0.681125 -1.828984 0.338178 -0.270275 0.000572
data -0.541123 0.680743 -1.828984 0.337415 -0.270275 0.000572
data -0.540742 0.680743 -1.828984 0.337415 -0.269894 0.000572
data -0.540360 0.681125 -1.828984 0.337033 -0.269512 0.000572
data -0.540360 0.681125 -1.828984 0.337033 -0.269512 0.000572
data -0.539216 0.681125 -1.828984 0.336270 -0.269131 0.000572
data -0.538453 0.681125 -1.828984 0.336270 -0.269131 0.000572
data -0.538453 0.680743 -1.828984 0.335507 -0.268749 0.000572
data -0.538072 0.680743 -1.828984 0.334363 -0.268368 0.000572
data -0.537690 0.680743 -1.828984 0.333982 -0.268368 0.000572
data -0.537309 0.680743 -1.828984 0.333600 -0.267986 0.000572
data -0.537309 0.681125 -1.828984 0.333600 -0.267986 0.000572
data -0.536927 0.680743 -1.828603 0.332074 -0.267605 0.000572
data -0.536546 0.681125 -1.828603 0.330548 -0.267605 0.000572
data -0.536546 0.681125 -1.828603 0.330548 -0.267605 0.000572
data -0.536164 0.680743 -1.828221 0.329785 -0.267223 0.000572
data -0.535783 0.681125 -1.828221 0.328641 -0.267223 0.000572
data -0.535783 0.680743 -1.828221 0.328641 -0.267223 0.000572
data -0.535783 0.681125 -1.827840 0.326734 -0.266842 0.000572
data -0.535401 0.680743 -1.827840 0.325208 -0.266842 0.000572
data -0.535401 0.680743 -1.827840 0.325208 -0.266842 0.000572
data -0.535401 0.680743 -1.827840 0.325208 -0.266460 0.000572
data -0.535020 0.680743 -1.827458 0.321774 -0.265697 0.000572
data -0.535020 0.680743 -1.827458 0.321774 -0.265697 0.000572
data -0.535020 0.680743 -1.827458 0.321774 -0.265697 0.000572
data -0.534638 0.680743 -1.827077 0.321774 -0.265697 0.000572
data -0.534257 0.680743 -1.827077 0.317960 -0.264935 0.000572
data -0.534257 0.680743 -1.827077 0.315671 -0.264553 0.000572
data -0.534257 0.681125 -1.826695 0.312619 -0.264172 0.000572
data -0.533875 0.681125 -1.826695 0.312619 -0.264172 0.000572
data -0.533875 0.681125 -1.826314 0.310330 -0.264172 0.000572
data -0.533875 0.680743 -1.826314 0.309567 -0.263409 0.000572
data -0.533875 0.680743 -1.826314 0.309567 -0.263409 0.000572
data -0.533875 0.680743 -1.826314 0.309567 -0.263409 0.000572
data -0.533875 0.681125 -1.825933 0.304990 -0.261883 0.000572
data -0.533875 0.680743 -1.825551 0.303082 -0.261501 0.000572
data -0.533875 0.680743 -1.825551 0.303082 -0.261501 0.000572
data -0.533875 0.680743 -1.825170 0.300031 -0.261501 0.000572
data -0.533875 0.681125 -1.825170 0.299268 -0.260738 0.000572
data -0.533875 0.681125 -1.825170 0.297742 -0.260357 0.000572
data -0.533875 0.680743 -1.824788 0.295453 -0.259975 0.000572
data -0.533875 0.681125 -1.824407 0.293546 -0.259975 0.000572
data -0.533875 0.680743 -1.824407 0.292020 -0.259594 0.000572
data -0.533875 0.680743 -1.824407 0.292020 -0.259594 0.000572
data -0.533875 0.680743 -1.824025 0.288587 -0.259212 0.000572
data -0.533875 0.681125 -1.824025 0.287061 -0.259212 0.000572
data -0.533875 0.681125 -1.824025 0.287061 -0.259212 0.000572
data -0.533875 0.680743 -1.824025 0.287061 -0.259212 0.000572
data -0.533875 0.680743 -1.823262 0.283246 -0.258831 0.000572
data -0.533875 0.681125 -1.822881 0.280193 -0.258450 0.000572
data -0.533875 0.681125 -1.822881 0.280193 -0.258450 0.000572
data -0.533875 0.680743 -1.822499 0.276760 -0.258068 0.000572
data -0.533875 0.680743 -1.822499 0.276760 -0.258068 0.000572
data -0.533875 0.680743 -1.822499 0.276760 -0.258068 0.000572
data -0.533875 0.680743 -1.822499 0.276760 -0.258068 0.000572
data -0.533875 0.680743 -1.821355 0.271038 -0.257687 0.000572
data -0.533875 0.681125 -1.820592 0.267223 -0.257305 0.000572
data -0.533875 0.681125 -1.820210 0.267223 -0.257305 0.000572
data -0.533875 0.680743 -1.820210 0.263790 -0.257305 0.000572
data -0.533875 0.680743 -1.819829 0.261883 -0.257305 0.000572
data -0.533875 0.681125 -1.819448 0.260357 -0.257305 0.000572
data -0.533875 0.681125 -1.819066 0.258068 -0.257305 0.000572
data -0.533875 0.681125 -1.819066 0.258068 -0.257305 0.000572
data -0.533875 0.680743 -1.819066 0.258068 -0.257305 0.000572
data -0.533875 0.680743 -1.818303 0.252728 -0.257305 0.000572
data -0.533875 0.680743 -1.817922 0.250820 -0.257305 0.000572
data -0.533875 0.681125 -1.817159 0.248913 -0.257305 0.000572
data -0.533875 0.681125 -1.816777 0.246624 -0.257305 0.000572
data -0.533875 0.681125 -1.816777 0.246624 -0.257305 0.000572
data -0.533875 0.681125 -1.816777 0.246624 -0.257305 0.000572
data -0.533875 0.681125 -1.816777 0.246624 -0.257305 0.000572
data -0.533875 0.681125 -1.816777 0.246624 -0.257305 0.000572
data -0.533875 0.680743 -1.814488 0.235943 -0.257687 0.000572
data -0.533875 0.680743 -1.813725 0.234035 -0.257687 0.000572
data -0.533875 0.680743 -1.813344 0.231747 -0.257687 0.000572
data -0.533875 0.680743 -1.812581 0.231747 -0.257687 0.000572
data -0.533875 0.680743 -1.812200 0.228313 -0.257687 0.000572
data -0.533875 0.680743 -1.812200 0.228313 -0.257687 0.000572
data -0.534257 0.680743 -1.810674 0.224880 -0.257687 0.000572
data -0.534257 0.680743 -1.810292 0.222210 -0.257687 0.000572
data -0.534257 0.680743 -1.809529 0.220303 -0.257687 0.000572
data -0.534257 0.680743 -1.809529 0.220303 -0.257687 0.000572
data -0.534257 0.680743 -1.808766 0.217631 -0.257687 0.000572
data -0.534257 0.680743 -1.806859 0.217631 -0.257687 0.000572
data -0.534257 0.680743 -1.806859 0.213435 -0.257305 0.000572
data -0.534638 0.680743 -1.805333 0.209239 -0.257305 0.000572
data -0.534638 0.680743 -1.804189 0.206187 -0.257687 0.000572
data -0.534638 0.680743 -1.804189 0.206187 -0.257687 0.000572
data -0.534638 0.680743 -1.803044 0.202754 -0.257687 0.000572
data -0.534638 0.680743 -1.802281 0.200847 -0.257687 0.000572
data -0.535020 0.680743 -1.801518 0.200847 -0.257687 0.000572
data -0.535020 0.680743 -1.800374 0.197795 -0.257687 0.000572
data -0.535020 0.680743 -1.800374 0.197795 -0.257687 0.000572
data -0.535020 0.680743 -1.800374 0.197795 -0.257687 0.000572
data -0.535020 0.680743 -1.798085 0.197795 -0.257687 0.000572
data -0.535020 0.680743 -1.796559 0.189784 -0.257305 0.000572
data -0.535020 0.680743 -1.795796 0.188258 -0.257305 0.000572
data -0.535020 0.680743 -1.795033 0.186732 -0.257687 0.000572
data -0.535020 0.680743 -1.794271 0.185206 -0.257687 0.000572
data -0.535020 0.680743 -1.794271 0.185206 -0.257687 0.000572
data -0.535020 0.680743 -1.792363 0.181392 -0.257687 0.000572
data -0.535020 0.680743 -1.791219 0.179484 -0.257687 0.000572
data -0.535020 0.680743 -1.790456 0.178340 -0.257687 0.000572
data -0.535020 0.680743 -1.789311 0.176433 -0.257687 0.000572
data -0.535020 0.680743 -1.788548 0.175288 -0.257687 0.000572
data -0.535020 0.680743 -1.787404 0.173381 -0.257687 0.000572
data -0.535020 0.680743 -1.786641 0.172236 -0.257687 0.000572
data -0.535020 0.680743 -1.786641 0.172236 -0.257687 0.000572
data -0.535020 0.680743 -1.783971 0.172236 -0.257687 0.000572
data -0.535020 0.680743 -1.783589 0.168422 -0.257687 0.000572
data -0.535020 0.680743 -1.782445 0.165751 -0.257687 0.000572
data -0.535020 0.680743 -1.780918 0.163844 -0.257687 0.000572
data -0.535020 0.680743 -1.780155 0.162318 -0.257687 0.000572
data -0.535020 0.681125 -1.779011 0.160792 -0.257687 0.000572
data -0.535020 0.680743 -1.777866 0.158885 -0.258068 0.000572
data -0.535020 0.680743 -1.777866 0.158885 -0.258068 0.000572
data -0.535020 0.680743 -1.775959 0.155832 -0.258068 0.000572
data -0.535020 0.680743 -1.774052 0.153543 -0.258068 0.000572
data -0.535020 0.680743 -1.773289 0.152399 -0.258068 0.000572
data -0.535020 0.680743 -1.772144 0.150873 -0.258068 0.000572
data -0.535020 0.680743 -1.771000 0.149347 -0.258068 0.000572
data -0.535020 0.680743 -1.771000 0.149347 -0.258068 0.000572
data -0.535020 0.680743 -1.767948 0.145914 -0.258068 0.000572
data -0.535020 0.680743 -1.767948 0.145914 -0.258068 0.000572
data -0.535020 0.680743 -1.767948 0.145914 -0.258068 0.000572
data -0.535020 0.680743 -1.764515 0.142099 -0.258068 0.000572
data -0.535020 0.680743 -1.763371 0.140574 -0.258068 0.000572
data -0.535020 0.680743 -1.762226 0.138666 -0.258068 0.000572
data -0.535020 0.680743 -1.761082 0.137522 -0.258068 0.000572
data -0.535020 0.680743 -1.759937 0.135996 -0.258068 0.000572
data -0.535020 0.680743 -1.758411 0.134470 -0.258068 0.000572
data -0.535020 0.680743 -1.758411 0.134470 -0.258068 0.000572
data -0.535020 0.680743 -1.755741 0.131037 -0.258450 0.000572
data -0.535020 0.680743 -1.754215 0.129129 -0.258450 0.000572
data -0.535020 0.680743 -1.754215 0.129129 -0.258450 0.000572
data -0.535020 0.680743 -1.752308 0.127604 -0.258450 0.000572
data -0.535020 0.680743 -1.750782 0.125696 -0.258450 0.000572
data -0.535020 0.680362 -1.749256 0.124170 -0.258450 0.000572
data -0.535020 0.680362 -1.748112 0.123026 -0.258450 0.000572
data -0.535020 0.680362 -1.748112 0.123026 -0.258450 0.000572
data -0.535020 0.680362 -1.745441 0.123026 -0.258450 0.000572
data -0.535020 0.680362 -1.743916 0.119974 -0.258450 0.000572
data -0.535020 0.680362 -1.742771 0.117304 -0.258450 0.000572
data -0.535020 0.680362 -1.740864 0.115396 -0.258450 0.000572
data -0.535020 0.680362 -1.739719 0.114252 -0.258450 0.000572
data -0.535020 0.679980 -1.738575 0.112726 -0.258831 0.000572
data -0.535020 0.679980 -1.738575 0.112726 -0.258831 0.000572
data -0.535020 0.679980 -1.738575 0.112726 -0.258831 0.000572
data -0.535020 0.679980 -1.738575 0.112726 -0.258831 0.000572
data -0.535020 0.679980 -1.732853 0.106241 -0.259594 0.000572
data -0.535020 0.679980 -1.731709 0.105097 -0.259594 0.000572
data -0.535020 0.679980 -1.730183 0.103571 -0.259975 0.000572
data -0.535020 0.679599 -1.728657 0.102045 -0.259975 0.000572
data -0.535020 0.679599 -1.727512 0.100519 -0.260357 0.000572
data -0.535020 0.679599 -1.725986 0.098993 -0.260357 0.000572
data -0.535020 0.679599 -1.725986 0.098993 -0.260357 0.000572
data -0.535020 0.679599 -1.725986 0.098993 -0.260357 0.000572
data -0.535020 0.679217 -1.722935 0.095560 -0.261120 0.000572
data -0.535020 0.679217 -1.720264 0.092889 -0.261501 0.000572
data -0.535020 0.679217 -1.718738 0.091363 -0.261883 0.000572
data -0.535020 0.678836 -1.717212 0.089837 -0.262264 0.000572
data -0.535020 0.678836 -1.716067 0.088693 -0.262264 0.000572
data -0.535020 0.678454 -1.713016 0.085641 -0.263027 0.000572
data -0.535020 0.678454 -1.713016 0.085641 -0.263027 0.000572
data -0.535401 0.678454 -1.711490 0.083734 -0.263790 0.000572
data -0.535401 0.678073 -1.709582 0.081445 -0.264172 0.000572
data -0.535401 0.678073 -1.708056 0.080300 -0.264553 0.000572
data -0.535401 0.677691 -1.706531 0.078393 -0.264935 0.000572
data -0.535783 0.677691 -1.705005 0.078393 -0.264935 0.000572
data -0.535783 0.677310 -1.703860 0.075723 -0.265316 0.000572
data -0.535783 0.677310 -1.701571 0.073434 -0.266079 0.000572
data -0.536164 0.677310 -1.701571 0.073434 -0.266079 0.000572
data -0.536164 0.676929 -1.698901 0.071145 -0.266842 0.000572
data -0.536164 0.676547 -1.697375 0.069619 -0.266842 0.000572
data -0.536164 0.676547 -1.697375 0.069619 -0.266842 0.000572
data -0.536546 0.676166 -1.694324 0.066949 -0.267605 0.000572
data -0.536546 0.675784 -1.692798 0.065804 -0.267986 0.000572
data -0.536546 0.675403 -1.690890 0.063897 -0.268368 0.000572
data -0.536546 0.675403 -1.690890 0.063897 -0.268368 0.000572
data -0.536927 0.675021 -1.687457 0.061227 -0.268368 0.000572
data -0.536927 0.674640 -1.686313 0.059319 -0.269894 0.000572
data -0.536927 0.674640 -1.684787 0.058175 -0.270275 0.000572
data -0.536927 0.674258 -1.683261 0.056649 -0.270657 0.000572
data -0.536927 0.673877 -1.681735 0.055123 -0.271420 0.000572
data -0.536927 0.673495 -1.681735 0.055123 -0.271420 0.000572
data -0.537309 0.673495 -1.678683 0.052453 -0.272564 0.000572
data -0.537309 0.673114 -1.676013 0.049783 -0.274090 0.000572
data -0.537309 0.673114 -1.676013 0.049783 -0.274090 0.000572
data -0.537309 0.672732 -1.674106 0.047875 -0.274853 0.000572
data -0.537690 0.672351 -1.671817 0.045587 -0.275997 0.000572
data -0.538072 0.672351 -1.671817 0.045587 -0.275997 0.000572
data -0.538072 0.671588 -1.668765 0.042916 -0.277905 0.000572
data -0.538453 0.671206 -1.667621 0.041390 -0.278667 0.000572
data -0.538453 0.670825 -1.666095 0.039865 -0.279812 0.000572
data -0.538453 0.670825 -1.666095 0.039865 -0.279812 0.000572
data -0.538453 0.670825 -1.666095 0.039865 -0.279812 0.000572
data -0.539216 0.669681 -1.660754 0.036050 -0.282102 0.000572
data -0.539598 0.668918 -1.659228 0.032617 -0.282102 0.000572
data -0.539979 0.668536 -1.657702 0.031090 -0.285153 0.000572
data -0.539979 0.668155 -1.655794 0.028801 -0.286679 0.000572
data -0.539979 0.667392 -1.654650 0.027275 -0.288205 0.000572
data -0.540360 0.667010 -1.653124 0.025749 -0.289350 0.000572
data -0.540360 0.667010 -1.653124 0.025749 -0.289350 0.000572
data -0.540742 0.665866 -1.649691 0.022697 -0.291638 0.000572
data -0.541123 0.665484 -1.648165 0.022697 -0.291638 0.000572
data -0.541123 0.664721 -1.646257 0.019264 -0.295072 0.000572
data -0.541505 0.664340 -1.645113 0.017738 -0.296216 0.000572
data -0.541505 0.663959 -1.643587 0.016212 -0.297742 0.000572
data -0.541886 0.663196 -1.641680 0.014687 -0.298886 0.000572
data -0.541886 0.662433 -1.639391 0.012398 -0.300794 0.000572
data -0.541886 0.662433 -1.639391 0.012398 -0.300794 0.000572
data -0.542268 0.661670 -1.637102 0.010109 -0.303082 0.000572
data -0.542268 0.660907 -1.634813 0.007820 -0.304990 0.000572
data -0.542649 0.660525 -1.633287 0.006294 -0.306516 0.000572
data -0.543031 0.659762 -1.631380 0.004768 -0.308042 0.000954
data -0.543031 0.659381 -1.629473 0.002861 -0.309949 0.000572
data -0.543412 0.658999 -1.627947 0.001335 -0.311475 0.000572
data -0.543412 0.658237 -1.626040 -0.000572 -0.313382 0.000572
data -0.543412 0.658237 -1.626040 -0.000572 -0.313382 0.000572
data -0.543794 0.657474 -1.622988 -0.003624 -0.316434 0.000572
data -0.544175 0.656329 -1.619173 -0.006676 -0.320249 0.000572
data -0.544175 0.655565 -1.617647 -0.008202 -0.321774 0.000572
data -0.544557 0.655184 -1.615740 -0.009346 -0.323300 0.000572
data -0.544557 0.654802 -1.613832 -0.011253 -0.325208 0.000572
data -0.544557 0.654802 -1.613832 -0.011253 -0.325208 0.000572
data -0.544557 0.654802 -1.613832 -0.011253 -0.325208 0.000572
data -0.544938 0.652895 -1.613832 -0.011253 -0.325208 0.000572
data -0.545320 0.652132 -1.608492 -0.015831 -0.330167 0.000572
data -0.545701 0.651369 -1.604296 -0.019264 -0.334363 0.000572
data -0.545701 0.650988 -1.602388 -0.021172 -0.334363 0.000572
data -0.545701 0.650225 -1.602388 -0.021172 -0.336652 0.000572
data -0.545701 0.650225 -1.600863 -0.022697 -0.338559 0.000572
data -0.546082 0.649080 -1.597048 -0.026131 -0.343137 0.000572
data -0.546082 0.649080 -1.597048 -0.026131 -0.343137 0.000572
data -0.546082 0.649080 -1.597048 -0.026131 -0.343137 0.000572
data -0.546082 0.647173 -1.592088 -0.029945 -0.343137 0.000572
data -0.546464 0.646029 -1.589036 -0.029945 -0.348860 0.000572
data -0.546464 0.645647 -1.587510 -0.033761 -0.354200 0.000572
data -0.546464 0.644884 -1.585984 -0.034905 -0.354200 0.000572
data -0.546464 0.644503 -1.584077 -0.036431 -0.358397 0.000572
data -0.546464 0.644503 -1.584077 -0.036431 -0.358397 0.000572
data -0.546464 0.644503 -1.584077 -0.036431 -0.358397 0.000572
data -0.546464 0.642595 -1.579499 -0.039865 -0.364119 0.000572
data -0.546845 0.641451 -1.576066 -0.042535 -0.368315 0.000572
data -0.546845 0.640688 -1.573777 -0.042535 -0.368315 0.000572
data -0.546845 0.639925 -1.571870 -0.045968 -0.372892 0.000572
data -0.546845 0.639162 -1.569963 -0.047494 -0.375181 0.000572
data -0.547227 0.638781 -1.568437 -0.048638 -0.377470 0.000572
data -0.547227 0.637255 -1.564622 -0.052072 -0.382811 0.000572
data -0.547227 0.637255 -1.564622 -0.052072 -0.382811 0.000572
data -0.547227 0.637255 -1.564622 -0.052072 -0.382811 0.000572
data -0.547227 0.636110 -1.561570 -0.053597 -0.385862 0.000572
data -0.547227 0.634966 -1.558137 -0.056268 -0.389677 0.000572
data -0.547227 0.634203 -1.555848 -0.057412 -0.389677 0.000572
data -0.547227 0.633440 -1.554322 -0.058938 -0.394255 0.000572
data -0.547227 0.632677 -1.552415 -0.059701 -0.396162 0.000572
data -0.547227 0.631151 -1.548982 -0.062371 -0.400358 0.000572
data -0.547227 0.630388 -1.546693 -0.063897 -0.403028 0.000572
data -0.547227 0.629625 -1.544404 -0.065042 -0.405699 0.000572
data -0.547227 0.628862 -1.542497 -0.066567 -0.407989 0.000572
data -0.547227 0.628099 -1.540208 -0.067712 -0.410659 0.000572
data -0.547227 0.627337 -1.538301 -0.067712 -0.410659 0.000572
data -0.547227 0.626574 -1.536775 -0.070001 -0.415236 0.000572
data -0.547227 0.626574 -1.536775 -0.070001 -0.415236 0.000572
data -0.547227 0.626574 -1.536775 -0.070001 -0.415236 0.000572
data -0.547227 0.624666 -1.530670 -0.074197 -0.422484 0.000572
data -0.547227 0.623522 -1.527237 -0.076486 -0.426681 0.000572
data -0.547227 0.622759 -1.527237 -0.076486 -0.426681 0.000572
data -0.547227 0.622377 -1.523422 -0.079537 -0.432021 0.000572
data -0.547227 0.621614 -1.521515 -0.080682 -0.434310 0.000572
data -0.547227 0.620852 -1.519608 -0.080682 -0.434310 0.000572
data -0.547227 0.620852 -1.519608 -0.080682 -0.434310 0.000572
data -0.547227 0.620852 -1.519608 -0.082208 -0.437362 0.000572
data -0.546845 0.618563 -1.514267 -0.086404 -0.444228 0.000572
data -0.546845 0.617418 -1.510834 -0.088693 -0.448424 0.000572
data -0.546845 0.616655 -1.510834 -0.088693 -0.448424 0.000572
data -0.546845 0.615511 -1.508926 -0.090600 -0.451476 0.000572
data -0.546845 0.615129 -1.505112 -0.093652 -0.456435 0.000572
data -0.546845 0.615129 -1.505112 -0.093652 -0.456435 0.000572
data -0.546845 0.613985 -1.502441 -0.095560 -0.459868 0.000572
data -0.546845 0.613985 -1.502441 -0.095560 -0.459868 0.000572
data -0.546845 0.613985 -1.502441 -0.095560 -0.459868 0.000572
data -0.546845 0.613985 -1.494049 -0.095560 -0.459868 0.000572
data -0.546845 0.610170 -1.493286 -0.102045 -0.459868 0.000572
data -0.546464 0.609026 -1.489853 -0.105478 -0.477036 0.000572
data -0.546464 0.608263 -1.488327 -0.106623 -0.479324 0.000572
data -0.546464 0.607119 -1.485657 -0.108530 -0.482758 0.000572
data -0.546464 0.607119 -1.485657 -0.108530 -0.482758 0.000572
data -0.546464 0.607119 -1.485657 -0.108530 -0.482758 0.000572
data -0.546082 0.604448 -1.478409 -0.113871 -0.492294 0.000572
data -0.545701 0.603685 -1.476501 -0.115015 -0.494583 0.000572
data -0.545320 0.602922 -1.473831 -0.116922 -0.498016 0.000572
data -0.545320 0.602160 -1.472305 -0.118067 -0.500305 0.000572
data -0.544938 0.601397 -1.470016 -0.119593 -0.502594 0.000572
data -0.544557 0.600634 -1.467727 -0.121119 -0.505646 0.000572
data -0.544557 0.600634 -1.467727 -0.121119 -0.505646 0.000572
data -0.544175 0.598726 -1.463149 -0.124552 -0.510986 0.000572
data -0.543794 0.597582 -1.463149 -0.124552 -0.510986 0.000572
data -0.543794 0.596819 -1.458190 -0.127985 -0.517853 0.000572
data -0.543412 0.596056 -1.456283 -0.129511 -0.520142 0.000572
data -0.543031 0.595293 -1.453994 -0.130655 -0.523193 0.000572
data -0.543031 0.594149 -1.451705 -0.132181 -0.526245 0.000572
data -0.542268 0.594149 -1.451705 -0.132181 -0.526245 0.000572
data -0.542268 0.592622 -1.447509 -0.135233 -0.531968 0.000572
data -0.541886 0.591477 -1.444457 -0.137140 -0.535401 0.000572
data -0.541886 0.590714 -1.442550 -0.138666 -0.538072 0.000572
data -0.541505 0.589952 -1.440642 -0.139811 -0.541123 0.000572
data -0.541123 0.589189 -1.438354 -0.141336 -0.544175 0.000572
data -0.540742 0.588426 -1.436446 -0.142481 -0.546464 0.000572
data -0.540360 0.587663 -1.433776 -0.144007 -0.549897 0.000572
data -0.539979 0.587663 -1.433776 -0.144007 -0.549897 0.000572
data -0.539979 0.585755 -1.430343 -0.146677 -0.554475 0.000572
data -0.539598 0.584992 -1.426909 -0.148966 -0.558671 0.000572
data -0.539216 0.584229 -1.425002 -0.150110 -0.561341 0.000572
data -0.539216 0.583467 -1.422713 -0.151636 -0.561341 0.000572
data -0.538835 0.582704 -1.421187 -0.152781 -0.567063 0.000572
data -0.538453 0.581559 -1.418517 -0.154688 -0.570497 0.000572
data -0.538072 0.580415 -1.415084 -0.156978 -0.575074 0.000572
data -0.538072 0.580415 -1.415084 -0.156978 -0.575074 0.000572
data -0.537690 0.579270 -1.415084 -0.156978 -0.575074 0.000572
data -0.537309 0.578126 -1.409743 -0.160029 -0.579652 0.000572
data -0.536927 0.577363 -1.407454 -0.161555 -0.579652 0.000572
data -0.536546 0.576600 -1.405928 -0.162318 -0.586137 0.000572
data -0.536546 0.575837 -1.404020 -0.163463 -0.591477 0.000572
data -0.536164 0.574693 -1.401350 -0.164989 -0.595675 0.000572
data -0.535783 0.573930 -1.399824 -0.166133 -0.598345 0.000572
data -0.535020 0.573930 -1.399824 -0.166133 -0.598345 0.000572
data -0.535020 0.572404 -1.395247 -0.168422 -0.605211 0.000572
data -0.535020 0.571641 -1.393721 -0.169185 -0.606737 0.000572
data -0.534257 0.570115 -1.390669 -0.171474 -0.612078 0.000572
data -0.533875 0.569352 -1.388380 -0.172618 -0.615511 0.000572
data -0.533494 0.568208 -1.386091 -0.173762 -0.618563 0.000572
data -0.533494 0.567445 -1.384184 -0.174907 -0.621996 0.000572
data -0.533494 0.567445 -1.384184 -0.174907 -0.621996 0.000572
data -0.532731 0.567445 -1.384184 -0.174907 -0.621996 0.000572
data -0.532350 0.565156 -1.379225 -0.178340 -0.630388 0.000572
data -0.531968 0.563630 -1.375792 -0.180629 -0.636492 0.000572
data -0.531587 0.562486 -1.373884 -0.181773 -0.640306 0.000572
data -0.531204 0.561723 -1.371595 -0.183299 -0.644121 0.000572
data -0.530823 0.560578 -1.369688 -0.184443 -0.647554 0.000572
data -0.530823 0.559815 -1.368162 -0.185588 -0.650606 0.000572
data -0.530823 0.559815 -1.368162 -0.185588 -0.650606 0.000572
data -0.530823 0.559815 -1.368162 -0.185588 -0.650606 0.000572
data -0.529678 0.556382 -1.361296 -0.189403 -0.663577 0.000572
data -0.529297 0.555238 -1.361296 -0.189403 -0.663577 0.000572
data -0.528915 0.554093 -1.356337 -0.192454 -0.672351 0.000572
data -0.528915 0.554093 -1.356337 -0.192454 -0.672351 0.000572
data -0.528534 0.552567 -1.353285 -0.194362 -0.676166 0.000572
data -0.528152 0.551423 -1.351377 -0.195888 -0.682269 0.000572
data -0.527390 0.549516 -1.347181 -0.198176 -0.689898 0.000572
data -0.527390 0.549516 -1.347181 -0.198176 -0.689898 0.000572
data -0.526627 0.547227 -1.343747 -0.200465 -0.695239 0.000572
data -0.526245 0.546464 -1.341458 -0.201991 -0.695239 0.000572
data -0.526245 0.545320 -1.339932 -0.203135 -0.705539 0.000572
data -0.525864 0.544175 -1.338025 -0.203898 -0.710116 0.000572
data -0.525482 0.543412 -1.336118 -0.205424 -0.713550 0.000572
data -0.524719 0.541505 -1.332303 -0.207713 -0.722324 0.000572
data -0.524719 0.541505 -1.332303 -0.207713 -0.722324 0.000572
data -0.524338 0.540360 -1.330396 -0.208858 -0.726902 0.000572
data -0.523956 0.538835 -1.328107 -0.210383 -0.732243 0.000572
data -0.523575 0.537690 -1.325818 -0.211146 -0.737202 0.000572
data -0.523193 0.536927 -1.324292 -0.211909 -0.741016 0.000572
data -0.523193 0.535783 -1.322385 -0.213054 -0.745594 0.000572
data -0.522812 0.534638 -1.320477 -0.213817 -0.750172 0.000572
data -0.522812 0.534638 -1.320477 -0.213817 -0.750172 0.000572
data -0.522049 0.532350 -1.316663 -0.215724 -0.759327 0.000572
data -0.521667 0.530823 -1.313611 -0.215724 -0.759327 0.000572
data -0.521286 0.530060 -1.312467 -0.217631 -0.769245 0.000572
data -0.520905 0.528534 -1.310178 -0.218777 -0.769245 0.000572
data -0.520523 0.527771 -1.308270 -0.219540 -0.779926 0.000572
data -0.520142 0.526627 -1.306363 -0.219540 -0.779926 0.000572
data -0.520142 0.525864 -1.305219 -0.220684 -0.788701 0.000572
data -0.520142 0.525864 -1.305219 -0.220684 -0.788701 0.000191
data -0.520142 0.525864 -1.305219 -0.220684 -0.788701 0.000191
data -0.518616 0.521667 -1.298352 -0.220684 -0.788701 0.000191
data -0.518616 0.521667 -1.298352 -0.223354 -0.806249 0.000572
data -0.518234 0.520142 -1.296063 -0.224499 -0.813878 0.000572
data -0.517853 0.518616 -1.293775 -0.225262 -0.818074 0.000572
data -0.517853 0.517471 -1.292249 -0.226025 -0.826085 0.000191
data -0.517471 0.517471 -1.292249 -0.226025 -0.826085 0.000191
data -0.517471 0.517471 -1.292249 -0.226025 -0.826085 0.000191
data -0.516708 0.513275 -1.286145 -0.228695 -0.844778 0.000572
data -0.516708 0.513275 -1.286145 -0.228695 -0.844778 0.000572
data -0.516708 0.513275 -1.286145 -0.228695 -0.844778 0.000572
data -0.515945 0.510605 -1.281949 -0.230602 -0.853552 0.000191
data -0.515564 0.509460 -1.280041 -0.231747 -0.864233 0.000191
data -0.515564 0.509460 -1.280041 -0.231747 -0.864233 0.000191
data -0.514801 0.507172 -1.276608 -0.232891 -0.874533 0.000191
data -0.514420 0.507172 -1.276608 -0.232891 -0.874533 0.000191
data -0.514038 0.504501 -1.272793 -0.234798 -0.886740 0.000191
data -0.513657 0.503357 -1.272793 -0.234798 -0.886740 0.000191
data -0.513657 0.502213 -1.269741 -0.235943 -0.896658 0.000191
data -0.513275 0.501068 -1.269741 -0.235943 -0.896658 0.000191
data -0.512894 0.500305 -1.266689 -0.237469 -0.905813 0.000191
data -0.512894 0.500305 -1.266689 -0.237469 -0.905813 0.000191
data -0.512512 0.498398 -1.264400 -0.238613 -0.905813 0.000191
data -0.512512 0.498398 -1.264400 -0.238613 -0.922980 0.000191
data -0.512512 0.498398 -1.264400 -0.238613 -0.922980 0.000191
data -0.511368 0.494202 -1.260967 -0.239758 -0.924888 0.000191
data -0.510986 0.493057 -1.257534 -0.240520 -0.935950 -0.000191
data -0.510605 0.491913 -1.256008 -0.241283 -0.940909 -0.000191
data -0.510223 0.490387 -1.253719 -0.242046 -0.948539 -0.000191
data -0.510223 0.490387 -1.253719 -0.242046 -0.948539 -0.000191
data -0.509842 0.488861 -1.251812 -0.242428 -0.954261 -0.000191
data -0.509842 0.488861 -1.251812 -0.242428 -0.954261 -0.000191
data -0.509079 0.486572 -1.248379 -0.242428 -0.954261 -0.000191
data -0.509079 0.484665 -1.246471 -0.243954 -0.972191 -0.000572
data -0.508698 0.483521 -1.244946 -0.244335 -0.977150 -0.000572
data -0.508316 0.482376 -1.243801 -0.244717 -0.977150 -0.000572
data -0.507935 0.481613 -1.242657 -0.245098 -0.986305 -0.000572
data -0.507935 0.479706 -1.240368 -0.245480 -0.993935 -0.000572
data -0.507172 0.478561 -1.239223 -0.245861 -0.998512 -0.000954
data -0.507172 0.478561 -1.239223 -0.245861 -0.998512 -0.000954
data -0.507172 0.478561 -1.239223 -0.245861 -0.998512 -0.000954
data -0.506409 0.474747 -1.236172 -0.246624 -1.009956 -0.000954
data -0.506027 0.473602 -1.233501 -0.247005 -1.020256 -0.000954
data -0.505646 0.472076 -1.231976 -0.247387 -1.025978 -0.000954
data -0.505264 0.472076 -1.231976 -0.247387 -1.025978 -0.000954
data -0.504883 0.469025 -1.231976 -0.247387 -1.025978 -0.000954
data -0.504883 0.469025 -1.228924 -0.247768 -1.037423 -0.000954
data -0.504501 0.467116 -1.226635 -0.248150 -1.046960 -0.000954
data -0.504501 0.467116 -1.226635 -0.248150 -1.046960 -0.000954
data -0.503738 0.464828 -1.224346 -0.248913 -1.046960 -0.000954
data -0.503357 0.463302 -1.223202 -0.248913 -1.063363 -0.000954
data -0.502975 0.462157 -1.221676 -0.249294 -1.069085 -0.000954
data -0.502975 0.461013 -1.220913 -0.249676 -1.074044 -0.000954
data -0.502594 0.459105 -1.220913 -0.249676 -1.074044 -0.000954
data -0.502213 0.457580 -1.217860 -0.250820 -1.088540 -0.000954
data -0.502213 0.457580 -1.217860 -0.250820 -1.088540 -0.000954
data -0.501450 0.454909 -1.215571 -0.251202 -1.096552 -0.000954
data -0.501068 0.453765 -1.214427 -0.251965 -1.105707 -0.000954
data -0.500687 0.452621 -1.213283 -0.251965 -1.111429 -0.000954
data -0.500305 0.451476 -1.212520 -0.252728 -1.116770 -0.000954
data -0.499924 0.449950 -1.211375 -0.253109 -1.122873 -0.000954
data -0.499542 0.448424 -1.210231 -0.253109 -1.129358 -0.000954
data -0.499542 0.448424 -1.210231 -0.253109 -1.129358 -0.000954
data -0.499161 0.446136 -1.208323 -0.253109 -1.129358 -0.000954
data -0.498779 0.444610 -1.207179 -0.254253 -1.148050 -0.000954
data -0.498398 0.443465 -1.206416 -0.255016 -1.153391 -0.000954
data -0.498016 0.441939 -1.205272 -0.255016 -1.159114 -0.000954
data -0.498016 0.441939 -1.205272 -0.255016 -1.159114 -0.000954
data -0.498016 0.441939 -1.205272 -0.255016 -1.159114 -0.000954
data -0.498016 0.441939 -1.205272 -0.255016 -1.159114 -0.000954
data -0.483902 0.378233 -1.170177 -0.255016 -1.159114 -0.000954
data -0.483902 0.376707 -1.169414 -0.259594 -1.381514 -0.000572
data -0.483902 0.375563 -1.169414 -0.259594 -1.382658 -0.000572
data -0.483902 0.374418 -1.169032 -0.259594 -1.383039 -0.000572
data -0.483521 0.373274 -1.168651 -0.259975 -1.383802 -0.000572
data -0.483521 0.372511 -1.168651 -0.259975 -1.384184 -0.000572
data -0.483521 0.370985 -1.167888 -0.259594 -1.384947 -0.000572
data -0.483521 0.369841 -1.167888 -0.259594 -1.384947 -0.000572
data -0.483521 0.369459 -1.167506 -0.259594 -1.384565 -0.000572
data -0.483521 0.368696 -1.167506 -0.259594 -1.384565 -0.000572
data -0.483521 0.368696 -1.167506 -0.259594 -1.384565 -0.000572
data -0.483521 0.367170 -1.167125 -0.259594 -1.384184 -0.000954
data -0.483521 0.367170 -1.167125 -0.259594 -1.384184 -0.000954
data -0.483521 0.366026 -1.166743 -0.259212 -1.383421 -0.000572
data -0.483521 0.366026 -1.166743 -0.259212 -1.383421 -0.000572
data -0.483521 0.363356 -1.165980 -0.259212 -1.383421 -0.000572
data -0.483521 0.362974 -1.165980 -0.259212 -1.383421 -0.000572
data -0.483521 0.361830 -1.165599 -0.259212 -1.380369 -0.000572
data -0.483521 0.361448 -1.165599 -0.258831 -1.379606 -0.000572
data -0.483521 0.360304 -1.165217 -0.258831 -1.379606 -0.000572
data -0.483521 0.359922 -1.165217 -0.258831 -1.377317 -0.000572
data -0.483521 0.359922 -1.165217 -0.258831 -1.377317 -0.000572
data -0.483521 0.359159 -1.165217 -0.258831 -1.375792 -0.000572
data -0.483521 0.359159 -1.165217 -0.258831 -1.375792 -0.000572
data -0.483521 0.356871 -1.164454 -0.258831 -1.371214 -0.000572
data -0.483521 0.356108 -1.164454 -0.258831 -1.368925 -0.000572
data -0.483521 0.355345 -1.164454 -0.258831 -1.367399 -0.000572
data -0.483521 0.354963 -1.164073 -0.258450 -1.367399 -0.000572
data -0.483521 0.354582 -1.164073 -0.258450 -1.363203 -0.000572
data -0.483521 0.353819 -1.164073 -0.258068 -1.360914 -0.000572
data -0.483521 0.352674 -1.164073 -0.258068 -1.360914 -0.000572
data -0.483902 0.352293 -1.164073 -0.257687 -1.354048 -0.000572
data -0.483902 0.351912 -1.164073 -0.257687 -1.350233 -0.000572
data -0.483902 0.351149 -1.164073 -0.257687 -1.350233 -0.000572
data -0.483902 0.350767 -1.164073 -0.257305 -1.344511 -0.000572
data -0.483902 0.350767 -1.164073 -0.257305 -1.344511 -0.000572
data -0.483902 0.350004 -1.164073 -0.256924 -1.338025 -0.000572
data -0.483902 0.349241 -1.164073 -0.256161 -1.338025 -0.000572
data -0.483902 0.349241 -1.164073 -0.256161 -1.331540 -0.000572
data -0.483902 0.348478 -1.164073 -0.256161 -1.328870 -0.000572
data -0.484283 0.348097 -1.164073 -0.255398 -1.328870 -0.000572
data -0.483902 0.347715 -1.164073 -0.255016 -1.321622 -0.000572
data -0.483902 0.347334 -1.164073 -0.254635 -1.315137 -0.000572
data -0.484283 0.347334 -1.164073 -0.254253 -1.311704 -0.000572
data -0.484283 0.346952 -1.164073 -0.253872 -1.307126 -0.000572
data -0.484283 0.346952 -1.164073 -0.253872 -1.307126 -0.000572
data -0.484283 0.346189 -1.164073 -0.252728 -1.295682 -0.000572
data -0.484283 0.345808 -1.164073 -0.252346 -1.291104 -0.000572
data -0.484283 0.345427 -1.164073 -0.251583 -1.285382 -0.000572
data -0.484283 0.345427 -1.164073 -0.251202 -1.280804 -0.000572
data -0.484283 0.345045 -1.164073 -0.250820 -1.275082 -0.000572
data -0.484283 0.345045 -1.164073 -0.250439 -1.271267 -0.000572
data -0.484283 0.344664 -1.164073 -0.249676 -1.262875 -0.000572
data -0.484283 0.344664 -1.164073 -0.249676 -1.262875 -0.000572
data -0.484283 0.344282 -1.164073 -0.248150 -1.255245 -0.000572
data -0.484283 0.344282 -1.164073 -0.247387 -1.246090 -0.000572
data -0.484283 0.344282 -1.164073 -0.246624 -1.239605 -0.000572
data -0.484283 0.344282 -1.164073 -0.246624 -1.239605 -0.000572
data -0.484283 0.344282 -1.164073 -0.245480 -1.230068 -0.000572
data -0.484283 0.344282 -1.164073 -0.244717 -1.223583 -0.000572
data -0.484283 0.344282 -1.164073 -0.244717 -1.223583 -0.000572
data -0.484283 0.344282 -1.164073 -0.243954 -1.212901 -0.000572
data -0.484283 0.344282 -1.164073 -0.243191 -1.205653 -0.000572
data -0.484283 0.344282 -1.164073 -0.242428 -1.199931 -0.000572
data -0.484283 0.344282 -1.164073 -0.241665 -1.194209 -0.000572
data -0.484283 0.344282 -1.164073 -0.241283 -1.188106 -0.000572
data -0.484283 0.344282 -1.164073 -0.241283 -1.188106 -0.000572
data -0.484283 0.344282 -1.164073 -0.239376 -1.174754 -0.000572
data -0.484283 0.344282 -1.164073 -0.239376 -1.174754 -0.000572
data -0.484283 0.344282 -1.164073 -0.238232 -1.165599 -0.000572
data -0.483902 0.344282 -1.164073 -0.237087 -1.156061 -0.000572
data -0.483902 0.344282 -1.164073 -0.236324 -1.150339 -0.000572
data -0.483902 0.344282 -1.164073 -0.235561 -1.144999 -0.000572
data -0.483902 0.344282 -1.164073 -0.235180 -1.139277 -0.000572
data -0.483902 0.344664 -1.164073 -0.234417 -1.132792 -0.000572
data -0.483902 0.344664 -1.164073 -0.232510 -1.132792 -0.000572
data -0.483902 0.344664 -1.164073 -0.232510 -1.132792 -0.000572
data -0.483902 0.344664 -1.164454 -0.230602 -1.100367 -0.000572
data -0.483902 0.344664 -1.164454 -0.229839 -1.093499 -0.000572
data -0.483902 0.344664 -1.164454 -0.229839 -1.093499 -0.000572
data -0.483902 0.344664 -1.164454 -0.229076 -1.087014 -0.000572
data -0.483902 0.344664 -1.164454 -0.229076 -1.087014 -0.000572
data -0.483902 0.344664 -1.164454 -0.227169 -1.070992 -0.000572
data -0.483902 0.344664 -1.164454 -0.226788 -1.067178 -0.000572
data -0.483902 0.344664 -1.164454 -0.226788 -1.067178 -0.000572
data -0.483902 0.344664 -1.164454 -0.226788 -1.067178 -0.000572
data -0.483521 0.344664 -1.164454 -0.224499 -1.048104 -0.000572
data -0.483521 0.344664 -1.164454 -0.224499 -1.048104 -0.000572
data -0.483521 0.344664 -1.164454 -0.222973 -1.040856 -0.000572
data -0.483521 0.344664 -1.164454 -0.222973 -1.040856 -0.000572
data -0.483521 0.344664 -1.164454 -0.222973 -1.040856 -0.000572
data -0.483139 0.344664 -1.164454 -0.221066 -1.040856 -0.000572
data -0.483139 0.344664 -1.164454 -0.219540 -1.016060 -0.000572
data -0.483139 0.344664 -1.164454 -0.218394 -1.011101 -0.000572
data -0.482758 0.344664 -1.164454 -0.217631 -1.005379 -0.000572
data -0.482758 0.344664 -1.164454 -0.217631 -1.005379 -0.000572
data -0.482758 0.344664 -1.164454 -0.215724 -1.005379 -0.000572
data -0.482758 0.344664 -1.164454 -0.215724 -0.995461 -0.000572
data -0.482376 0.344664 -1.164454 -0.213435 -0.985161 -0.000572
data -0.481995 0.344664 -1.164454 -0.211909 -0.977150 -0.000572
data -0.481613 0.345045 -1.164454 -0.210765 -0.972572 -0.000572
data -0.481613 0.345045 -1.164454 -0.209620 -0.966849 -0.000572
data -0.481232 0.345045 -1.164454 -0.208476 -0.961890 -0.000572
data -0.481232 0.345045 -1.164454 -0.206950 -0.956168 -0.000572
data -0.480850 0.345045 -1.164454 -0.205424 -0.950065 -0.000572
data -0.480850 0.345045 -1.164454 -0.205424 -0.950065 -0.000572
data -0.480850 0.345045 -1.164454 -0.203517 -0.950065 -0.000572
data -0.480469 0.345045 -1.164454 -0.201991 -0.935569 -0.000572
data -0.480087 0.345045 -1.164454 -0.200465 -0.930610 -0.000572
data -0.480087 0.345045 -1.164454 -0.199321 -0.925269 -0.000572
data -0.479706 0.345427 -1.164454 -0.198176 -0.919929 -0.000572
data -0.479324 0.345427 -1.164454 -0.196651 -0.914969 -0.000572
data -0.479324 0.345427 -1.164454 -0.195506 -0.910392 -0.000572
data -0.479324 0.345427 -1.164454 -0.195506 -0.910392 -0.000572
data -0.478943 0.345808 -1.164454 -0.193217 -0.910392 -0.000572
data -0.478561 0.345808 -1.164454 -0.191310 -0.894751 -0.000572
data -0.478180 0.346189 -1.164454 -0.190166 -0.889791 -0.000572
data -0.478180 0.346189 -1.164454 -0.189021 -0.885214 -0.000572
data -0.477798 0.346571 -1.164454 -0.187877 -0.881018 -0.000572
data -0.477798 0.346571 -1.164454 -0.186351 -0.876440 -0.000572
data -0.477798 0.346571 -1.164454 -0.186351 -0.876440 -0.000572
data -0.476654 0.346571 -1.164454 -0.186351 -0.876440 -0.000572
data -0.476654 0.346952 -1.164454 -0.186351 -0.876440 -0.000572
data -0.476654 0.346952 -1.164454 -0.181010 -0.862326 -0.000572
data -0.476273 0.346952 -1.164454 -0.180247 -0.852407 -0.000572
data -0.475891 0.346952 -1.164454 -0.179103 -0.847830 -0.000572
data -0.475891 0.346952 -1.164454 -0.179103 -0.847830 -0.000572
data -0.475891 0.346952 -1.164454 -0.179103 -0.847830 -0.000572
data -0.475128 0.346952 -1.164454 -0.175670 -0.832952 -0.000572
data -0.474747 0.346952 -1.164454 -0.174525 -0.827611 -0.000572
data -0.474365 0.346952 -1.164454 -0.173762 -0.823033 -0.000572
data -0.474365 0.346952 -1.164454 -0.172999 -0.819219 -0.000572
data -0.473984 0.346952 -1.164454 -0.171855 -0.815022 -0.000572
data -0.473602 0.346952 -1.164454 -0.171474 -0.811971 -0.000572
data -0.473602 0.346952 -1.164454 -0.171474 -0.811971 -0.000572
data -0.473221 0.346952 -1.164454 -0.170711 -0.807012 -0.000572
data -0.472839 0.346952 -1.164454 -0.169185 -0.807012 -0.000572
data -0.472458 0.346952 -1.164454 -0.168422 -0.795568 -0.000572
data -0.472458 0.346952 -1.164454 -0.167659 -0.792134 -0.000572
data -0.472076 0.346952 -1.164454 -0.166896 -0.788320 -0.000572
data -0.472076 0.346952 -1.164454 -0.166133 -0.784123 -0.000572
data -0.471695 0.346952 -1.164454 -0.165751 -0.781071 -0.000572
data -0.471695 0.346952 -1.164454 -0.164989 -0.776493 -0.000572
data -0.470932 0.346952 -1.164454 -0.164989 -0.776493 -0.000572
data -0.470932 0.346952 -1.164454 -0.163463 -0.768864 -0.000572
data -0.470551 0.346952 -1.164454 -0.162318 -0.763905 -0.000572
data -0.470551 0.346952 -1.164454 -0.161555 -0.759708 -0.000572
data -0.470169 0.346952 -1.164454 -0.160792 -0.759708 -0.000572
data -0.470169 0.346952 -1.164454 -0.160411 -0.753223 -0.000572
data -0.469788 0.346952 -1.164454 -0.159266 -0.749790 -0.000572
data -0.469788 0.346952 -1.164454 -0.159266 -0.749790 -0.000572
data -0.469406 0.346952 -1.164454 -0.158122 -0.742924 -0.000572
data -0.469025 0.346952 -1.164454 -0.157359 -0.739872 -0.000572
data -0.468642 0.346952 -1.164454 -0.156596 -0.734913 -0.000572
data -0.468261 0.346952 -1.164454 -0.155832 -0.731098 -0.000572
data -0.467879 0.346952 -1.164454 -0.155069 -0.727665 -0.000572
data -0.467879 0.346952 -1.164454 -0.154306 -0.724232 -0.000572
data -0.467498 0.346952 -1.164454 -0.153925 -0.720798 -0.000572
data -0.467116 0.346952 -1.164454 -0.153925 -0.720798 -0.000572
data -0.467116 0.346952 -1.164454 -0.153162 -0.716601 -0.000572
data -0.466735 0.346952 -1.164454 -0.152399 -0.710879 -0.000572
data -0.466353 0.346952 -1.164454 -0.151636 -0.706302 -0.000572
data -0.465972 0.346952 -1.164454 -0.151255 -0.703250 -0.000572
data -0.465972 0.346952 -1.164454 -0.150492 -0.703250 -0.000572
data -0.465590 0.346952 -1.164454 -0.150110 -0.696765 -0.000572
data -0.465209 0.346952 -1.164454 -0.149347 -0.693713 -0.000572
data -0.464828 0.346952 -1.164454 -0.148966 -0.688754 -0.000191
data -0.464446 0.346952 -1.164454 -0.148203 -0.684558 -0.000191
data -0.464446 0.346952 -1.164454 -0.147821 -0.681125 -0.000572
data -0.464065 0.346952 -1.164454 -0.147440 -0.678454 -0.000572
data -0.463683 0.346952 -1.164454 -0.147058 -0.678454 -0.000572
data -0.463683 0.346952 -1.164454 -0.147058 -0.671206 -0.000572
data -0.463302 0.346952 -1.164454 -0.146677 -0.667773 -0.000572
data -0.462920 0.346952 -1.164454 -0.146677 -0.665103 -0.000572
data -0.462920 0.346952 -1.164454 -0.146677 -0.665103 -0.000572
data -0.462539 0.346952 -1.164454 -0.146296 -0.658237 -0.000572
data -0.462157 0.346952 -1.164454 -0.145914 -0.654039 -0.000572
data -0.461776 0.346952 -1.164454 -0.145914 -0.650988 -0.000572
data -0.461394 0.346952 -1.164454 -0.145533 -0.647173 -0.000572
data -0.461013 0.346952 -1.164454 -0.145151 -0.644503 -0.000572
data -0.460631 0.346952 -1.164454 -0.144770 -0.639544 -0.000572
data -0.460631 0.346952 -1.164454 -0.144770 -0.639544 -0.000572
data -0.460631 0.346952 -1.164454 -0.144770 -0.639544 -0.000572
data -0.460631 0.346952 -1.164454 -0.144770 -0.639544 -0.000572
data -0.459868 0.346952 -1.164454 -0.144007 -0.630770 -0.000572
data -0.459105 0.346952 -1.164454 -0.143244 -0.624285 -0.000191
data -0.459105 0.346952 -1.164454 -0.143244 -0.620852 -0.000572
data -0.458724 0.346952 -1.164454 -0.142862 -0.617418 -0.000572
data -0.458343 0.346952 -1.164454 -0.142481 -0.614748 -0.000572
data -0.458343 0.346952 -1.164454 -0.142099 -0.611315 -0.000572
data -0.458343 0.346952 -1.164454 -0.142099 -0.611315 -0.000572
data -0.457198 0.346952 -1.164454 -0.141336 -0.604830 -0.000572
data -0.457198 0.346952 -1.164454 -0.140574 -0.600252 -0.000572
data -0.456817 0.346952 -1.164454 -0.140192 -0.597200 -0.000572
data -0.456435 0.346952 -1.164454 -0.139811 -0.593767 -0.000572
data -0.456054 0.346952 -1.164454 -0.139429 -0.591096 -0.000572
data -0.455672 0.346952 -1.164454 -0.139048 -0.586518 -0.000572
data -0.454909 0.346952 -1.164454 -0.139048 -0.586518 -0.000572
data -0.454909 0.346952 -1.164454 -0.139048 -0.586518 -0.000572
data -0.454528 0.346952 -1.164454 -0.138666 -0.579652 -0.000572
data -0.453765 0.346952 -1.164454 -0.137903 -0.573548 -0.000572
data -0.453383 0.346952 -1.164454 -0.137522 -0.570878 -0.000572
data -0.453002 0.346952 -1.164454 -0.137140 -0.568208 -0.000572
data -0.452621 0.346952 -1.164454 -0.137140 -0.568208 -0.000572
data -0.452621 0.346952 -1.164454 -0.137140 -0.568208 -0.000572
data -0.451476 0.346952 -1.164454 -0.136377 -0.562104 -0.000191
data -0.451476 0.346952 -1.164454 -0.135614 -0.555619 -0.000191
data -0.451095 0.346952 -1.164454 -0.135614 -0.554093 -0.000572
data -0.451095 0.346952 -1.164454 -0.135614 -0.554093 -0.000572
data -0.450332 0.346952 -1.164454 -0.135233 -0.547990 -0.000191
data -0.449950 0.346952 -1.164454 -0.134851 -0.543412 -0.000572
data -0.449569 0.346952 -1.164454 -0.134470 -0.540360 -0.000572
data -0.448806 0.346952 -1.164454 -0.134470 -0.540360 -0.000572
data -0.448806 0.346952 -1.164454 -0.134089 -0.534257 -0.000191
data -0.448043 0.346952 -1.164454 -0.133707 -0.534257 -0.000191
data -0.447661 0.346952 -1.164454 -0.133707 -0.530823 -0.000572
data -0.446898 0.346952 -1.164454 -0.133707 -0.525482 -0.000191
data -0.446517 0.346952 -1.164454 -0.133707 -0.522049 -0.000572
data -0.446136 0.346952 -1.164454 -0.133707 -0.519379 -0.000572
data -0.445373 0.346952 -1.164454 -0.133707 -0.519379 -0.000572
data -0.444991 0.346952 -1.164454 -0.133707 -0.514038 -0.000191
data -0.444610 0.346952 -1.164454 -0.133707 -0.511368 -0.000572
data -0.444610 0.346952 -1.164454 -0.133707 -0.511368 -0.000572
data -0.443465 0.346952 -1.164454 -0.133707 -0.506790 -0.000572
data -0.443084 0.346571 -1.164454 -0.134089 -0.502975 -0.000572
data -0.443084 0.346571 -1.164454 -0.134089 -0.502975 -0.000572
data -0.441939 0.346571 -1.164454 -0.134089 -0.498779 -0.000572
data -0.441558 0.346571 -1.164073 -0.134089 -0.495346 -0.000572
data -0.440795 0.346571 -1.164073 -0.134470 -0.492294 -0.000191
data -0.440795 0.346571 -1.164073 -0.134470 -0.492294 -0.000191
data -0.439651 0.346571 -1.164073 -0.134470 -0.492294 -0.000191
data -0.439269 0.346571 -1.164073 -0.134851 -0.484283 -0.000572
data -0.439269 0.346571 -1.164073 -0.134851 -0.484283 -0.000572
data -0.438125 0.346189 -1.164073 -0.135233 -0.479324 -0.000572
data -0.437743 0.346189 -1.164073 -0.135233 -0.479324 -0.000572
data -0.437362 0.346189 -1.164073 -0.135614 -0.474365 -0.000572
data -0.436599 0.346189 -1.164073 -0.135614 -0.472076 -0.000572
data -0.436599 0.346189 -1.164073 -0.135614 -0.472076 -0.000572
data -0.435454 0.346189 -1.164073 -0.136377 -0.467116 -0.000572
data -0.435454 0.346189 -1.164073 -0.136377 -0.467116 -0.000572
data -0.434310 0.346189 -1.164073 -0.136377 -0.467116 -0.000572
data -0.433928 0.346189 -1.164073 -0.137140 -0.461013 -0.000572
data -0.433166 0.345808 -1.163692 -0.137140 -0.461013 -0.000572
data -0.432784 0.345808 -1.163692 -0.137522 -0.455291 -0.000191
data -0.431640 0.345808 -1.163692 -0.138285 -0.451095 -0.000572
data -0.430877 0.345808 -1.163692 -0.138285 -0.451095 -0.000572
data -0.430877 0.345808 -1.163692 -0.138285 -0.451095 -0.000572
data -0.430114 0.345427 -1.163310 -0.139048 -0.446517 -0.000572
data -0.429351 0.345427 -1.163310 -0.139429 -0.442702 -0.000572
data -0.428588 0.345045 -1.162929 -0.139811 -0.440795 -0.000191
data -0.428588 0.345045 -1.162929 -0.139811 -0.440795 -0.000191
data -0.427444 0.345045 -1.162929 -0.140192 -0.437362 -0.000191
data -0.425536 0.344664 -1.162166 -0.140955 -0.430495 -0.000191
data -0.424773 0.344664 -1.161784 -0.140955 -0.430495 -0.000191
data -0.424392 0.344282 -1.161784 -0.141336 -0.426299 -0.000191
data -0.423629 0.344282 -1.161403 -0.141336 -0.426299 -0.000191
data -0.423629 0.344282 -1.161403 -0.141336 -0.423629 -0.000191
data -0.422484 0.344282 -1.161021 -0.141718 -0.420196 -0.000191
data -0.421340 0.344282 -1.161021 -0.141718 -0.420196 -0.000191
data -0.420577 0.344282 -1.160258 -0.141718 -0.413711 -0.000191
data -0.419814 0.344282 -1.159877 -0.141718 -0.413711 -0.000191
data -0.419433 0.344282 -1.159495 -0.141718 -0.409896 -0.000191
data -0.418670 0.344282 -1.159114 -0.141718 -0.407607 -0.000191
data -0.417907 0.343901 -1.158732 -0.141718 -0.405317 -0.000191
data -0.417144 0.343901 -1.158732 -0.141718 -0.405317 -0.000191
data -0.416381 0.343901 -1.157969 -0.141718 -0.401884 -0.000191
data -0.414474 0.343518 -1.156825 -0.141336 -0.396925 -0.000191
data -0.414474 0.343518 -1.156825 -0.141336 -0.396925 -0.000191
data -0.414474 0.343518 -1.156825 -0.141336 -0.396925 -0.000191
data -0.413329 0.343137 -1.156061 -0.141718 -0.394636 -0.000191
data -0.412185 0.342755 -1.155298 -0.141718 -0.394636 -0.000191
data -0.411803 0.342755 -1.154535 -0.141718 -0.388914 -0.000191
data -0.411040 0.342755 -1.154154 -0.141718 -0.386625 -0.000191
data -0.409896 0.342374 -1.153391 -0.141336 -0.383574 -0.000191
data -0.408370 0.341992 -1.153391 -0.141336 -0.383574 -0.000191
data -0.408370 0.341992 -1.151484 -0.141718 -0.383574 -0.000191
data -0.408370 0.341992 -1.151484 -0.141718 -0.383574 -0.000191
data -0.406844 0.341992 -1.151102 -0.141718 -0.376707 -0.000191
data -0.405317 0.341611 -1.149958 -0.141718 -0.370985 -0.000191
data -0.404554 0.341611 -1.149576 -0.141718 -0.370985 -0.000191
data -0.403791 0.341611 -1.149195 -0.141718 -0.369078 -0.000191
data -0.403791 0.341611 -1.149195 -0.141718 -0.369078 -0.000191
data -0.402266 0.341611 -1.149195 -0.141718 -0.367933 -0.000191
data -0.401121 0.340466 -1.147669 -0.141718 -0.367933 -0.000191
data -0.400740 0.340466 -1.147669 -0.141718 -0.362211 -0.000191
data -0.400740 0.339704 -1.145380 -0.141718 -0.362211 -0.000191
data -0.400740 0.339704 -1.145380 -0.141718 -0.362211 -0.000191
data -0.398832 0.339704 -1.144999 -0.141336 -0.354200 -0.000191
data -0.398832 0.339704 -1.144999 -0.141336 -0.354200 -0.000191
data -0.396925 0.339322 -1.144999 -0.141336 -0.354200 -0.000191
data -0.395781 0.338941 -1.143091 -0.141718 -0.346189 -0.000191
data -0.395399 0.338559 -1.142328 -0.141718 -0.346189 -0.000191
data -0.394636 0.338559 -1.141947 -0.141718 -0.342755 -0.000191
data -0.393873 0.338178 -1.141947 -0.141718 -0.342755 -0.000191
data -0.393110 0.337796 -1.140421 -0.141336 -0.339322 -0.000191
data -0.392347 0.337796 -1.139658 -0.141336 -0.337033 -0.000191
data -0.392347 0.337796 -1.139658 -0.141336 -0.337033 -0.000191
data -0.392347 0.337796 -1.139658 -0.141336 -0.337033 -0.000191
data -0.392347 0.337796 -1.139658 -0.141336 -0.337033 -0.000191
data -0.389296 0.336652 -1.136988 -0.141336 -0.329404 -0.000191
data -0.388151 0.336270 -1.136225 -0.141336 -0.329404 -0.000191
data -0.387770 0.336270 -1.135462 -0.141336 -0.326352 -0.000191
data -0.386625 0.335889 -1.135462 -0.141336 -0.326352 -0.000191
data -0.385862 0.335507 -1.133936 -0.141336 -0.322537 -0.000191
data -0.385862 0.335507 -1.133936 -0.141336 -0.322537 -0.000191
data -0.384718 0.335126 -1.132410 -0.141336 -0.322537 -0.000191
data -0.383574 0.334744 -1.132029 -0.141336 -0.318341 -0.000191
data -0.382811 0.334744 -1.131266 -0.141336 -0.314908 -0.000191
data -0.382048 0.334363 -1.130503 -0.141336 -0.313001 -0.000191
data -0.381285 0.333982 -1.129740 -0.140955 -0.311475 -0.000191
data -0.380522 0.333600 -1.128977 -0.141336 -0.309567 -0.000191
data -0.379759 0.333219 -1.128214 -0.141336 -0.309567 -0.000191
data -0.378996 0.332837 -1.127451 -0.140955 -0.306134 -0.000191
data -0.377470 0.332837 -1.127451 -0.140955 -0.306134 -0.000191
data -0.376707 0.332074 -1.125544 -0.140955 -0.306134 -0.000191
data -0.375944 0.331693 -1.124399 -0.140955 -0.299649 -0.000191
data -0.375563 0.331311 -1.124018 -0.140955 -0.298123 -0.000191
data -0.374800 0.331311 -1.123255 -0.140955 -0.296979 -0.000191
data -0.373655 0.331311 -1.123255 -0.140955 -0.296979 -0.000191
data -0.372892 0.330548 -1.121347 -0.140955 -0.293164 -0.000191
data -0.371367 0.329785 -1.119822 -0.140955 -0.293164 -0.000191
data -0.370985 0.329785 -1.119440 -0.140955 -0.288587 -0.000191
data -0.370222 0.329404 -1.118296 -0.140955 -0.286679 -0.000191
data -0.369078 0.329022 -1.117533 -0.140955 -0.284772 -0.000191
data -0.368696 0.328641 -1.116770 -0.140955 -0.283246 -0.000191
data -0.367552 0.328259 -1.116007 -0.140955 -0.281339 -0.000191
data -0.367170 0.327878 -1.115244 -0.140955 -0.279812 -0.000191
data -0.365644 0.327878 -1.115244 -0.140955 -0.279812 -0.000191
data -0.365644 0.327115 -1.113718 -0.140955 -0.276379 -0.000191
data -0.364882 0.327115 -1.113718 -0.140955 -0.276379 -0.000191
data -0.364882 0.327115 -1.113718 -0.140955 -0.276379 -0.000191
data -0.363356 0.325971 -1.110666 -0.140955 -0.276379 -0.000191
data -0.362593 0.325589 -1.109903 -0.140955 -0.269512 -0.000191
data -0.361830 0.324826 -1.109140 -0.140955 -0.267605 -0.000191
data -0.361067 0.324445 -1.108377 -0.140955 -0.266079 -0.000191
data -0.359922 0.323682 -1.106470 -0.140955 -0.266079 -0.000191
data -0.359922 0.323682 -1.106470 -0.140955 -0.262646 -0.000191
data -0.359159 0.322919 -1.104944 -0.140955 -0.261501 -0.000191
data -0.358397 0.322919 -1.104181 -0.140955 -0.258831 -0.000191
data -0.358015 0.322156 -1.103037 -0.140955 -0.257305 -0.000191
data -0.357252 0.321774 -1.101892 -0.140955 -0.257305 -0.000191
data -0.356489 0.321774 -1.101892 -0.140955 -0.254253 -0.000191
data -0.356489 0.321393 -1.100748 -0.140955 -0.254253 -0.000191
data -0.355726 0.320630 -1.099604 -0.140574 -0.252346 -0.000191
data -0.355726 0.320630 -1.099604 -0.140574 -0.252346 -0.000191
data -0.355726 0.320630 -1.097315 -0.140574 -0.252346 -0.000191
data -0.353819 0.319104 -1.096933 -0.140574 -0.248150 -0.000191
data -0.353056 0.318341 -1.095789 -0.140574 -0.248150 -0.000191
data -0.352674 0.317578 -1.095026 -0.140574 -0.244335 -0.000191
data -0.352293 0.317197 -1.093882 -0.140955 -0.242809 -0.000191
data -0.351530 0.316052 -1.091973 -0.140574 -0.239758 -0.000191
data -0.351530 0.316052 -1.091973 -0.140574 -0.239758 -0.000191
data -0.350767 0.315289 -1.090447 -0.140574 -0.238613 -0.000191
data -0.350386 0.314908 -1.089303 -0.140574 -0.235943 -0.000191
data -0.350004 0.314527 -1.088540 -0.140192 -0.234417 -0.000191
data -0.349241 0.313764 -1.087396 -0.140192 -0.232891 -0.000191
data -0.348860 0.313001 -1.086633 -0.140192 -0.231747 -0.000191
data -0.348478 0.312619 -1.085870 -0.139811 -0.230602 -0.000191
data -0.347715 0.312619 -1.085870 -0.139811 -0.230602 -0.000191
data -0.347715 0.311475 -1.083962 -0.139811 -0.227932 -0.000191
data -0.347715 0.311093 -1.083200 -0.139429 -0.227932 -0.000191
data -0.347334 0.310330 -1.082437 -0.139429 -0.225643 -0.000191
data -0.346952 0.309567 -1.081292 -0.139429 -0.224499 -0.000191
data -0.346571 0.309186 -1.080529 -0.139429 -0.223354 -0.000191
data -0.346189 0.308423 -1.079766 -0.139429 -0.222591 -0.000191
data -0.345808 0.308042 -1.079003 -0.139048 -0.221066 -0.000191
data -0.345427 0.306897 -1.077477 -0.139048 -0.221066 -0.000191
data -0.345045 0.306516 -1.076715 -0.139048 -0.217631 -0.000191
data -0.344664 0.305753 -1.075952 -0.138666 -0.216487 -0.000572
data -0.344282 0.304990 -1.075189 -0.138285 -0.215343 -0.000191
data -0.344282 0.304608 -1.074426 -0.138285 -0.213817 -0.000572
data -0.344282 0.304608 -1.074426 -0.138285 -0.213817 -0.000572
data -0.344282 0.304608 -1.074426 -0.138285 -0.213817 -0.000572
data -0.343137 0.302320 -1.072518 -0.136759 -0.210383 -0.000572
data -0.343137 0.302320 -1.072518 -0.136759 -0.210383 -0.000572
data -0.342374 0.300794 -1.069848 -0.134851 -0.206569 -0.000191
data -0.341992 0.300794 -1.069848 -0.134851 -0.206569 -0.000191
data -0.341992 0.299268 -1.068704 -0.133707 -0.203898 -0.000191
data -0.341611 0.299268 -1.068704 -0.133707 -0.203898 -0.000191
data -0.341611 0.298123 -1.067178 -0.132181 -0.201228 -0.000572
data -0.341229 0.296979 -1.066415 -0.131418 -0.199702 -0.000572
data -0.341229 0.296979 -1.066415 -0.131418 -0.199702 -0.000572
data -0.340848 0.295072 -1.064889 -0.130274 -0.197795 -0.000572
data -0.340848 0.295072 -1.064889 -0.130274 -0.197795 -0.000572
data -0.340848 0.293927 -1.064126 -0.129511 -0.196269 -0.000191
data -0.340848 0.293927 -1.064126 -0.129511 -0.196269 -0.000191
data -0.340848 0.293164 -1.063745 -0.129129 -0.195506 -0.000572
data -0.340848 0.293164 -1.063745 -0.129129 -0.195506 -0.000572
data -0.340085 0.290875 -1.062600 -0.128366 -0.193980 -0.000572
data -0.340085 0.289731 -1.061837 -0.127604 -0.192073 -0.000572
data -0.339704 0.288587 -1.061456 -0.126841 -0.190928 -0.000572
data -0.339704 0.288205 -1.061074 -0.126459 -0.190166 -0.000572
data -0.339704 0.287442 -1.060693 -0.126078 -0.189784 -0.000572
data -0.339704 0.287442 -1.060693 -0.126078 -0.189784 -0.000572
data -0.339704 0.285916 -1.059930 -0.124933 -0.189021 -0.000572
data -0.339322 0.285153 -1.059930 -0.124170 -0.188258 -0.000572
data -0.339322 0.284009 -1.059167 -0.124170 -0.188258 -0.000572
data -0.339322 0.284009 -1.059167 -0.123407 -0.188258 -0.000572
data -0.339322 0.282483 -1.059167 -0.123026 -0.187495 -0.000572
data -0.339322 0.282102 -1.058785 -0.122263 -0.185969 -0.000572
data -0.339322 0.282102 -1.058785 -0.122263 -0.185969 -0.000572
data -0.339322 0.280956 -1.058404 -0.121119 -0.185206 -0.000572
data -0.339704 0.279049 -1.058022 -0.121119 -0.185206 -0.000572
data -0.339704 0.278667 -1.058022 -0.119593 -0.183681 -0.000572
data -0.339704 0.277523 -1.057641 -0.118830 -0.183299 -0.000572
data -0.339704 0.276760 -1.057641 -0.118067 -0.182918 -0.000572
data -0.340085 0.275997 -1.057641 -0.117304 -0.182918 -0.000572
data -0.340085 0.275997 -1.057641 -0.117304 -0.182918 -0.000572
data -0.340085 0.274853 -1.057641 -0.116159 -0.182918 -0.000572
data -0.340466 0.273327 -1.057260 -0.115015 -0.182918 -0.000572
data -0.340466 0.273327 -1.057260 -0.115015 -0.182918 -0.000572
data -0.340848 0.272182 -1.057641 -0.113489 -0.182918 -0.000572
data -0.341611 0.270275 -1.057641 -0.111582 -0.182918 -0.000572
data -0.341611 0.270275 -1.057641 -0.111582 -0.182918 -0.000572
data -0.342374 0.269512 -1.057641 -0.110437 -0.183299 -0.000572
data -0.342755 0.268749 -1.057641 -0.109674 -0.183299 -0.000572
data -0.343137 0.267986 -1.057641 -0.108530 -0.183299 -0.000572
data -0.343137 0.267986 -1.057641 -0.108530 -0.183299 -0.000572
data -0.343901 0.266842 -1.057260 -0.107386 -0.183299 -0.000572
data -0.343901 0.266842 -1.057260 -0.107386 -0.183299 -0.000572
data -0.343901 0.266842 -1.057260 -0.107386 -0.183299 -0.000572
data -0.345045 0.265316 -1.057641 -0.105478 -0.183299 -0.000572
data -0.345808 0.264935 -1.057641 -0.103952 -0.183681 -0.000572
data -0.346189 0.264553 -1.057260 -0.103189 -0.183681 -0.000572
data -0.346952 0.264553 -1.057260 -0.103189 -0.183681 -0.000572
data -0.346952 0.264553 -1.057260 -0.103189 -0.183681 -0.000572
data -0.347715 0.263409 -1.057641 -0.101282 -0.183299 -0.000572
data -0.348860 0.263409 -1.057641 -0.101282 -0.183299 -0.000572
data -0.348860 0.263409 -1.057641 -0.101282 -0.183299 -0.000572
data -0.349623 0.261883 -1.057641 -0.100138 -0.183681 -0.000572
data -0.350386 0.261501 -1.057641 -0.098230 -0.183681 -0.000572
data -0.350386 0.261501 -1.057641 -0.098230 -0.183681 -0.000572
data -0.351530 0.260738 -1.057641 -0.098230 -0.183681 -0.000572
data -0.351530 0.260738 -1.057641 -0.098230 -0.183681 -0.000572
data -0.351530 0.260738 -1.057641 -0.098230 -0.183681 -0.000572
data -0.352293 0.260357 -1.057641 -0.096323 -0.183681 -0.000191
data -0.354200 0.259212 -1.057641 -0.094797 -0.183681 -0.000572
data -0.354200 0.259212 -1.057641 -0.094797 -0.183681 -0.000572
data -0.354200 0.259212 -1.057641 -0.094797 -0.183681 -0.000572
data -0.355726 0.259212 -1.057641 -0.094797 -0.183681 -0.000572
data -0.356871 0.258068 -1.057641 -0.092889 -0.183681 -0.000191
data -0.358778 0.258068 -1.057641 -0.092889 -0.183681 -0.000191
data -0.359541 0.257305 -1.057641 -0.090600 -0.183299 -0.000572
data -0.359922 0.256924 -1.057641 -0.090219 -0.183299 -0.000191
data -0.359922 0.256924 -1.057641 -0.090219 -0.183299 -0.000191
data -0.361067 0.256542 -1.057641 -0.089837 -0.183299 -0.000572
data -0.362211 0.256542 -1.057641 -0.088693 -0.183299 -0.000191
data -0.362211 0.256542 -1.057641 -0.088693 -0.183299 -0.000191
data -0.364119 0.255779 -1.057641 -0.088693 -0.183299 -0.000191
data -0.364500 0.255779 -1.057641 -0.087930 -0.183299 -0.000191
data -0.365644 0.255016 -1.057641 -0.087548 -0.183299 -0.000191
data -0.366026 0.255016 -1.057641 -0.087167 -0.183299 -0.000572
data -0.367170 0.254635 -1.057641 -0.086785 -0.183299 -0.000191
data -0.368315 0.254253 -1.057641 -0.086404 -0.183299 -0.000191
data -0.368315 0.254253 -1.057641 -0.086404 -0.183299 -0.000191
data -0.368315 0.254253 -1.057641 -0.086404 -0.183299 -0.000191
data -0.371367 0.253490 -1.057641 -0.085641 -0.183299 -0.000572
data -0.373274 0.253109 -1.057641 -0.084878 -0.183299 -0.000191
data -0.374037 0.253109 -1.057641 -0.084878 -0.183299 -0.000191
data -0.374800 0.252728 -1.057641 -0.084115 -0.182918 -0.000191
data -0.374800 0.252728 -1.057641 -0.084115 -0.182918 -0.000191
data -0.376707 0.252346 -1.057641 -0.083734 -0.182918 -0.000191
data -0.376707 0.252346 -1.057641 -0.083734 -0.182918 -0.000191
data -0.379377 0.251965 -1.057641 -0.082971 -0.182918 -0.000191
data -0.380140 0.251583 -1.057641 -0.082589 -0.182536 -0.000572
data -0.382429 0.251202 -1.057641 -0.082208 -0.182536 -0.000191
data -0.382429 0.251202 -1.057641 -0.082208 -0.182536 -0.000191
data -0.385099 0.250439 -1.057641 -0.081445 -0.182536 -0.000191
data -0.385099 0.250439 -1.057641 -0.081063 -0.182536 -0.000191
data -0.387770 0.250057 -1.057641 -0.081063 -0.182536 -0.000191
data -0.388914 0.249676 -1.057641 -0.080682 -0.182536 -0.000191
data -0.388914 0.249676 -1.057641 -0.080682 -0.182536 -0.000191
data -0.390821 0.248913 -1.057641 -0.080682 -0.182536 -0.000191
data -0.391584 0.248913 -1.057641 -0.080682 -0.182536 -0.000191
data -0.391584 0.248913 -1.057641 -0.080682 -0.182536 -0.000191
data -0.397688 0.248913 -1.057641 -0.080682 -0.182536 -0.000191
data -0.398451 0.246624 -1.057641 -0.080682 -0.182536 -0.000191
data -0.399595 0.246243 -1.057641 -0.080682 -0.182536 -0.000191
data -0.399595 0.246243 -1.057641 -0.080682 -0.182536 -0.000191
data -0.403028 0.246243 -1.057641 -0.080682 -0.182536 -0.000191
data -0.404173 0.245098 -1.057641 -0.081063 -0.182536 -0.000191
data -0.404936 0.244717 -1.057641 -0.081063 -0.182536 -0.000191
data -0.404936 0.244717 -1.057641 -0.081063 -0.182536 -0.000191
data -0.404936 0.244717 -1.057641 -0.081063 -0.182536 -0.000191
data -0.407989 0.244717 -1.057641 -0.081063 -0.182536 -0.000191
data -0.408370 0.243954 -1.057260 -0.081063 -0.182536 -0.000191
data -0.408370 0.243954 -1.057260 -0.081063 -0.182536 -0.000191
data -0.412185 0.242809 -1.057260 -0.081063 -0.182536 -0.000191
data -0.414474 0.242046 -1.057260 -0.081826 -0.182536 -0.000191
data -0.415999 0.241283 -1.057260 -0.081826 -0.182536 -0.000191
data -0.417525 0.240902 -1.057260 -0.081826 -0.182536 -0.000191
data -0.418670 0.240139 -1.057260 -0.081445 -0.182536 -0.000191
data -0.418670 0.240139 -1.057260 -0.081445 -0.182536 -0.000191
data -0.422484 0.240139 -1.057260 -0.081445 -0.182536 -0.000191
data -0.422484 0.240139 -1.057260 -0.081445 -0.182536 -0.000191
data -0.424010 0.238232 -1.057260 -0.081445 -0.182155 -0.000191
data -0.426299 0.237469 -1.056878 -0.081445 -0.182155 -0.000191
data -0.427444 0.237087 -1.056878 -0.081445 -0.182155 -0.000191
data -0.428588 0.236324 -1.056878 -0.081445 -0.182155 -0.000191
data -0.429732 0.235943 -1.056878 -0.081445 -0.182155 -0.000191
data -0.429732 0.235943 -1.056878 -0.081445 -0.182155 -0.000191
data -0.429732 0.235943 -1.056878 -0.081445 -0.182155 -0.000191
data -0.429732 0.235943 -1.056878 -0.081445 -0.182155 -0.000191
data -0.438125 0.232128 -1.056497 -0.081063 -0.181392 -0.000191
data -0.438125 0.232128 -1.056497 -0.081063 -0.181392 -0.000191
data -0.440795 0.230984 -1.056497 -0.081063 -0.181392 -0.000191
data -0.442702 0.230221 -1.056497 -0.081063 -0.181010 -0.000191
data -0.442702 0.230221 -1.056497 -0.081063 -0.181010 -0.000191
data -0.442702 0.230221 -1.056497 -0.081063 -0.181010 -0.000191
data -0.446136 0.228695 -1.056497 -0.081063 -0.181010 -0.000191
data -0.449187 0.227551 -1.056115 -0.081063 -0.181010 -0.000191
data -0.449187 0.227551 -1.056115 -0.081063 -0.181010 -0.000191
data -0.451476 0.226406 -1.056115 -0.081063 -0.180629 -0.000191
data -0.458724 0.223736 -1.055734 -0.080682 -0.180629 -0.000191
data -0.458724 0.222973 -1.055734 -0.081063 -0.180629 -0.000191
data -0.460250 0.222591 -1.055734 -0.081063 -0.180629 -0.000191
data -0.460250 0.222591 -1.055734 -0.081063 -0.180629 -0.000191
data -0.460250 0.222591 -1.055734 -0.081063 -0.180629 -0.000191
data -0.460250 0.222591 -1.055734 -0.081063 -0.180629 -0.000191
data -0.464446 0.220684 -1.055734 -0.081063 -0.180629 -0.000191
data -0.470169 0.218013 -1.055734 -0.081063 -0.180629 -0.000191
data -0.470169 0.218013 -1.055734 -0.081063 -0.180629 -0.000191
data -0.473984 0.216487 -1.055734 -0.081063 -0.180629 -0.000191
data -0.475510 0.215724 -1.055734 -0.081063 -0.180629 -0.000191
data -0.477036 0.215343 -1.055734 -0.081063 -0.180629 -0.000191
data -0.478943 0.214580 -1.055734 -0.081063 -0.180629 -0.000191
data -0.480850 0.213817 -1.055734 -0.081063 -0.180629 -0.000191
data -0.486191 0.211146 -1.055734 -0.080682 -0.181010 -0.000191
data -0.486191 0.211146 -1.055734 -0.080682 -0.181010 -0.000191
data -0.486191 0.211146 -1.055734 -0.080682 -0.181010 -0.000191
data -0.486191 0.211146 -1.055734 -0.080682 -0.181010 -0.000191
data -0.486191 0.211146 -1.055734 -0.080682 -0.181010 -0.000191
data -0.493820 0.208476 -1.055734 -0.080682 -0.180629 -0.000191
data -0.493820 0.208476 -1.055734 -0.080682 -0.180629 -0.000191
data -0.498779 0.208476 -1.055734 -0.080682 -0.180629 -0.000191
data -0.498779 0.205806 -1.055734 -0.080682 -0.180629 -0.000191
data -0.499924 0.205424 -1.055734 -0.080682 -0.180629 -0.000191
data -0.502975 0.204280 -1.055734 -0.080682 -0.180629 -0.000191
data -0.502975 0.204280 -1.055734 -0.080682 -0.180629 -0.000191
data -0.505646 0.203135 -1.055734 -0.080682 -0.180629 -0.000191
data -0.508316 0.202373 -1.055734 -0.080682 -0.180629 -0.000191
data -0.508316 0.202373 -1.055734 -0.080682 -0.180629 -0.000191
data -0.508316 0.202373 -1.055734 -0.080682 -0.180629 -0.000191
data -0.508316 0.202373 -1.055734 -0.080682 -0.180629 -0.000191
data -0.508316 0.202373 -1.055734 -0.080682 -0.180629 -0.000191
data -0.517853 0.198939 -1.055734 -0.080300 -0.181010 -0.000191
data -0.518997 0.198176 -1.055734 -0.080300 -0.181010 -0.000191
data -0.520905 0.197795 -1.055734 -0.080300 -0.181010 -0.000191
data -0.522812 0.197795 -1.055734 -0.080300 -0.181392 -0.000191
data -0.523575 0.196651 -1.055734 -0.079919 -0.181392 -0.000191
data -0.523575 0.196651 -1.055734 -0.079919 -0.181392 -0.000191
data -0.527390 0.196651 -1.055734 -0.079919 -0.181392 -0.000191
data -0.529297 0.194743 -1.055734 -0.079919 -0.181773 -0.000191
data -0.531587 0.193599 -1.055734 -0.079919 -0.181773 -0.000191
data -0.531587 0.193599 -1.055734 -0.079919 -0.181773 -0.000191
data -0.531587 0.193599 -1.055734 -0.079919 -0.181773 -0.000191
data -0.536546 0.192454 -1.055734 -0.079919 -0.181773 -0.000191
data -0.537309 0.192073 -1.055734 -0.079537 -0.182155 -0.000191
data -0.537309 0.192073 -1.055734 -0.079537 -0.182155 -0.000191
data -0.537309 0.192073 -1.055734 -0.079537 -0.182155 -0.000191
data -0.542649 0.190928 -1.055734 -0.079156 -0.182155 -0.000191
data -0.542649 0.190928 -1.055734 -0.079156 -0.182155 -0.000191
data -0.542649 0.190928 -1.055734 -0.079156 -0.182155 -0.000191
data -0.546845 0.189784 -1.055734 -0.078012 -0.182536 -0.000191
data -0.546845 0.189784 -1.055734 -0.078012 -0.182536 -0.000191
data -0.549134 0.189403 -1.055734 -0.077249 -0.182536 -0.000191
data -0.551042 0.189021 -1.055734 -0.076486 -0.182536 -0.000191
data -0.552186 0.189021 -1.055734 -0.076486 -0.182536 -0.000191
data -0.552949 0.188640 -1.055734 -0.076104 -0.182536 -0.000191
data -0.552949 0.188640 -1.055734 -0.076104 -0.182536 -0.000191
data -0.552949 0.188640 -1.055734 -0.076104 -0.182536 -0.000191
data -0.552949 0.188640 -1.055734 -0.076104 -0.182536 -0.000191
data -0.552949 0.188640 -1.055734 -0.076104 -0.182536 -0.000191
data -0.556382 0.188258 -1.055734 -0.074197 -0.182536 -0.000191
data -0.559434 0.188258 -1.055734 -0.074197 -0.182536 -0.000191
data -0.560197 0.187877 -1.055734 -0.072289 -0.182918 -0.000191
data -0.560197 0.187877 -1.055734 -0.072289 -0.182918 -0.000191
data -0.560197 0.187877 -1.055734 -0.072289 -0.182918 -0.000191
data -0.562486 0.187877 -1.055734 -0.069619 -0.182918 -0.000191
data -0.564393 0.187877 -1.055734 -0.067712 -0.183299 -0.000572
data -0.565156 0.187877 -1.055734 -0.066949 -0.183299 -0.000191
data -0.565919 0.187877 -1.055734 -0.066186 -0.183299 -0.000191
data -0.566682 0.187877 -1.055734 -0.066186 -0.183299 -0.000191
data -0.567445 0.187877 -1.055734 -0.066186 -0.183299 -0.000191
data -0.567826 0.187877 -1.055734 -0.063897 -0.183681 -0.000572
data -0.569734 0.188258 -1.055734 -0.063897 -0.183681 -0.000572
data -0.569734 0.188258 -1.055734 -0.063897 -0.183681 -0.000572
data -0.570115 0.188258 -1.055734 -0.060845 -0.184443 -0.000191
data -0.570878 0.188258 -1.055734 -0.059319 -0.184443 -0.000191
data -0.570878 0.188258 -1.055734 -0.059319 -0.184825 -0.000191
data -0.572022 0.188640 -1.055734 -0.057031 -0.185206 -0.000191
data -0.572785 0.189021 -1.055734 -0.055886 -0.185588 -0.000191
data -0.573167 0.189403 -1.055734 -0.054742 -0.185588 -0.000191
data -0.573930 0.189784 -1.055734 -0.052835 -0.186351 -0.000191
data -0.574311 0.190166 -1.055734 -0.052835 -0.186351 -0.000191
data -0.574311 0.190166 -1.055734 -0.051309 -0.186732 -0.000191
data -0.575074 0.190928 -1.055734 -0.049020 -0.186732 -0.000191
data -0.575456 0.190928 -1.055734 -0.049020 -0.187495 -0.000191
data -0.575837 0.191310 -1.055734 -0.047875 -0.188258 -0.000191
data -0.576219 0.191310 -1.055734 -0.047875 -0.188258 -0.000191
data -0.576219 0.192073 -1.055734 -0.046350 -0.189021 -0.000191
data -0.576219 0.192073 -1.055734 -0.046350 -0.189021 -0.000191
data -0.576982 0.193599 -1.055734 -0.041772 -0.191310 -0.000191
data -0.577363 0.195125 -1.055734 -0.039483 -0.194743 -0.000191
data -0.577363 0.195125 -1.055734 -0.039483 -0.194743 -0.000191
data -0.577744 0.196269 -1.055734 -0.036813 -0.197413 -0.000191
data -0.578126 0.196269 -1.055734 -0.036813 -0.197413 -0.000191
data -0.578126 0.197413 -1.055734 -0.034524 -0.199702 -0.000191
data -0.578126 0.197795 -1.055734 -0.034142 -0.200465 -0.000191
data -0.578126 0.198176 -1.055734 -0.032617 -0.201991 -0.000191
data -0.578126 0.198176 -1.055734 -0.032617 -0.201991 -0.000191
data -0.578126 0.199321 -1.055734 -0.030708 -0.204280 -0.000191
data -0.578126 0.199321 -1.055734 -0.030708 -0.204280 -0.000191
data -0.578126 0.199321 -1.055734 -0.030708 -0.204280 -0.000191
data -0.578126 0.201610 -1.055734 -0.030708 -0.204280 -0.000191
data -0.578126 0.202754 -1.055734 -0.025368 -0.209620 -0.000191
data -0.578126 0.203517 -1.055734 -0.025368 -0.209620 -0.000191
data -0.578126 0.203517 -1.055734 -0.024223 -0.210765 -0.000572
data -0.578126 0.204280 -1.055734 -0.022697 -0.212291 -0.000572
data -0.578126 0.205424 -1.056115 -0.022316 -0.212291 -0.000572
data -0.578126 0.205806 -1.056115 -0.020790 -0.214198 -0.000191
data -0.578126 0.207332 -1.056115 -0.019264 -0.216105 -0.000191
data -0.578126 0.207332 -1.056115 -0.019264 -0.216105 -0.000191
data -0.578126 0.207332 -1.056115 -0.019264 -0.216105 -0.000191
data -0.578126 0.210002 -1.056115 -0.016594 -0.219540 -0.000191
data -0.578126 0.210002 -1.056115 -0.016594 -0.219540 -0.000191
data -0.578126 0.211146 -1.056115 -0.015450 -0.221447 -0.000191
data -0.578126 0.211146 -1.056115 -0.015450 -0.221447 -0.000191
data -0.578126 0.212672 -1.056115 -0.013924 -0.223354 -0.000572
data -0.578126 0.212672 -1.056115 -0.013924 -0.223354 -0.000572
data -0.578126 0.212672 -1.056115 -0.013924 -0.223354 -0.000572
data -0.577744 0.214961 -1.056115 -0.012016 -0.227169 -0.000191
data -0.577744 0.214961 -1.056115 -0.012016 -0.227169 -0.000191
data -0.577744 0.214961 -1.056115 -0.012016 -0.227169 -0.000191
data -0.577744 0.214961 -1.056115 -0.012016 -0.227169 -0.000191
data -0.577744 0.217250 -1.056115 -0.010109 -0.229839 -0.000191
data -0.577744 0.217250 -1.056115 -0.010109 -0.229839 -0.000191
data -0.577744 0.219158 -1.056115 -0.008202 -0.234035 -0.000191
data -0.577363 0.219921 -1.056115 -0.007439 -0.235561 -0.000572
data -0.577363 0.220684 -1.056115 -0.007439 -0.235561 -0.000191
data -0.577363 0.220684 -1.056115 -0.007057 -0.236324 -0.000191
data -0.577363 0.221828 -1.056115 -0.005913 -0.237850 -0.000191
data -0.576982 0.222973 -1.056115 -0.004768 -0.239376 -0.000191
data -0.576982 0.223736 -1.056115 -0.004768 -0.239376 -0.000191
data -0.576600 0.224499 -1.056115 -0.003242 -0.240902 -0.000191
data -0.576600 0.224499 -1.056115 -0.003242 -0.240902 -0.000191
data -0.576219 0.226788 -1.056115 -0.000954 -0.243572 -0.000572
data -0.576219 0.226788 -1.056115 -0.000954 -0.243572 -0.000572
data -0.576219 0.226788 -1.056115 -0.000954 -0.243572 -0.000572
data -0.575456 0.229839 -1.056115 0.001717 -0.246624 -0.000191
data -0.575456 0.229839 -1.056115 0.001717 -0.246624 -0.000191
data -0.574693 0.232128 -1.056115 0.003624 -0.248531 -0.000191
data -0.574311 0.232891 -1.056115 0.004387 -0.250057 -0.000191
data -0.573930 0.234035 -1.056115 0.005150 -0.251583 -0.000191
data -0.573548 0.234798 -1.056115 0.005913 -0.252346 -0.000191
data -0.573548 0.234798 -1.056115 0.005913 -0.252346 -0.000191
data -0.572404 0.237469 -1.056115 0.007439 -0.255779 -0.000191
data -0.572404 0.238613 -1.056115 0.008202 -0.255779 -0.000191
data -0.572404 0.238613 -1.056115 0.008202 -0.255779 -0.000191
data -0.572404 0.238613 -1.056115 0.008202 -0.256542 -0.000191
data -0.571259 0.241283 -1.056115 0.009727 -0.259594 -0.000191
data -0.570878 0.242428 -1.056115 0.010109 -0.261120 -0.000191
data -0.570115 0.244717 -1.056115 0.010109 -0.261120 -0.000191
data -0.570115 0.244717 -1.056115 0.010490 -0.263409 -0.000191
data -0.569352 0.245861 -1.056115 0.010872 -0.264553 -0.000191
data -0.568971 0.247387 -1.056115 0.011253 -0.265697 -0.000191
data -0.568589 0.247387 -1.056115 0.011253 -0.265697 -0.000191
data -0.568208 0.248531 -1.056115 0.012016 -0.266842 -0.000572
data -0.567826 0.249294 -1.056115 0.012016 -0.266842 -0.000572
data -0.567826 0.249294 -1.056115 0.012016 -0.266842 -0.000572
data -0.566682 0.252346 -1.056115 0.013924 -0.269894 -0.000572
data -0.566300 0.253109 -1.056115 0.014305 -0.271038 -0.000191
data -0.566300 0.253109 -1.056115 0.014305 -0.271038 -0.000191
data -0.565156 0.255779 -1.056115 0.016212 -0.272182 -0.000191
data -0.565156 0.255779 -1.056115 0.016212 -0.272182 -0.000191
data -0.564775 0.257305 -1.056115 0.016975 -0.272945 -0.000191
data -0.563630 0.257305 -1.056115 0.016975 -0.272945 -0.000191
data -0.563630 0.260357 -1.056115 0.018883 -0.274853 -0.000191
data -0.563630 0.260357 -1.056115 0.018883 -0.274853 -0.000191
data -0.562867 0.262264 -1.056115 0.020027 -0.275997 -0.000191
data -0.562867 0.262264 -1.056115 0.020027 -0.275997 -0.000191
data -0.562867 0.262264 -1.056115 0.020027 -0.275997 -0.000191
data -0.560960 0.266842 -1.056115 0.024986 -0.280193 -0.000191
data -0.560197 0.268368 -1.056115 0.026131 -0.281339 -0.000191
data -0.559815 0.269131 -1.056115 0.026131 -0.281339 -0.000191
data -0.559815 0.269512 -1.056115 0.026894 -0.282102 -0.000191
data -0.559434 0.270657 -1.056115 0.028038 -0.283246 -0.000191
data -0.559434 0.270657 -1.056115 0.028038 -0.283246 -0.000191
data -0.559052 0.271801 -1.056115 0.028801 -0.284390 -0.000191
data -0.558671 0.272945 -1.056115 0.029564 -0.285535 -0.000191
data -0.558290 0.273708 -1.056115 0.029945 -0.286298 -0.000191
data -0.557908 0.274471 -1.056115 0.030327 -0.286298 -0.000191
data -0.557527 0.275234 -1.056115 0.030708 -0.287442 -0.000191
data -0.557527 0.276379 -1.056115 0.031472 -0.288205 -0.000191
data -0.557527 0.276379 -1.056115 0.031472 -0.288205 -0.000191
data -0.557527 0.276379 -1.056115 0.031472 -0.288205 -0.000191
data -0.556764 0.278286 -1.056115 0.032235 -0.290112 -0.000191
data -0.556001 0.278286 -1.056115 0.032235 -0.290112 -0.000191
data -0.555619 0.280193 -1.056115 0.032617 -0.290875 -0.000191
data -0.555619 0.280956 -1.056115 0.033380 -0.292020 -0.000191
data -0.555619 0.280956 -1.056115 0.033380 -0.292020 -0.000191
data -0.554856 0.282483 -1.056115 0.033380 -0.292020 -0.000191
data -0.554475 0.283246 -1.056115 0.034524 -0.293927 -0.000191
data -0.554093 0.284390 -1.056115 0.034524 -0.293927 -0.000191
data -0.553712 0.285153 -1.056115 0.036050 -0.295835 -0.000191
data -0.553330 0.285916 -1.056115 0.036431 -0.296216 -0.000191
data -0.553330 0.285916 -1.056115 0.036431 -0.296216 -0.000191
data -0.552949 0.287442 -1.056115 0.036813 -0.296979 -0.000191
data -0.552567 0.287824 -1.056115 0.036813 -0.297742 -0.000191
data -0.552186 0.288968 -1.056115 0.037194 -0.298123 -0.000191
data -0.551423 0.288968 -1.056115 0.037194 -0.298123 -0.000191
data -0.551423 0.290875 -1.056115 0.037957 -0.299268 -0.000191
data -0.551042 0.291638 -1.056115 0.038720 -0.299268 -0.000191
data -0.551042 0.292401 -1.056115 0.038720 -0.300412 -0.000191
data -0.550660 0.293164 -1.056115 0.039102 -0.300794 -0.000191
data -0.550279 0.293927 -1.056115 0.039483 -0.301175 -0.000191
data -0.549897 0.295072 -1.056115 0.039483 -0.301175 -0.000191
data -0.549516 0.295453 -1.056115 0.039865 -0.301938 -0.000191
data -0.549516 0.295453 -1.056115 0.039865 -0.301938 -0.000191
data -0.549134 0.296597 -1.056115 0.040627 -0.302701 -0.000191
data -0.548753 0.297360 -1.056115 0.041009 -0.303082 -0.000191
data -0.548371 0.298123 -1.056115 0.041772 -0.303845 -0.000572
data -0.547990 0.298886 -1.056115 0.042153 -0.304227 -0.000191
data -0.547608 0.299649 -1.056115 0.042916 -0.304990 -0.000191
data -0.547608 0.300412 -1.056115 0.043679 -0.305371 -0.000191
data -0.547227 0.300794 -1.056115 0.044061 -0.305753 -0.000191
data -0.547227 0.300794 -1.056115 0.044061 -0.305753 -0.000191
data -0.547227 0.300794 -1.056115 0.044061 -0.305753 -0.000191
data -0.546082 0.303464 -1.056115 0.044061 -0.305753 -0.000191
data -0.546082 0.303464 -1.056115 0.045587 -0.307660 -0.000191
data -0.545320 0.304608 -1.056115 0.046350 -0.308042 -0.000572
data -0.544938 0.305371 -1.056115 0.046731 -0.308805 -0.000191
data -0.544557 0.306134 -1.056115 0.046731 -0.308805 -0.000191
data -0.544557 0.306897 -1.056115 0.047875 -0.309567 -0.000191
data -0.543794 0.308423 -1.056115 0.048638 -0.310330 -0.000191
data -0.543794 0.308423 -1.056115 0.048638 -0.310330 -0.000191
data -0.543412 0.309567 -1.056115 0.049020 -0.310712 -0.000191
data -0.543031 0.310712 -1.056115 0.049783 -0.311475 -0.000191
data -0.542649 0.311475 -1.056115 0.050546 -0.311475 -0.000191
data -0.542268 0.311856 -1.056115 0.050927 -0.311856 -0.000572
data -0.541886 0.312619 -1.056115 0.050927 -0.312238 -0.000572
data -0.541505 0.313382 -1.056115 0.051690 -0.313001 -0.000572
data -0.541505 0.313382 -1.056115 0.051690 -0.313001 -0.000572
data -0.540742 0.314908 -1.056115 0.053216 -0.313001 -0.000572
data -0.540360 0.315671 -1.056115 0.053979 -0.314527 -0.000191
data -0.539979 0.316434 -1.056115 0.054360 -0.314908 -0.000191
data -0.539979 0.317197 -1.056115 0.054742 -0.315289 -0.000191
data -0.539598 0.317960 -1.056115 0.055123 -0.315671 -0.000191
data -0.539216 0.318723 -1.056115 0.055505 -0.315671 -0.000191
data -0.539216 0.318723 -1.056115 0.055505 -0.315671 -0.000191
data -0.538072 0.321012 -1.056115 0.055505 -0.315671 -0.000191
data -0.537690 0.321393 -1.056115 0.056268 -0.316434 -0.000191
data -0.537309 0.322537 -1.056115 0.057031 -0.317578 -0.000191
data -0.537309 0.323300 -1.056115 0.057412 -0.317578 -0.000191
data -0.536927 0.324445 -1.056115 0.057412 -0.317578 -0.000191
data -0.536546 0.325208 -1.056115 0.058175 -0.317960 -0.000191
data -0.536164 0.325971 -1.056115 0.058175 -0.317960 -0.000191
data -0.535401 0.327497 -1.056115 0.058557 -0.318341 -0.000191
data -0.535401 0.327497 -1.056115 0.058557 -0.318341 -0.000191
data -0.534638 0.327497 -1.056115 0.058557 -0.318341 -0.000191
data -0.534638 0.329022 -1.056115 0.058557 -0.318341 -0.000191
data -0.534638 0.329404 -1.056115 0.059319 -0.318723 -0.000191
data -0.533875 0.330930 -1.056115 0.060082 -0.319104 -0.000572
data -0.533494 0.331693 -1.056115 0.060845 -0.319104 -0.000572
data -0.533113 0.332456 -1.056115 0.061227 -0.319104 -0.000191
data -0.532731 0.333219 -1.056115 0.061608 -0.319104 -0.000191
data -0.532731 0.333219 -1.056115 0.061608 -0.319104 -0.000191
data -0.531968 0.334363 -1.056115 0.061990 -0.319486 -0.000191
data -0.531587 0.335507 -1.056115 0.062371 -0.319486 -0.000191
data -0.530823 0.336270 -1.056115 0.063134 -0.319486 -0.000191
data -0.530441 0.337415 -1.056115 0.063134 -0.319486 -0.000191
data -0.530441 0.337796 -1.056115 0.063516 -0.319486 -0.000191
data -0.530060 0.338941 -1.056115 0.063516 -0.319486 -0.000191
data -0.528915 0.338941 -1.056115 0.063516 -0.319486 -0.000191
data -0.528915 0.341229 -1.056115 0.063516 -0.319486 -0.000191
data -0.528534 0.341992 -1.056115 0.064660 -0.319486 -0.000191
data -0.528152 0.342755 -1.056115 0.065423 -0.319486 -0.000191
data -0.527390 0.343901 -1.056115 0.065423 -0.319486 -0.000191
data -0.527008 0.344282 -1.056115 0.066186 -0.319486 -0.000191
data -0.526627 0.345045 -1.056115 0.066567 -0.319486 -0.000191
data -0.525864 0.345808 -1.056115 0.066949 -0.319486 -0.000572
data -0.525101 0.345808 -1.056115 0.066949 -0.319486 -0.000572
data -0.525101 0.345808 -1.056115 0.066949 -0.319486 -0.000572
data -0.525101 0.345808 -1.056115 0.066949 -0.319486 -0.000572
data -0.523956 0.349241 -1.056115 0.069619 -0.319867 -0.000572
data -0.523575 0.350004 -1.056115 0.070382 -0.319867 -0.000191
data -0.522812 0.350767 -1.056115 0.070764 -0.320249 -0.000191
data -0.522430 0.351530 -1.056115 0.071527 -0.320249 -0.000191
data -0.522049 0.351530 -1.056115 0.071527 -0.320249 -0.000191
data -0.520905 0.353437 -1.056115 0.072671 -0.320249 -0.000191
data -0.520523 0.354963 -1.056115 0.073052 -0.320630 -0.000572
data -0.520142 0.356108 -1.056115 0.074197 -0.320630 -0.000572
data -0.519760 0.356871 -1.056115 0.074578 -0.320630 -0.000191
data -0.518997 0.358015 -1.056115 0.075341 -0.321012 -0.000191
data -0.518234 0.359159 -1.056115 0.075341 -0.321012 -0.000191
data -0.518234 0.359541 -1.056115 0.076486 -0.321012 -0.000191
data -0.517471 0.360685 -1.056115 0.076867 -0.321393 -0.000572
data -0.517471 0.360685 -1.056115 0.076867 -0.321393 -0.000572
data -0.516327 0.362211 -1.056115 0.076867 -0.321393 -0.000572
data -0.515945 0.362974 -1.056115 0.078774 -0.321774 -0.000191
data -0.515564 0.363737 -1.056497 0.079156 -0.322156 -0.000191
data -0.514801 0.364500 -1.056497 0.079919 -0.322537 -0.000191
data -0.514420 0.365263 -1.056497 0.080300 -0.322537 -0.000191
data -0.514038 0.366407 -1.056497 0.081063 -0.322537 -0.000191
data -0.513275 0.366407 -1.056497 0.081063 -0.322919 -0.000191
data -0.513275 0.366407 -1.056497 0.081063 -0.322919 -0.000191
data -0.511749 0.368696 -1.056497 0.082971 -0.323682 -0.000191
data -0.511368 0.370222 -1.056497 0.083734 -0.324063 -0.000191
data -0.510986 0.370985 -1.056497 0.084115 -0.324445 -0.000191
data -0.510223 0.371748 -1.056497 0.084496 -0.324445 -0.000191
data -0.509842 0.373274 -1.056497 0.084878 -0.324826 -0.000191
data -0.509079 0.374037 -1.056497 0.085259 -0.324826 -0.000191
data -0.508316 0.375944 -1.056497 0.085641 -0.324826 -0.000191
data -0.507935 0.376707 -1.056497 0.086022 -0.325589 -0.000191
data -0.507172 0.377470 -1.056497 0.086404 -0.325589 -0.000191
data -0.506790 0.378614 -1.056497 0.086404 -0.325971 -0.000191
data -0.506409 0.379377 -1.056497 0.086404 -0.325971 -0.000191
data -0.506027 0.380140 -1.056497 0.087167 -0.326352 -0.000191
data -0.505264 0.380140 -1.056497 0.087167 -0.326352 -0.000191
data -0.504883 0.382048 -1.056497 0.087930 -0.326734 -0.000572
data -0.504883 0.382048 -1.056497 0.087930 -0.326734 -0.000572
data -0.504883 0.382048 -1.056497 0.087930 -0.326734 -0.000191
data -0.502975 0.384718 -1.056497 0.088693 -0.327115 -0.000191
data -0.502594 0.385862 -1.056497 0.089074 -0.327115 -0.000191
data -0.502213 0.387388 -1.056497 0.089456 -0.327115 -0.000191
data -0.501831 0.388151 -1.056497 0.089456 -0.327497 -0.000191
data -0.501068 0.388151 -1.056497 0.089456 -0.327497 -0.000191
data -0.500305 0.390440 -1.056497 0.089837 -0.327497 -0.000191
data -0.499542 0.390440 -1.056497 0.089837 -0.327497 -0.000191
data -0.499542 0.392729 -1.056497 0.089837 -0.327497 -0.000191
data -0.498779 0.393492 -1.056497 0.090219 -0.327878 -0.000191
data -0.498398 0.394636 -1.056497 0.090600 -0.327878 -0.000191
data -0.498016 0.395781 -1.056497 0.090600 -0.327878 -0.000191
data -0.497635 0.396544 -1.056497 0.090600 -0.327878 -0.000191
data -0.496872 0.397688 -1.056497 0.090600 -0.327878 -0.000191
data -0.496490 0.398451 -1.056497 0.090981 -0.328259 -0.000191
data -0.496490 0.398451 -1.056497 0.090981 -0.328259 -0.000191
data -0.495346 0.400740 -1.056497 0.090981 -0.328259 -0.000191
data -0.494965 0.401884 -1.056497 0.091363 -0.328641 -0.000191
data -0.494583 0.403028 -1.056497 0.091363 -0.329022 -0.000191
data -0.493820 0.404173 -1.056497 0.091744 -0.329022 -0.000191
data -0.493820 0.404173 -1.056497 0.091744 -0.329022 -0.000191
data -0.493439 0.405317 -1.056497 0.091744 -0.329022 -0.000191
data -0.492294 0.407607 -1.056497 0.091744 -0.329785 -0.000191
data -0.491531 0.407607 -1.056497 0.091744 -0.329785 -0.000191
data -0.491150 0.410277 -1.056497 0.091363 -0.330167 -0.000191
data -0.490768 0.411040 -1.056497 0.091363 -0.330167 -0.000191
data -0.490387 0.412185 -1.056497 0.091363 -0.330548 -0.000191
data -0.490005 0.412948 -1.056497 0.091363 -0.330930 -0.000191
data -0.489243 0.414092 -1.056497 0.091363 -0.331311 -0.000191
data -0.488861 0.414092 -1.056497 0.091363 -0.331311 -0.000191
data -0.488861 0.414092 -1.056497 0.091363 -0.331311 -0.000191
data -0.488861 0.414092 -1.056497 0.091363 -0.331311 -0.000191
data -0.487335 0.417525 -1.056497 0.091744 -0.332837 -0.000191
data -0.486572 0.420196 -1.056497 0.091744 -0.333600 -0.000191
data -0.486191 0.420959 -1.056497 0.091744 -0.333600 -0.000191
data -0.485809 0.422103 -1.056497 0.091363 -0.334363 -0.000191
data -0.485428 0.423247 -1.056497 0.091363 -0.334363 -0.000191
data -0.485046 0.424010 -1.056497 0.091363 -0.335507 -0.000191
data -0.484665 0.425536 -1.056497 0.091363 -0.335889 -0.000191
data -0.484665 0.425536 -1.056497 0.091363 -0.335889 -0.000191
data -0.484665 0.425536 -1.056497 0.091363 -0.335889 -0.000191
data -0.483521 0.428588 -1.056497 0.091363 -0.336652 -0.000191
data -0.483139 0.429351 -1.056497 0.091363 -0.337796 -0.000191
data -0.482758 0.430495 -1.056497 0.090981 -0.338178 -0.000191
data -0.482376 0.431258 -1.056497 0.090981 -0.338559 -0.000191
data -0.481613 0.432403 -1.056497 0.091363 -0.338941 -0.000191
data -0.480850 0.432403 -1.056497 0.091363 -0.338941 -0.000191
data -0.480850 0.434310 -1.056497 0.091363 -0.338941 -0.000191
data -0.480469 0.435836 -1.056497 0.091363 -0.341229 -0.000191
data -0.479706 0.436980 -1.056497 0.091363 -0.341229 -0.000191
data -0.479706 0.437743 -1.056497 0.090981 -0.342374 -0.000191
data -0.479324 0.438888 -1.056497 0.090981 -0.343137 -0.000191
data -0.478943 0.439651 -1.056497 0.090981 -0.343518 -0.000191
data -0.478180 0.440795 -1.056497 0.090600 -0.344282 -0.000191
data -0.477417 0.440795 -1.056497 0.090600 -0.344282 -0.000191
data -0.477417 0.443084 -1.056497 0.090600 -0.345808 -0.000191
data -0.477036 0.443847 -1.056497 0.090219 -0.345808 -0.000191
data -0.476654 0.444610 -1.056497 0.090219 -0.347334 -0.000191
data -0.475891 0.445754 -1.056497 0.090219 -0.347334 -0.000191
data -0.475891 0.446517 -1.056497 0.090219 -0.349241 -0.000191
data -0.475128 0.447280 -1.056497 0.090219 -0.350004 -0.000191
data -0.474747 0.448043 -1.056497 0.090219 -0.351149 -0.000191
data -0.474747 0.448043 -1.056497 0.090219 -0.351149 -0.000191
data -0.474747 0.448043 -1.056497 0.090219 -0.351149 -0.000191
data -0.473602 0.450332 -1.056497 0.090219 -0.351149 -0.000191
data -0.473221 0.451476 -1.056497 0.090219 -0.355726 -0.000191
data -0.472839 0.452239 -1.056497 0.090219 -0.357252 -0.000191
data -0.472458 0.453002 -1.056497 0.089837 -0.358397 -0.000191
data -0.472076 0.453765 -1.056497 0.089837 -0.359541 -0.000191
data -0.471695 0.454146 -1.056497 0.089456 -0.360685 -0.000191
data -0.470932 0.454146 -1.056497 0.089456 -0.360685 -0.000191
data -0.470932 0.455672 -1.056497 0.089456 -0.363356 -0.000191
data -0.470551 0.456435 -1.056497 0.089074 -0.364119 -0.000191
data -0.470169 0.457198 -1.056497 0.088693 -0.366407 -0.000191
data -0.469788 0.457580 -1.056497 0.088693 -0.367552 -0.000191
data -0.469788 0.458343 -1.056497 0.088311 -0.368696 -0.000191
data -0.469406 0.458724 -1.056497 0.088311 -0.370222 -0.000191
data -0.469025 0.459105 -1.056497 0.087930 -0.371367 -0.000191
data -0.468261 0.459105 -1.056497 0.087930 -0.371367 -0.000191
data -0.468261 0.460250 -1.056497 0.087930 -0.374037 -0.000191
data -0.467879 0.460631 -1.056497 0.087548 -0.375944 -0.000191
data -0.467498 0.461013 -1.056497 0.087548 -0.375944 -0.000191
data -0.467498 0.461394 -1.056497 0.087548 -0.378233 -0.000191
data -0.467116 0.461394 -1.056497 0.087548 -0.378233 -0.000191
data -0.466735 0.462157 -1.056497 0.087548 -0.380140 -0.000191
data -0.466353 0.462920 -1.056497 0.087167 -0.382048 -0.000191
data -0.466353 0.462920 -1.056497 0.087167 -0.382048 -0.000191
data -0.465972 0.463683 -1.056497 0.086785 -0.382048 -0.000191
data -0.465590 0.464065 -1.056497 0.086785 -0.385099 -0.000191
data -0.465590 0.464446 -1.056497 0.086785 -0.386244 -0.000191
data -0.465590 0.465209 -1.056497 0.086404 -0.387007 -0.000191
data -0.465209 0.465209 -1.056497 0.086404 -0.387770 -0.000191
data -0.465209 0.465972 -1.056497 0.086404 -0.388533 -0.000572
data -0.464828 0.466735 -1.056497 0.086022 -0.390440 -0.000191
data -0.464828 0.467116 -1.056497 0.086022 -0.391203 -0.000191
data -0.464828 0.467498 -1.056497 0.086022 -0.391203 -0.000191
data -0.464446 0.467879 -1.056497 0.085641 -0.392729 -0.000191
data -0.464446 0.468642 -1.056497 0.085641 -0.392729 -0.000191
data -0.464446 0.469025 -1.056497 0.085641 -0.394255 -0.000191
data -0.464446 0.469406 -1.056497 0.085641 -0.395018 -0.000191
data -0.464446 0.469788 -1.056497 0.085259 -0.395781 -0.000191
data -0.464446 0.470551 -1.056497 0.085259 -0.396544 -0.000572
data -0.464446 0.470551 -1.056497 0.085259 -0.396544 -0.000572
data -0.464446 0.470551 -1.056497 0.085259 -0.396544 -0.000572
data -0.464446 0.471313 -1.056497 0.084878 -0.398451 -0.000191
data -0.464446 0.471695 -1.056497 0.084496 -0.398832 -0.000191
data -0.464446 0.472076 -1.056497 0.084496 -0.399595 -0.000191
data -0.464446 0.472458 -1.056497 0.084115 -0.400358 -0.000572
data -0.464446 0.472458 -1.056497 0.084115 -0.401121 -0.000191
data -0.464446 0.472458 -1.056497 0.084115 -0.401121 -0.000191
data -0.464446 0.473221 -1.056497 0.083734 -0.402266 -0.000191
data -0.464446 0.473602 -1.056497 0.083734 -0.402266 -0.000191
data -0.464446 0.473984 -1.056497 0.083352 -0.403791 -0.000191
data -0.464446 0.473984 -1.056497 0.083352 -0.404554 -0.000191
data -0.464446 0.474365 -1.056497 0.082971 -0.405317 -0.000191
data -0.464446 0.474365 -1.056497 0.082971 -0.405317 -0.000191
data -0.464446 0.474747 -1.056497 0.082589 -0.407226 -0.000572
data -0.464446 0.474747 -1.056497 0.082589 -0.407226 -0.000572
data -0.464446 0.475128 -1.056497 0.082589 -0.407226 -0.000572
data -0.464446 0.475128 -1.056497 0.082208 -0.407226 -0.000572
data -0.464446 0.475128 -1.056497 0.081826 -0.410277 -0.000191
data -0.464446 0.475128 -1.056497 0.081445 -0.410277 -0.000191
data -0.464446 0.475510 -1.056497 0.081445 -0.411803 -0.000191
data -0.464828 0.475510 -1.056497 0.081445 -0.412948 -0.000191
data -0.464828 0.475510 -1.056497 0.081063 -0.413711 -0.000572
data -0.464828 0.475891 -1.056497 0.080300 -0.415618 -0.000191
data -0.464828 0.475891 -1.056497 0.079919 -0.417144 -0.000572
data -0.464828 0.475891 -1.056497 0.079156 -0.417907 -0.000191
data -0.464828 0.475891 -1.056497 0.078774 -0.418670 -0.000191
data -0.464828 0.475891 -1.056497 0.078774 -0.419433 -0.000191
data -0.464828 0.476273 -1.056497 0.078774 -0.419433 -0.000191
data -0.464828 0.476273 -1.056497 0.078393 -0.420959 -0.000191
data -0.464828 0.476273 -1.056497 0.078393 -0.420959 -0.000191
data -0.464828 0.476273 -1.056497 0.078393 -0.420959 -0.000191
data -0.464828 0.476273 -1.056497 0.077630 -0.423629 -0.000191
data -0.464828 0.476273 -1.056497 0.077630 -0.424010 -0.000191
data -0.464828 0.476273 -1.056497 0.077630 -0.424010 -0.000191
data -0.464828 0.476273 -1.056497 0.077249 -0.424773 -0.000191
data -0.465209 0.476273 -1.056497 0.076867 -0.425536 -0.000191
data -0.465209 0.476273 -1.056497 0.076867 -0.425536 -0.000191
data -0.465209 0.476273 -1.056497 0.076867 -0.425536 -0.000191
data -0.465590 0.476273 -1.056497 0.076104 -0.427062 -0.000191
data -0.465590 0.475891 -1.056497 0.075723 -0.428206 -0.000191
data -0.465590 0.476273 -1.056497 0.075723 -0.428969 -0.000191
data -0.465972 0.476273 -1.056497 0.075341 -0.429351 -0.000572
data -0.465972 0.476273 -1.056497 0.075341 -0.429351 -0.000572
data -0.465972 0.476273 -1.056497 0.075341 -0.430114 -0.000191
data -0.466353 0.476273 -1.056497 0.075341 -0.430114 -0.000191
data -0.466353 0.476273 -1.056497 0.074960 -0.431258 -0.000191
data -0.466735 0.475891 -1.056497 0.074960 -0.431640 -0.000191
data -0.466735 0.475891 -1.056497 0.074578 -0.431640 -0.000191
data -0.466735 0.475891 -1.056497 0.074578 -0.431640 -0.000191
data -0.466735 0.475891 -1.056497 0.074578 -0.431640 -0.000191
data -0.467116 0.475891 -1.056497 0.074578 -0.432021 -0.000572
data -0.467116 0.475891 -1.056497 0.074578 -0.432021 -0.000572
data -0.467116 0.475891 -1.056497 0.074578 -0.432021 -0.000572
data -0.467116 0.475891 -1.056497 0.074578 -0.432021 -0.000572
data -0.467116 0.475891 -1.056497 0.074578 -0.432021 -0.000572
data -0.467116 0.475891 -1.056115 0.073434 -0.432403 -0.000191
data -0.467116 0.475891 -1.056115 0.073434 -0.432784 -0.000191
data -0.467116 0.475891 -1.056115 0.073434 -0.432784 -0.000191
data -0.467116 0.475891 -1.056115 0.073434 -0.432784 -0.000191
data -0.467116 0.475891 -1.056115 0.072289 -0.433166 -0.000191
data -0.467116 0.475891 -1.056115 0.072289 -0.433166 -0.000191
data -0.467498 0.475891 -1.056115 0.072289 -0.433166 -0.000191
data -0.467498 0.475891 -1.056115 0.071145 -0.433928 -0.000191
data -0.467498 0.475891 -1.056115 0.071145 -0.434310 -0.000191
data -0.467879 0.475891 -1.056115 0.071145 -0.434310 -0.000191
data -0.467879 0.475891 -1.056115 0.070382 -0.434691 -0.000191
data -0.467879 0.475891 -1.056115 0.069619 -0.434691 -0.000191
data -0.467879 0.475891 -1.056115 0.069619 -0.434691 -0.000191
data -0.468261 0.475891 -1.056115 0.069619 -0.434691 -0.000191
data -0.468642 0.475891 -1.056115 0.068093 -0.435454 -0.000191
data -0.469025 0.475891 -1.056115 0.068093 -0.435454 -0.000191
data -0.469025 0.475891 -1.056115 0.067330 -0.436217 -0.000191
data -0.469025 0.475891 -1.056115 0.066567 -0.436217 -0.000191
data -0.469025 0.475891 -1.056115 0.066567 -0.436217 -0.000191
data -0.469406 0.475891 -1.056115 0.066186 -0.436980 -0.000191
data -0.469788 0.475891 -1.056115 0.066186 -0.436980 -0.000191
data -0.469788 0.475891 -1.056115 0.064660 -0.437362 -0.000191
data -0.469788 0.475891 -1.056115 0.063897 -0.437743 -0.000191
data -0.469788 0.475891 -1.056115 0.063516 -0.438125 -0.000191
data -0.470169 0.475891 -1.056115 0.062753 -0.438506 -0.000191
data -0.470169 0.475891 -1.056115 0.061990 -0.438888 -0.000191
data -0.470551 0.475891 -1.056115 0.061227 -0.438888 -0.000191
data -0.470551 0.475891 -1.056115 0.060464 -0.439269 -0.000191
data -0.470932 0.475891 -1.056115 0.059319 -0.439651 -0.000191
data -0.470932 0.475891 -1.056115 0.058938 -0.439651 -0.000572
data -0.471313 0.475891 -1.056115 0.058557 -0.440032 -0.000572
data -0.471313 0.475891 -1.056115 0.058175 -0.440032 -0.000191
data -0.471313 0.475891 -1.056115 0.057412 -0.440032 -0.000191
data -0.471313 0.475891 -1.056115 0.057412 -0.440032 -0.000191
data -0.471695 0.475891 -1.056115 0.056649 -0.440032 -0.000572
data -0.471695 0.475891 -1.056115 0.056649 -0.440032 -0.000572
data -0.471695 0.475891 -1.056115 0.056649 -0.440032 -0.000572
data -0.472076 0.475891 -1.056115 0.055123 -0.440413 -0.000572
data -0.472076 0.475891 -1.056115 0.054360 -0.440413 -0.000572
data -0.472458 0.475891 -1.056115 0.053979 -0.440795 -0.000191
data -0.472458 0.475891 -1.056115 0.053597 -0.440795 -0.000572
data -0.472458 0.475891 -1.056115 0.053216 -0.440795 -0.000191
data -0.472839 0.475891 -1.056115 0.052835 -0.440795 -0.000191
data -0.472839 0.475891 -1.056115 0.052835 -0.440795 -0.000191
data -0.472839 0.475891 -1.056115 0.052835 -0.440795 -0.000191
data -0.473602 0.475891 -1.056115 0.052072 -0.441176 -0.000191
data -0.473602 0.475891 -1.056115 0.051690 -0.441176 -0.000191
data -0.473984 0.475891 -1.056115 0.051690 -0.441176 -0.000572
data -0.474365 0.475891 -1.056115 0.051690 -0.441176 -0.000572
data -0.474365 0.475891 -1.056115 0.051309 -0.441176 -0.000191
data -0.474365 0.475891 -1.056115 0.051309 -0.441176 -0.000572
data -0.474365 0.475891 -1.056115 0.051309 -0.441176 -0.000572
data -0.475128 0.475891 -1.056115 0.050927 -0.441176 -0.000572
data -0.475128 0.475891 -1.056115 0.050927 -0.441558 -0.000191
data -0.475510 0.475891 -1.056115 0.050927 -0.441558 -0.000191
data -0.475891 0.475891 -1.056115 0.050927 -0.441558 -0.000191
data -0.475891 0.475510 -1.056115 0.050546 -0.441558 -0.000191
data -0.476273 0.475891 -1.056115 0.050546 -0.441558 -0.000191
data -0.476273 0.475891 -1.056115 0.050546 -0.441558 -0.000191
data -0.476273 0.475891 -1.056115 0.050546 -0.441558 -0.000191
data -0.476654 0.475891 -1.056115 0.050546 -0.441558 -0.000191
data -0.477036 0.475891 -1.056115 0.050546 -0.441558 -0.000191
data -0.477417 0.475891 -1.056115 0.050546 -0.441558 -0.000191
data -0.477417 0.475891 -1.056115 0.050546 -0.441558 -0.000191
data -0.477798 0.475891 -1.056115 0.050164 -0.441558 -0.000191
data -0.477798 0.475891 -1.056115 0.050164 -0.441558 -0.000191
data -0.477798 0.475891 -1.056115 0.050164 -0.441558 -0.000191
data -0.478180 0.475891 -1.056115 0.050164 -0.441558 -0.000191
data -0.478180 0.475891 -1.056115 0.050164 -0.441558 -0.000191
data -0.478561 0.475891 -1.056115 0.049783 -0.441558 -0.000572
data -0.479324 0.475891 -1.056115 0.049783 -0.441558 -0.000572
data -0.479324 0.475891 -1.056115 0.049783 -0.441558 -0.000191
data -0.479706 0.475510 -1.056115 0.049783 -0.441558 -0.000191
data -0.480087 0.475891 -1.056115 0.049401 -0.441558 -0.000191
data -0.480087 0.475891 -1.056115 0.049401 -0.441558 -0.000191
data -0.480469 0.475891 -1.056115 0.049401 -0.441558 -0.000191
data -0.480850 0.475510 -1.056115 0.049401 -0.441558 -0.000191
data -0.481232 0.475510 -1.056115 0.049020 -0.441558 -0.000191
data -0.481232 0.475891 -1.056115 0.049020 -0.441558 -0.000191
data -0.481613 0.475891 -1.056115 0.049020 -0.441558 -0.000191
data -0.481613 0.475891 -1.056115 0.049020 -0.441558 -0.000191
data -0.482376 0.475891 -1.056115 0.049020 -0.441558 -0.000191
data -0.482376 0.475891 -1.056115 0.049020 -0.441558 -0.000191
data -0.482758 0.475891 -1.056115 0.048638 -0.441558 -0.000191
data -0.482758 0.475891 -1.056115 0.048638 -0.441558 -0.000572
data -0.483139 0.475891 -1.056115 0.048638 -0.441558 -0.000572
data -0.483521 0.475891 -1.056115 0.048638 -0.441558 -0.000191
data -0.483521 0.475891 -1.056115 0.048638 -0.441558 -0.000191
data -0.483902 0.475891 -1.056115 0.048257 -0.441558 -0.000191
data -0.484665 0.475891 -1.056115 0.048257 -0.441558 -0.000191
data -0.485046 0.475510 -1.056115 0.048257 -0.441558 -0.000191
data -0.485046 0.475510 -1.056115 0.048257 -0.441558 -0.000191
data -0.485428 0.475891 -1.056115 0.048257 -0.441558 -0.000191
data -0.485809 0.475510 -1.056115 0.048257 -0.441558 -0.000191
data -0.486191 0.475510 -1.056115 0.048257 -0.441558 -0.000191
data -0.486191 0.475891 -1.056115 0.047875 -0.441558 -0.000191
data -0.486954 0.475891 -1.056115 0.047875 -0.441558 -0.000191
data -0.486954 0.475510 -1.056115 0.047875 -0.441558 -0.000191
data -0.487335 0.475510 -1.056115 0.047875 -0.441558 -0.000191
data -0.487335 0.475510 -1.056115 0.047875 -0.441558 -0.000191
data -0.487717 0.475510 -1.056115 0.047494 -0.441558 -0.000191
data -0.488098 0.475510 -1.056115 0.047494 -0.441558 -0.000191
data -0.488480 0.475891 -1.056115 0.047494 -0.441558 -0.000191
data -0.488861 0.475510 -1.056115 0.047112 -0.441176 -0.000572
data -0.488861 0.475510 -1.056115 0.047112 -0.441176 -0.000572
data -0.488861 0.475510 -1.056115 0.047112 -0.441176 -0.000572
data -0.488861 0.475510 -1.056115 0.047112 -0.441176 -0.000572
data -0.489624 0.475510 -1.056115 0.046731 -0.441176 -0.000572
data -0.489624 0.475510 -1.056115 0.046731 -0.441558 -0.000191
data -0.490005 0.475891 -1.056115 0.046731 -0.441558 -0.000191
data -0.490387 0.475510 -1.056115 0.046731 -0.441558 -0.000191
data -0.490387 0.475510 -1.056115 0.045968 -0.441176 -0.000191
data -0.490387 0.475510 -1.056115 0.045968 -0.441176 -0.000191
data -0.491150 0.475510 -1.056115 0.045587 -0.441176 -0.000191
data -0.491531 0.475510 -1.056115 0.045205 -0.441176 -0.000191
data -0.491531 0.475510 -1.056115 0.045205 -0.441176 -0.000191
data -0.491531 0.475510 -1.056115 0.045205 -0.441176 -0.000191
data -0.492294 0.475510 -1.056115 0.044824 -0.441176 -0.000191
data -0.492294 0.475510 -1.056115 0.044442 -0.441176 -0.000191
data -0.493057 0.475510 -1.056115 0.044442 -0.441176 -0.000191
data -0.493057 0.475510 -1.055734 0.044061 -0.440795 -0.000191
data -0.493439 0.475510 -1.055734 0.044061 -0.440795 -0.000191
data -0.493820 0.475510 -1.055734 0.043679 -0.440795 -0.000191
data -0.493820 0.475510 -1.055734 0.043679 -0.440413 -0.000191
data -0.493820 0.475510 -1.055734 0.043679 -0.440413 -0.000191
data -0.494583 0.475510 -1.055734 0.042916 -0.440032 -0.000191
data -0.494583 0.475510 -1.055734 0.042916 -0.440032 -0.000191
data -0.495346 0.475510 -1.055734 0.042916 -0.440032 -0.000191
data -0.495346 0.475510 -1.055734 0.042153 -0.439651 -0.000191
data -0.495728 0.475510 -1.055734 0.041772 -0.439269 -0.000191
data -0.495728 0.475510 -1.055734 0.041772 -0.438888 -0.000572
data -0.496109 0.475510 -1.055734 0.041390 -0.438506 -0.000191
data -0.496109 0.475510 -1.055734 0.041390 -0.438125 -0.000191
data -0.496490 0.475510 -1.055734 0.041390 -0.437743 -0.000191
data -0.496490 0.475510 -1.055734 0.041390 -0.437743 -0.000191
data -0.497253 0.475510 -1.055734 0.040627 -0.436980 -0.000191
data -0.497253 0.475510 -1.055734 0.040627 -0.436980 -0.000191
data -0.497635 0.475510 -1.055734 0.040627 -0.436599 -0.000191
data -0.497635 0.475510 -1.055734 0.040246 -0.436217 -0.000191
data -0.498016 0.475510 -1.055734 0.039865 -0.435836 -0.000191
data -0.498016 0.475128 -1.055734 0.039483 -0.435454 -0.000191
data -0.498398 0.475128 -1.055734 0.039483 -0.435454 -0.000572
data -0.498398 0.475128 -1.055734 0.039102 -0.434310 -0.000191
data -0.498779 0.475128 -1.055734 0.039102 -0.434310 -0.000191
data -0.498779 0.475128 -1.055734 0.038720 -0.434310 -0.000191
data -0.499161 0.474747 -1.055734 0.038339 -0.433928 -0.000191
data -0.499161 0.474747 -1.055734 0.037957 -0.432403 -0.000191
data -0.499542 0.474747 -1.055734 0.037957 -0.432403 -0.000191
data -0.499542 0.474365 -1.055734 0.037576 -0.431640 -0.000191
data -0.499542 0.474365 -1.055734 0.037576 -0.431640 -0.000191
data -0.499924 0.473984 -1.055734 0.037576 -0.431640 -0.000191
data -0.500305 0.473984 -1.055734 0.037576 -0.430495 -0.000191
data -0.500305 0.473602 -1.055734 0.037576 -0.429351 -0.000191
data -0.500305 0.473602 -1.055734 0.037576 -0.428969 -0.000191
data -0.500687 0.473221 -1.055734 0.037576 -0.428588 -0.000191
data -0.500687 0.473221 -1.055734 0.037576 -0.427825 -0.000191
data -0.500687 0.473221 -1.055734 0.037576 -0.427444 -0.000191
data -0.500687 0.473221 -1.055734 0.037576 -0.427444 -0.000191
data -0.501068 0.472839 -1.055734 0.037576 -0.427444 -0.000191
data -0.501450 0.472458 -1.055734 0.037576 -0.426299 -0.000191
data -0.501450 0.472458 -1.055734 0.037957 -0.425155 -0.000572
data -0.501831 0.472458 -1.055734 0.037957 -0.425155 -0.000572
data -0.501831 0.471695 -1.055734 0.038339 -0.424010 -0.000191
data -0.502213 0.471695 -1.055734 0.038339 -0.424010 -0.000191
data -0.502213 0.471695 -1.055734 0.038339 -0.424010 -0.000191
data -0.502213 0.471695 -1.055734 0.038339 -0.422866 -0.000191
data -0.502213 0.471695 -1.055734 0.038339 -0.422866 -0.000191
data -0.502594 0.470551 -1.055734 0.039102 -0.420959 -0.000191
data -0.502594 0.470169 -1.055734 0.039483 -0.419433 -0.000191
data -0.502594 0.470169 -1.055734 0.039483 -0.419433 -0.000191
data -0.502975 0.470169 -1.055734 0.039483 -0.419433 -0.000191
data -0.502975 0.469788 -1.055734 0.039865 -0.417525 -0.000191
data -0.503357 0.469788 -1.055734 0.039865 -0.417525 -0.000191
data -0.503357 0.469406 -1.055734 0.039865 -0.415999 -0.000191
data -0.503738 0.469025 -1.055734 0.040246 -0.415236 -0.000191
data -0.503738 0.468642 -1.055734 0.040627 -0.414474 -0.000191
data -0.504120 0.468642 -1.055734 0.041009 -0.414474 -0.000191
data -0.504120 0.468261 -1.055734 0.041390 -0.413329 -0.000191
data -0.504120 0.468261 -1.055734 0.041772 -0.412566 -0.000191
data -0.504501 0.467498 -1.055734 0.041772 -0.412566 -0.000191
data -0.504501 0.467498 -1.055734 0.042535 -0.411040 -0.000191
data -0.504501 0.467116 -1.055734 0.042916 -0.410277 -0.000191
data -0.504501 0.466735 -1.055734 0.043298 -0.409514 -0.000191
data -0.504501 0.466735 -1.055734 0.043298 -0.409514 -0.000191
data -0.504883 0.465972 -1.055734 0.043679 -0.408751 -0.000191
data -0.504883 0.465972 -1.055734 0.043679 -0.408751 -0.000191
data -0.505264 0.465590 -1.055734 0.044442 -0.407607 -0.000191
data -0.505264 0.464828 -1.055734 0.045587 -0.406463 -0.000191
data -0.505264 0.464828 -1.055734 0.045587 -0.406463 -0.000191
data -0.505646 0.464446 -1.055734 0.045968 -0.406463 -0.000191
data -0.505646 0.464065 -1.055734 0.046731 -0.405699 -0.000191
data -0.505646 0.463683 -1.055734 0.047112 -0.404936 -0.000191
data -0.506027 0.463302 -1.055734 0.047494 -0.404554 -0.000191
data -0.506027 0.462920 -1.055734 0.048257 -0.404173 -0.000191
data -0.506409 0.462539 -1.055734 0.049020 -0.403410 -0.000191
data -0.506409 0.462539 -1.055734 0.049020 -0.403410 -0.000191
data -0.506409 0.461394 -1.055734 0.050546 -0.401884 -0.000572
data -0.506790 0.461013 -1.055734 0.051309 -0.401503 -0.000191
data -0.506790 0.460631 -1.055734 0.052072 -0.400740 -0.000191
data -0.506790 0.460631 -1.055734 0.052835 -0.399977 -0.000191
data -0.506790 0.459868 -1.055734 0.052835 -0.399977 -0.000191
data -0.506790 0.459487 -1.055734 0.054360 -0.398451 -0.000572
data -0.507172 0.459487 -1.055734 0.054360 -0.398451 -0.000572
data -0.507172 0.458724 -1.055734 0.055886 -0.397688 -0.000191
data -0.507172 0.458343 -1.055734 0.056649 -0.396544 -0.000191
